"BehaviorSpace results (NetLogo 7.0.3)","Table version 2.0"
"apple_3.1.0_submission.nlogox"
"full run"
"09/29/2026 14:15:48:266 +0100"
"min-pxcor","max-pxcor","min-pycor","max-pycor"
"-16","16","-16","16"
"[run number]","model-variant","p-outgroup","pop-size","decision-steepness","social-memory-size","time-series?","ticks-recorded","[step]","mean-risk-perception-final","mean-inference-final","mean-js-final","mean-min-js-final","mean-median-js-final","mean-max-js-final"
"4","1","0.01","200","15","10","false","500","2500","0.021143788261216868","0.011100312095245668","0.03230569242616621","0.003424509504014769","0.021972002976545474","0.07152056479793836"
"6","1","0.01","200","15","10","false","500","2500","0.021511983940653706","0.011142264490761474","0.107952902114552","0.04485556212114748","0.12028745364376699","0.15871569057874177"
"2","1","0.01","200","15","10","false","500","2500","0.022016468781028527","0.011085085598981696","0.15718645895514355","0.03351438236889917","0.17758823415726893","0.260456760339262"
"3","1","0.01","200","15","10","false","500","2500","0.021470038582003904","0.011002550762313218","0.05054422000873453","0.025497019468947703","0.03599224637347779","0.09014339418377791"
"5","1","0.01","200","15","10","false","500","2500","0.021556208366080673","0.011015758580549812","0.04248679287795347","0.010686151541017075","0.044741523974330684","0.07203270311851244"
"1","1","0.01","200","15","10","false","500","2500","0.0217558124385225","0.010832600307109449","0.11392192452694817","0.06081591855119603","0.1156357542866212","0.16531410074302733"
"2","1","0.01","200","15","10","false","500","3000","0.0215705276043274","0.010910631414678573","0.1207816095251586","0.026789055028794487","0.14615814676783045","0.1893976267788508"
"4","1","0.01","200","15","10","false","500","3000","0.020940337988024218","0.010980258763478664","0.05337728491217199","0.01999970945145347","0.029707770421667373","0.11042437486339496"
"6","1","0.01","200","15","10","false","500","3000","0.02140368727843113","0.011017415359963176","0.11270118452323444","0.042173656979621325","0.12760749074334268","0.16832240584673927"
"3","1","0.01","200","15","10","false","500","3000","0.021140420148188892","0.011296789831646881","0.06283009866763496","0.01188486842379744","0.06382474987433492","0.1127806777047724"
"5","1","0.01","200","15","10","false","500","3000","0.02129765016474671","0.010987674839317112","0.09876388192854549","0.025658757291242083","0.1030280008166407","0.16760488767775386"
"1","1","0.01","200","15","10","false","500","3000","0.02139462061989659","0.011354922623986899","0.09413837480228067","0.024877497560843023","0.09116707600549427","0.16637055084050476"
"7","1","0.01","200","15","10","false","500","2500","0.021739016484904686","0.011235008074492934","0.129055518920549","0.004461430536099359","0.17356711556055449","0.20913801066499335"
"8","1","0.01","200","15","10","false","500","2500","0.021518638657251756","0.011125499793276246","0.05750886074714664","0.017601103500566227","0.04594829832553165","0.10897718041534218"
"9","1","0.01","200","15","10","false","500","2500","0.021919507711520046","0.010839601382209569","0.061432283734630506","0.012471364354871024","0.022792208519472362","0.149033278329548"
"10","1","0.01","200","15","10","false","500","2500","0.02176872334439427","0.011235808241276474","0.08539944792018213","0.005305345349489124","0.02336566406634275","0.22752733434471412"
"11","1","0.01","200","15","10","false","500","2500","0.02115977437768105","0.011148977265303952","0.039999619379746096","0.013645496503572756","0.03309927204090858","0.07325408959475695"
"7","1","0.01","200","15","10","false","500","3000","0.021286395146284855","0.01104149976231561","0.0998259034547368","0.018500427164591927","0.09600278496650413","0.18497449823311438"
"8","1","0.01","200","15","10","false","500","3000","0.021143343422333174","0.010955625343190802","0.059060417490679834","0.018426008829408935","0.034470826534912756","0.12428441710771775"
"9","1","0.01","200","15","10","false","500","3000","0.021371894844569913","0.01113702997482938","0.09599331370473528","0.04624159665541103","0.07537159318679001","0.16636675127200468"
"10","1","0.01","200","15","10","false","500","3000","0.02155373515255705","0.011272456673645327","0.14981924313660713","0.08478959287519601","0.12006107835513923","0.24460705817948608"
"11","1","0.01","200","15","10","false","500","3000","0.021254188628751978","0.010972010100335248","0.06644080799610919","0.028507874292960155","0.05849873023797589","0.11231581945739151"
"12","1","0.01","200","15","10","false","500","2500","0.021478207615038488","0.011071900264506818","0.04521884336891574","0.004743355365710767","0.026666249114413957","0.10424692562662234"
"12","1","0.01","200","15","10","false","500","3000","0.021003352974645877","0.011258256811763045","0.019880493308123786","0.0077715213079971954","0.020206529524385387","0.03166342909198877"
"13","1","0.01","200","15","10","false","500","2500","0.021297229967273987","0.011223641060547677","0.03647883127826747","0.00607747740562025","0.015541171849993445","0.08781784457918866"
"14","1","0.01","200","15","10","false","500","2500","0.021876320241313228","0.010934533343719457","0.1489355193747048","0.041919482626686454","0.1771042747009071","0.2277828007965208"
"16","1","0.01","200","15","10","false","500","2500","0.022102732302391914","0.010697178385643132","0.10098803918767103","0.07405336711245455","0.09046693855885228","0.13844381189170632"
"15","1","0.01","200","15","10","false","500","2500","0.021046352083821787","0.010729172792037571","0.03953473851353963","0.008340219641930387","0.03946503360559114","0.0707989622930974"
"17","1","0.01","200","15","10","false","500","2500","0.02085629758337542","0.010874663040904451","0.04142191410612642","0.02123626614383839","0.040251472652210914","0.06277800352232993"
"13","1","0.01","200","15","10","false","500","3000","0.021324414341293268","0.011096997821818607","0.05797168137296374","0.006411513336195754","0.034434379529983815","0.1330691512527115"
"14","1","0.01","200","15","10","false","500","3000","0.021304603686103273","0.010948324761358054","0.10119299742514481","0.05418603156311146","0.09371369390922522","0.15567926680309763"
"16","1","0.01","200","15","10","false","500","3000","0.021554372324229482","0.011105528547324056","0.1282006212186119","0.07518086768115845","0.13491518148829346","0.17450581448638347"
"15","1","0.01","200","15","10","false","500","3000","0.02098046748235738","0.01099028663981904","0.035675040351687656","0.006279393761701101","0.026018768587783972","0.07472695870557804"
"17","1","0.01","200","15","10","false","500","3000","0.02070214799142445","0.010948525566385639","0.030305370218751047","0.014216751408336234","0.027813548670259303","0.04888581057765752"
"18","1","0.01","200","15","10","false","500","2500","0.022370898766400343","0.011186637253049503","0.025471032632349185","0.004893769602441479","0.015059474833323509","0.0564598534612826"
"18","1","0.01","200","15","10","false","500","3000","0.021963438543384464","0.011192381080690568","0.018985538836536656","0.009792516031705294","0.01621053484402404","0.03095356563388061"
"19","1","0.01","200","15","10","false","500","2500","0.021492896299813644","0.011270954568053803","0.05239789420518101","0.015646692616423027","0.05137290129734035","0.09017408870177929"
"20","1","0.01","200","15","10","false","500","2500","0.02174842680018397","0.011275976743463496","0.11646453204268435","0.05654038946061964","0.10349819027515539","0.1893550163922783"
"21","1","0.01","200","15","10","false","500","2500","0.021290642027237273","0.011192549163444964","0.05187596730744849","0.014374999261780026","0.025402720038862743","0.11585018262170259"
"22","1","0.01","200","15","10","false","500","2500","0.022070944084147986","0.010884100770218782","0.05479157594264563","0.00945286637708719","0.024276245045371108","0.13064561640547845"
"23","1","0.01","200","15","10","false","500","2500","0.021667373065443758","0.011101405489118617","0.06879600017009904","0.02829132616469559","0.0454583124237558","0.13263836192184575"
"19","1","0.01","200","15","10","false","500","3000","0.021277774002344537","0.011229978676481496","0.037478535647057394","0.015516233896305638","0.026911847341960424","0.07000752570290614"
"20","1","0.01","200","15","10","false","500","3000","0.021455820998059167","0.011356423179893079","0.12603112817665718","0.07840800870485586","0.11631796588851062","0.18336740993660516"
"21","1","0.01","200","15","10","false","500","3000","0.020986810302557047","0.011259437984965719","0.04275615369467759","0.00696773817051866","0.017763268657120145","0.10353745425639414"
"22","1","0.01","200","15","10","false","500","3000","0.021842441774796093","0.010960520148188456","0.07075535859635257","0.015086451552243887","0.03013421925608295","0.16704540498073092"
"23","1","0.01","200","15","10","false","500","3000","0.021362922108139646","0.01112789722538721","0.06449149584062125","0.022241575129307523","0.05737043106542637","0.11386248132712978"
"24","1","0.01","200","15","10","false","500","2500","0.021344631578043165","0.011135270535140152","0.09489315824603049","0.030934399056533803","0.04916618550245199","0.20457889017910613"
"24","1","0.01","200","15","10","false","500","3000","0.021031453355161513","0.011125499084550898","0.09768034743299102","0.02115988816525402","0.043396365501487046","0.22848478863223137"
"25","1","0.01","200","15","10","false","500","2500","0.021140147059495188","0.011097538415889476","0.06549335155482312","0.03148728411713027","0.06260590974026509","0.10238686080707411"
"26","1","0.01","200","15","10","false","500","2500","0.021564185313710016","0.011131857280695918","0.17327597105641251","0.13485893632513613","0.17123079032131908","0.21373818652278193"
"27","1","0.01","200","15","10","false","500","2500","0.021315848453462745","0.011186529205134065","0.03681252128006227","0.010923861881717168","0.035930963002751955","0.0635827389557178"
"28","1","0.01","200","15","10","false","500","2500","0.021453439771634077","0.010840020567945993","0.049429868807821666","0.028346377167988917","0.04201882296235247","0.07792440629312355"
"29","1","0.01","200","15","10","false","500","2500","0.02177468560641075","0.011287505177298748","0.02904511254217391","0.008930545594737835","0.025827749031008245","0.05237704300077578"
"25","1","0.01","200","15","10","false","500","3000","0.020833442091437452","0.011207436956410561","0.05912299347334079","0.041505280021207874","0.0552886580721697","0.0805750423266447"
"26","1","0.01","200","15","10","false","500","3000","0.02126219242162335","0.01096890629926821","0.18027962062890057","0.10847204987544298","0.18242174388149274","0.2499450681297665"
"27","1","0.01","200","15","10","false","500","3000","0.02111349793391277","0.011120301061573456","0.04413923417195156","0.024972876036408666","0.042390718973240475","0.06505410750620563"
"28","1","0.01","200","15","10","false","500","3000","0.021106702662627746","0.011085940504725172","0.0629253710245275","0.03946382488277259","0.0633857298082585","0.08592655838255153"
"29","1","0.01","200","15","10","false","500","3000","0.02130409740844148","0.010977728955815029","0.04403193874709917","0.013337509424221752","0.037778076420121785","0.08098023039695407"
"30","1","0.01","200","15","10","false","500","2500","0.02210903810633432","0.011113571230048521","0.15232440484620247","0.03349977284827603","0.16188919595704893","0.2615842457332822"
"30","1","0.01","200","15","10","false","500","3000","0.021796490713413087","0.011108970218404943","0.07161814375848817","0.009916940591679886","0.06297390747320737","0.14196358321057773"
"31","1","0.01","200","15","25","false","500","2500","0.021549938290246578","0.011254649902905476","0.10289684286927318","0.01174879562640319","0.0811555524647076","0.21578618051670875"
"32","1","0.01","200","15","25","false","500","2500","0.02130252899508425","0.011443213130579643","0.09369653974411894","0.027134948079497904","0.09532397149610425","0.1586306996567548"
"33","1","0.01","200","15","25","false","500","2500","0.021855656480811413","0.01113909908380732","0.08823631187029878","0.009869501611748393","0.11111419671477077","0.143725237284377"
"34","1","0.01","200","15","25","false","500","2500","0.021231488207299653","0.011383446615667456","0.02887222446775886","0.0101943983854375","0.02264820497379193","0.05377407004404709"
"35","1","0.01","200","15","25","false","500","2500","0.021968819950457137","0.011264066702888022","0.06828909899051971","0.025783248103246156","0.06490887847962712","0.11417517038868615"
"31","1","0.01","200","15","25","false","500","3000","0.021238233621989414","0.011237565341865647","0.08881799260725348","0.01774994644948075","0.06453960637401336","0.18416442499826666"
"32","1","0.01","200","15","25","false","500","3000","0.02128059539083802","0.011124421798789256","0.11620808227083179","0.018293137113362466","0.13976807765962468","0.19056303203950814"
"33","1","0.01","200","15","25","false","500","3000","0.021584566911823005","0.011252451123505107","0.05203944284486294","0.011049839428586304","0.05915755563910805","0.08591093346689443"
"34","1","0.01","200","15","25","false","500","3000","0.02112001925201857","0.010823535545872265","0.05479957965107674","0.006912466557830935","0.04208659603176454","0.11539967636363471"
"35","1","0.01","200","15","25","false","500","3000","0.021672504908127357","0.010856356981667196","0.06659478330296893","0.0255529978989871","0.0510393893091295","0.12319196270079015"
"36","1","0.01","200","15","25","false","500","2500","0.021765187739565678","0.011373359105138802","0.062347159127453214","0.009594906764160447","0.01946809456448102","0.15797847605371826"
"36","1","0.01","200","15","25","false","500","3000","0.021426600061379763","0.011100054592329309","0.05306650156964927","0.012126758002594348","0.025765982018099903","0.12130676468825381"
"37","1","0.01","200","15","25","false","500","2500","0.02031888940248229","0.011313519089783739","0.02060495697341281","0.010877410801724326","0.02051322651235316","0.030424233606160846"
"38","1","0.01","200","15","25","false","500","2500","0.02151600117335992","0.010832242180147908","0.03676371518347194","0.005138737856679813","0.03942802217841027","0.0657243855153258"
"39","1","0.01","200","15","25","false","500","2500","0.021769792470182712","0.01147564132213619","0.09090497759382608","0.021680443370711244","0.05151755450314259","0.19951693490762398"
"40","1","0.01","200","15","25","false","500","2500","0.02097254260849995","0.011115107985546218","0.016610028795001723","0.005535714050617529","0.013594818723305733","0.030699553611081943"
"41","1","0.01","200","15","25","false","500","2500","0.02197712933409404","0.011298098418918058","0.08169004566930149","0.026564875598036147","0.09550931918747636","0.12299594222239182"
"37","1","0.01","200","15","25","false","500","3000","0.020129825103700292","0.011359605261264378","0.047243959159488196","0.01904836255325993","0.029336092266136676","0.09334742265906786"
"38","1","0.01","200","15","25","false","500","3000","0.02131650612592689","0.011038347270419432","0.08595945022552785","0.018059554487828863","0.07839944677266898","0.16141934941608618"
"39","1","0.01","200","15","25","false","500","3000","0.021368754853066264","0.01096130950678638","0.0797492173744891","0.02969419276486354","0.07693154314470244","0.13262191621390118"
"40","1","0.01","200","15","25","false","500","3000","0.02082773685749399","0.01112699900439165","0.015135853718575714","0.006156604612466797","0.01099813826508272","0.028252818278177622"
"41","1","0.01","200","15","25","false","500","3000","0.021594510113214185","0.010814645254772947","0.0775963381520536","0.024165890710244296","0.07704475528913708","0.13157836845677934"
"42","1","0.01","200","15","25","false","500","2500","0.021648160354226013","0.011207714553260296","0.04802527456682903","0.009262211490288275","0.03496834798481286","0.09984526422538603"
"42","1","0.01","200","15","25","false","500","3000","0.021335534485620488","0.011058877550253607","0.051886556043725204","0.02817854407872998","0.0466433730821602","0.08083775097028532"
"43","1","0.01","200","15","25","false","500","2500","0.02159311842762266","0.011082123532897017","0.0951946061876926","0.015458474043321738","0.02585377979475019","0.24427156472500614"
"44","1","0.01","200","15","25","false","500","2500","0.021035060447987752","0.0108657383673941","0.058292769567710345","0.025380188807672954","0.04690641589091813","0.10259170400453989"
"45","1","0.01","200","15","25","false","500","2500","0.02117974373209681","0.011153273423261573","0.08217614271487413","0.03701315108187019","0.06619249601025427","0.14332278105249768"
"46","1","0.01","200","15","25","false","500","2500","0.02237538225913372","0.011241610021247034","0.04743980211189904","0.014552621981550103","0.0315995358011173","0.09616724855302973"
"43","1","0.01","200","15","25","false","500","3000","0.02128587912895494","0.011080525439830615","0.06915227698587101","0.004353462735221814","0.027464661067643333","0.1756387071547479"
"47","1","0.01","200","15","25","false","500","2500","0.021859496326281105","0.011044129951588677","0.1216555906407956","0.05577490372235465","0.1098928401254907","0.19929902807454178"
"44","1","0.01","200","15","25","false","500","3000","0.020989333912845562","0.011402077162068666","0.06992250559582867","0.038626310409857666","0.059855326720043865","0.11128587965758437"
"45","1","0.01","200","15","25","false","500","3000","0.02078552987459657","0.010924803790240528","0.037897188183256277","0.011097708571276127","0.026330295302133988","0.07626356067635859"
"46","1","0.01","200","15","25","false","500","3000","0.02190890869974515","0.011376127928040564","0.04713188814822341","0.02374822474853381","0.042771698816416105","0.07487574087972047"
"47","1","0.01","200","15","25","false","500","3000","0.02126084277750944","0.010936013358773276","0.0770532876905295","0.014303531405203747","0.05786806162135066","0.15898827004503427"
"48","1","0.01","200","15","25","false","500","2500","0.021766591704945073","0.01092943109409456","0.05725605843574009","0.02939255946449705","0.05463613792678572","0.08773947791593746"
"49","1","0.01","200","15","25","false","500","2500","0.021570075870765853","0.011144979718388901","0.06943560789879107","0.01870898613896299","0.06358409362598262","0.12601374393142756"
"48","1","0.01","200","15","25","false","500","3000","0.021422525062979078","0.011108726524710476","0.04740753347114","0.006351851958983162","0.02094501541040949","0.11492573304402745"
"50","1","0.01","200","15","25","false","500","2500","0.02134142269796489","0.011012557144648308","0.05608907391415332","0.015492605168324682","0.05435326345365946","0.09842135312047569"
"51","1","0.01","200","15","25","false","500","2500","0.02094341408323103","0.011057555428579894","0.06276029971483249","0.011060452012483044","0.061271555588072284","0.11594889154394207"
"49","1","0.01","200","15","25","false","500","3000","0.021150563539378102","0.01114580444115348","0.07812811087896895","0.011350800358975852","0.09540036816303041","0.12763316411490086"
"52","1","0.01","200","15","25","false","500","2500","0.02120322892995407","0.011149327408032069","0.06852335094702638","0.038950171988799395","0.07444314285453192","0.09217673799774767"
"53","1","0.01","200","15","25","false","500","2500","0.021080876361342555","0.011057954118860265","0.08800133297571497","0.011643772847190738","0.11302526826087651","0.13933495781907754"
"50","1","0.01","200","15","25","false","500","3000","0.02116594826504836","0.011175968265562861","0.03362883357333238","0.011739245791629117","0.027334744435123483","0.0618125104932445"
"51","1","0.01","200","15","25","false","500","3000","0.020558357304603037","0.011346367326123978","0.06692420059618145","0.037228184148640917","0.055076409638211574","0.10846800800169173"
"52","1","0.01","200","15","25","false","500","3000","0.021137289861869555","0.010846084942153613","0.07417457919570468","0.03503811421235778","0.0713221633062647","0.11616346006849153"
"53","1","0.01","200","15","25","false","500","3000","0.02088244575204771","0.010844962698552818","0.046585876318843304","0.013768311962171953","0.03221611105254378","0.09377320594181394"
"54","1","0.01","200","15","25","false","500","2500","0.021382943286844286","0.011241410480525757","0.09843048401273095","0.055840373516996465","0.08429015168889947","0.15516092683229707"
"55","1","0.01","200","15","25","false","500","2500","0.021933215075420624","0.01106231414849947","0.05055592470217993","0.01709732307297749","0.048078333162428544","0.08649211787113376"
"54","1","0.01","200","15","25","false","500","3000","0.021167307428086233","0.010940536848608861","0.08038394838746188","0.04070306364817631","0.08055394876101958","0.11989483275318998"
"57","1","0.01","200","15","25","false","500","2500","0.021279019346999085","0.011142513759969802","0.03938140397891806","0.010203211049421528","0.03563797900825424","0.0723030218790785"
"55","1","0.01","200","15","25","false","500","3000","0.021623443782235182","0.011080143640808551","0.06249848912914309","0.011666472817440775","0.07571549558495437","0.10011349898503415"
"56","1","0.01","200","15","25","false","500","2500","0.021868418523765497","0.01109874832367333","0.08019223847933452","0.010547456678633438","0.028008231099257107","0.20202102766011273"
"58","1","0.01","200","15","25","false","500","2500","0.02153133141935497","0.011467612094879898","0.14518647687945485","0.012676963464666957","0.055205924608694376","0.3676765425650034"
"59","1","0.01","200","15","25","false","500","2500","0.02142922997143387","0.011192870753639452","0.05509381528248655","0.02038263322843018","0.05794848294340087","0.08695032967562863"
"57","1","0.01","200","15","25","false","500","3000","0.020970856665398135","0.011347503186075327","0.02466326981809144","0.011454717459569967","0.02412365630867085","0.03841143568603353"
"56","1","0.01","200","15","25","false","500","3000","0.021531369519967095","0.011013778216176856","0.0766307683078136","0.011463939660522992","0.020083487693775246","0.19834487756914243"
"58","1","0.01","200","15","25","false","500","3000","0.02119204920859206","0.011229460136077793","0.14929218852793397","0.006080637024096683","0.016874652626175875","0.4249212759335284"
"59","1","0.01","200","15","25","false","500","3000","0.02120423791395039","0.010927074049204242","0.12086557758586008","0.07324103131768575","0.11954031966782541","0.16981538177206923"
"61","1","0.01","200","15","50","false","500","2500","0.020287889199386247","0.011238286551054563","0.0298503126182892","0.012514219525066348","0.02467259153375333","0.05236412679604792"
"60","1","0.01","200","15","25","false","500","2500","0.02145683879615988","0.010879267033270811","0.020191512752007357","0.005444688779521991","0.015473736722321213","0.03965611275417889"
"62","1","0.01","200","15","50","false","500","2500","0.021265461882205274","0.010774084249233798","0.08717044636141735","0.02380002288014364","0.041170599347421385","0.19654071685668653"
"63","1","0.01","200","15","50","false","500","2500","0.02159065389977818","0.011371222732097707","0.1493834975622488","0.09677032270554604","0.15083535258728273","0.20054481739391739"
"61","1","0.01","200","15","50","false","500","3000","0.020087602565368887","0.011343940359581391","0.0578959651689729","0.02712483534225536","0.050446396830342535","0.09611666333432087"
"64","1","0.01","200","15","50","false","500","2500","0.021641388008469625","0.010862891207678553","0.11191439610164344","0.08506971909215655","0.1105567871936539","0.14011668201912045"
"65","1","0.01","200","15","50","false","500","2500","0.02166727465482951","0.011142079567706189","0.07299959924595871","0.03733716632344614","0.061531478127285474","0.12013015328714463"
"60","1","0.01","200","15","25","false","500","3000","0.02129846234335192","0.011255509932327759","0.024933401898491626","0.00784118693139315","0.025283759744124633","0.041675259019957195"
"62","1","0.01","200","15","50","false","500","3000","0.020918415090285594","0.01064581874691475","0.0534752008348308","0.012490629905161636","0.044888138034429974","0.10304683456490095"
"63","1","0.01","200","15","50","false","500","3000","0.02131489556731741","0.011274742709162537","0.12279935172450768","0.05269882676811703","0.0959261187994892","0.2197731096059167"
"64","1","0.01","200","15","50","false","500","3000","0.021486556244076964","0.011254942250068541","0.11162547533385749","0.033579562398816334","0.07888361258653416","0.22241325101622234"
"65","1","0.01","200","15","50","false","500","3000","0.02153756627609648","0.011369218758185237","0.06764538784743113","0.04475174598701266","0.06260792420471825","0.09557649335056226"
"66","1","0.01","200","15","50","false","500","2500","0.021119430494024833","0.011045264662350927","0.0974938407404338","0.06363207491049247","0.09286245021451935","0.1359869970962896"
"68","1","0.01","200","15","50","false","500","2500","0.021583347610421064","0.011059118392722472","0.039079024991035015","0.01376454951356942","0.03931814334748449","0.06415438211205103"
"67","1","0.01","200","15","50","false","500","2500","0.02149339877774499","0.011297029351122345","0.051029829870522375","0.012349198661746854","0.042214036317339956","0.09852625463248017"
"66","1","0.01","200","15","50","false","500","3000","0.020849993458438052","0.011450202250702556","0.1154094836934041","0.0692309831512421","0.10413490571484112","0.17286256221412885"
"70","1","0.01","200","15","50","false","500","2500","0.02079235029466209","0.011381055449811038","0.10722015426361751","0.023991044662559774","0.07025396878762274","0.2274154493406704"
"69","1","0.01","200","15","50","false","500","2500","0.021510211797443467","0.011081354094276562","0.08982311775720365","0.07136427299078446","0.08514411310532168","0.11296096717550483"
"71","1","0.01","200","15","50","false","500","2500","0.02175567279377655","0.011475221069632207","0.030218417415791805","0.004707064988354271","0.030613315467192766","0.055334871791828354"
"68","1","0.01","200","15","50","false","500","3000","0.021446362515425466","0.011325714219390923","0.04024419427790958","0.016359366028793374","0.03965259042673939","0.06472062637819594"
"67","1","0.01","200","15","50","false","500","3000","0.02102287957001088","0.01136531795664612","0.015232438789899997","0.005390206449301106","0.012672145773465296","0.027634964146933543"
"70","1","0.01","200","15","50","false","500","3000","0.0207786257550138","0.011142162948262516","0.11486631003414063","0.03661093004721489","0.06440864950477239","0.24357935055043387"
"69","1","0.01","200","15","50","false","500","3000","0.021177254392579982","0.0112270761106951","0.07130309627993248","0.033612649739620325","0.0709877217267815","0.10930891737339558"
"71","1","0.01","200","15","50","false","500","3000","0.02141969517828085","0.010876845683249614","0.05402802170133297","0.013382358842659548","0.04985773098149957","0.09884397527983983"
"72","1","0.01","200","15","50","false","500","2500","0.021016800039405373","0.011262871002238044","0.10359677587514668","0.04039664885417935","0.06578100158982844","0.20461267718143258"
"73","1","0.01","200","15","50","false","500","2500","0.0213567568276317","0.011109449619991775","0.043038063608605466","0.011287142564045916","0.03264236007622204","0.0851846881855486"
"72","1","0.01","200","15","50","false","500","3000","0.02075899739845605","0.01104419987979895","0.07268112542945931","0.0087113386330539","0.07153227183221396","0.13779976582311"
"76","1","0.01","200","15","50","false","500","2500","0.021450798830014245","0.010834615437034087","0.08780716767402127","0.005300679926948354","0.09745330024884118","0.1606675228462746"
"74","1","0.01","200","15","50","false","500","2500","0.021309133800478382","0.011098667069816088","0.05521416962807661","0.0196039471366972","0.04467944788286807","0.1013591138646646"
"75","1","0.01","200","15","50","false","500","2500","0.02168115247274561","0.011401883198822219","0.05712034869141146","0.007178793147129501","0.02862116971696709","0.13556108321013774"
"77","1","0.01","200","15","50","false","500","2500","0.020575509544229154","0.011261301222055178","0.06792192179578818","0.014490709690619745","0.05537351377832346","0.13390154191842116"
"73","1","0.01","200","15","50","false","500","3000","0.021265213502964134","0.011044370846905523","0.05971058263132084","0.011215006895657718","0.043921523192428216","0.12399521780587656"
"76","1","0.01","200","15","50","false","500","3000","0.021023287462901885","0.010755588764781934","0.08195581472290801","0.013233228816021155","0.09015850759507167","0.14247570775763116"
"77","1","0.01","200","15","50","false","500","3000","0.020625104985363234","0.0110331497299932","0.06099368532300172","0.017817953648215","0.0605961101299134","0.10456699219087656"
"75","1","0.01","200","15","50","false","500","3000","0.021218876484798366","0.011161263145206142","0.04172742081123622","0.00802667332873612","0.016540412049478294","0.10061517705549423"
"74","1","0.01","200","15","50","false","500","3000","0.020850703559159613","0.011191274389533372","0.08353732581343358","0.037998470919964666","0.066368854798072","0.14624465172226422"
"78","1","0.01","200","15","50","false","500","2500","0.02152607167648697","0.011643833025126416","0.03763543911527361","0.016404050778255685","0.034573520143808566","0.06192874642375673"
"79","1","0.01","200","15","50","false","500","2500","0.021344338812287776","0.01127185480201842","0.09682404138744087","0.0757486607715831","0.09766360948182547","0.11705985390891425"
"78","1","0.01","200","15","50","false","500","3000","0.0212894821503299","0.01108052360024957","0.0775791669601689","0.015061199911922772","0.03184808174266457","0.18582821922591922"
"80","1","0.01","200","15","50","false","500","2500","0.020853211116774278","0.010774025616092689","0.04121358903855368","0.010177610319432404","0.04654046590769519","0.06692269088853359"
"81","1","0.01","200","15","50","false","500","2500","0.021047795801342827","0.011004635570234044","0.019247578619242565","0.005473819271734025","0.018369396933168997","0.033899519652824665"
"82","1","0.01","200","15","50","false","500","2500","0.021991239516028167","0.011190567222681316","0.05573330862561512","0.008048167805101734","0.024689562556922565","0.1344621955148211"
"83","1","0.01","200","15","50","false","500","2500","0.021505704906149406","0.011126046283292066","0.0923428819639535","0.05997090270544419","0.08436044926555207","0.13269729392086432"
"79","1","0.01","200","15","50","false","500","3000","0.021062373488490434","0.011088132315219422","0.07548811521267798","0.04836901589617346","0.07248320599295992","0.10561212374890024"
"80","1","0.01","200","15","50","false","500","3000","0.02060416708843423","0.011298059077759638","0.04508183676965766","0.01069811233890082","0.03215639100170718","0.09239100696836489"
"81","1","0.01","200","15","50","false","500","3000","0.020795473130172323","0.011185563880145938","0.032800439634462566","0.014221397016895737","0.032758024308960625","0.051421897577531336"
"82","1","0.01","200","15","50","false","500","3000","0.021440912070582175","0.010984510894729125","0.09226226484494163","0.023763456158571852","0.051671543863296004","0.2013517945129569"
"83","1","0.01","200","15","50","false","500","3000","0.021115781607066612","0.011432128191781033","0.11895576301874931","0.07456611717497966","0.10190483512768475","0.1803963367535833"
"84","1","0.01","200","15","50","false","500","2500","0.02161065018598135","0.011292015232991134","0.026585357235210657","0.004581616620248585","0.019002507173755196","0.05617194791162814"
"85","1","0.01","200","15","50","false","500","2500","0.021220830547880033","0.011112592625458051","0.026096827468837618","0.007191028925356565","0.017333014607540553","0.05376643887361577"
"84","1","0.01","200","15","50","false","500","3000","0.021275603767245285","0.011183337136525496","0.04542981823488804","0.010051050828355603","0.03895958681939313","0.08727881705691543"
"86","1","0.01","200","15","50","false","500","2500","0.0216156048292806","0.011121145984193363","0.06693852853439822","0.006922864306669625","0.03703676551892973","0.1568559557775951"
"87","1","0.01","200","15","50","false","500","2500","0.021963069631597547","0.011111100344709517","0.024964534420786864","0.007723629802672515","0.013311720238086673","0.053858253221601426"
"88","1","0.01","200","15","50","false","500","2500","0.021614758365322714","0.011270063082005224","0.013340140616422497","0.006146928727342155","0.011452056007870057","0.022421437114055264"
"85","1","0.01","200","15","50","false","500","3000","0.021226994369552204","0.011259448706965101","0.04550275936061851","0.021857430259129843","0.039610373149703955","0.07504047467302179"
"89","1","0.01","200","15","50","false","500","2500","0.022013758861869702","0.010871842686582242","0.07820656717753935","0.02865582322320016","0.04351577853588347","0.16244809977353458"
"86","1","0.01","200","15","50","false","500","3000","0.021301835549591266","0.011130612294913609","0.06348143712124212","0.008521067193251047","0.03748247480134423","0.14444076936913117"
"87","1","0.01","200","15","50","false","500","3000","0.021688807352532764","0.01115465411416992","0.04458171982719309","0.013432705251041952","0.044491669495013826","0.07582078473552376"
"88","1","0.01","200","15","50","false","500","3000","0.021385251552407725","0.010959098810780867","0.060041309101622475","0.028853578368700804","0.060287537615073224","0.09098281132109337"
"89","1","0.01","200","15","50","false","500","3000","0.021664004903405854","0.011151742625147308","0.08355009142630235","0.008680604985727185","0.061824289551170974","0.18014537974200895"
"90","1","0.01","200","15","50","false","500","2500","0.021719620638891043","0.011231478110074782","0.13090519220991093","0.06043273792936485","0.10595557941722057","0.22632725928314718"
"91","1","0.01","200","15","75","false","500","2500","0.021138094794470225","0.011272720074736304","0.12568218460280808","0.030981133548126292","0.07567599787540827","0.27038942238488994"
"90","1","0.01","200","15","50","false","500","3000","0.021377771247855358","0.011140268855014186","0.08104733629721558","0.03144377115818096","0.08432884765840196","0.12736939007506407"
"93","1","0.01","200","15","75","false","500","2500","0.02118028727441934","0.011051743483058514","0.05240115122047021","0.013247064158607462","0.050245915929319346","0.0937104735734839"
"92","1","0.01","200","15","75","false","500","2500","0.02181814006267294","0.01101680253729866","0.04579513223742397","0.010625337664947769","0.03208868262927596","0.09467137641804814"
"94","1","0.01","200","15","75","false","500","2500","0.021162511120323385","0.011093702132804","0.058820158553037016","0.017876446435546183","0.04859578531314718","0.1099882439104178"
"91","1","0.01","200","15","75","false","500","3000","0.02107194768530042","0.011702764917466772","0.08071852036372001","0.03486320735727748","0.07518374048787439","0.13210861324600787"
"93","1","0.01","200","15","75","false","500","3000","0.02089729290101719","0.011080214346000514","0.03770926557513997","0.0165138917106168","0.03342837817119999","0.06318552684360304"
"92","1","0.01","200","15","75","false","500","3000","0.021521065364555496","0.011118805069309186","0.018176922281700755","0.003980290247524636","0.017135130547290475","0.03341534605028718"
"95","1","0.01","200","15","75","false","500","2500","0.021453667753772436","0.01194644665035971","0.09163333615449236","0.014876326862769577","0.03397276368367917","0.22605091791702814"
"94","1","0.01","200","15","75","false","500","3000","0.021072370462826343","0.011406730228549718","0.06300078670080736","0.009078411480947804","0.07481696022352972","0.10510698839794463"
"95","1","0.01","200","15","75","false","500","3000","0.021136479672415307","0.011296720005712711","0.09812343876735402","0.005911815376607989","0.01630432876620718","0.27215417215924687"
"96","1","0.01","200","15","75","false","500","2500","0.02095404145252549","0.011571412380882412","0.06113256675780502","0.02402000300147852","0.051211645981199566","0.1081660512907367"
"96","1","0.01","200","15","75","false","500","3000","0.02103500616056008","0.011595686697657271","0.0873317469196042","0.024158952546724115","0.057758134101734894","0.1800781541103534"
"97","1","0.01","200","15","75","false","500","2500","0.02127010285295642","0.011265279044545568","0.039500465667057456","0.02345013448327562","0.03489985120032787","0.0601514113175687"
"98","1","0.01","200","15","75","false","500","2500","0.02136857650422323","0.011433576205080327","0.08026932110929717","0.052825291728356163","0.07510826409172322","0.11287440750781194"
"99","1","0.01","200","15","75","false","500","2500","0.021348023718694736","0.011436281598250731","0.10559588536799211","0.029918635185109316","0.06937823786432327","0.2174907830545432"
"100","1","0.01","200","15","75","false","500","2500","0.021467310931580934","0.011047430741092198","0.07769484780261669","0.02593453151322339","0.06882495894637747","0.13832505294824926"
"97","1","0.01","200","15","75","false","500","3000","0.021051379149213824","0.011258386493221093","0.048727745951997","0.015666192077148346","0.04460454248460921","0.0859125032942335"
"98","1","0.01","200","15","75","false","500","3000","0.021003640438127344","0.011548464837970396","0.05176195851370316","0.00707558400639379","0.036420428300227695","0.11178986323448815"
"99","1","0.01","200","15","75","false","500","3000","0.02095468850765035","0.011363102527209472","0.10599957437221053","0.07605292351406046","0.10340729722803381","0.13853850237453721"
"100","1","0.01","200","15","75","false","500","3000","0.02121235693661146","0.011401080660219115","0.10084084226911173","0.024288970137982903","0.07618706282166675","0.20204649384768555"
"101","1","0.01","200","15","75","false","500","2500","0.02130787170029894","0.011539944412295503","0.06599110278885209","0.0191436649320257","0.07017707575651796","0.10865256767801244"
"101","1","0.01","200","15","75","false","500","3000","0.021053033901130027","0.011402505755994344","0.032626346987053086","0.003023546563101056","0.01701516864618979","0.07784032575186832"
"102","1","0.01","200","15","75","false","500","2500","0.021036882342023923","0.011148423669798773","0.07833758456270702","0.040117922272018804","0.08450358417705782","0.11039124723904428"
"102","1","0.01","200","15","75","false","500","3000","0.020976989688664856","0.01122836457201405","0.15222246605392956","0.07014289795254056","0.11456223831923314","0.2719622618900154"
"103","1","0.01","200","15","75","false","500","2500","0.020826299877195552","0.011465757445153338","0.12265889615686339","0.02701767533025921","0.12041394180403639","0.22054507133629436"
"104","1","0.01","200","15","75","false","500","2500","0.02115969083719225","0.011420471638349356","0.0845092124485188","0.014653792919639865","0.07119126070822579","0.16768258371769065"
"105","1","0.01","200","15","75","false","500","2500","0.02152179795641838","0.010881141524085732","0.09072474230624641","0.02909316972102602","0.08489996364733671","0.15818109355037674"
"106","1","0.01","200","15","75","false","500","2500","0.021323142560020502","0.010900399491833109","0.034041321171447446","0.006949811545270578","0.03366210747469777","0.06151204449437409"
"103","1","0.01","200","15","75","false","500","3000","0.02059262909024411","0.011452910502867428","0.09388608380517754","0.028416190822379776","0.07936958000282358","0.17387248059032936"
"104","1","0.01","200","15","75","false","500","3000","0.020890110544841113","0.010993790045815558","0.08954730576459558","0.02772256279044395","0.09440690777902092","0.14651244672432182"
"105","1","0.01","200","15","75","false","500","3000","0.021149627033995862","0.011126257466790095","0.06319445117184777","0.030995980641520343","0.05427009665626627","0.10431727621775687"
"106","1","0.01","200","15","75","false","500","3000","0.021242204034336538","0.0119787347604819","0.04909764818900403","0.01899417913470736","0.04674569969728715","0.08155306573501751"
"107","1","0.01","200","15","75","false","500","2500","0.021463003253131486","0.011382258842795085","0.13533638294735195","0.09398507200966671","0.13966348491077665","0.17236059192161196"
"107","1","0.01","200","15","75","false","500","3000","0.021197297270860546","0.010979951228435968","0.09851686194538432","0.07530972829538703","0.09433395698448066","0.12590690055628517"
"108","1","0.01","200","15","75","false","500","2500","0.02097905859615903","0.011446260942959077","0.040434085851291296","0.020260287941324596","0.03452243270751363","0.06651953690503556"
"108","1","0.01","200","15","75","false","500","3000","0.02091573851207432","0.011652853949957794","0.0569736343795518","0.006815394084256173","0.062243628809642675","0.1018618802447566"
"109","1","0.01","200","15","75","false","500","2500","0.020395932334931307","0.011158345831427136","0.049511539006765845","0.012428130780455819","0.03874603934944218","0.09736044689039955"
"110","1","0.01","200","15","75","false","500","2500","0.021254810947331778","0.011478156308824875","0.08553192520874227","0.013903332383088803","0.02752714898173116","0.2151652942614074"
"111","1","0.01","200","15","75","false","500","2500","0.021390320381187707","0.011560564442768165","0.11983500783189988","0.08032794808632276","0.11798188752707071","0.16119518788230644"
"112","1","0.01","200","15","75","false","500","2500","0.020958095136459992","0.010757657078738613","0.08240825351916865","0.04934554671205038","0.07617819501811217","0.12170101882734335"
"109","1","0.01","200","15","75","false","500","3000","0.020492697580166322","0.010817415896054304","0.042555118314488605","0.028150907380525753","0.03980010059324464","0.059714346969695395"
"110","1","0.01","200","15","75","false","500","3000","0.021255539553599948","0.011860484015154162","0.0731570428081239","0.03497224799436136","0.05943799508868776","0.1250608853413225"
"111","1","0.01","200","15","75","false","500","3000","0.021120873428264866","0.011514838879619654","0.04753744549242848","0.02783491219771363","0.0448949563811098","0.06988246789846181"
"112","1","0.01","200","15","75","false","500","3000","0.020862582461079696","0.01090941686685353","0.10886492943576878","0.05940975846252493","0.10277223678460273","0.16441279306017853"
"113","1","0.01","200","15","75","false","500","2500","0.02107247937050425","0.011451715443724558","0.045224624190443895","0.007416415374641313","0.046358055720677034","0.08189940147601323"
"113","1","0.01","200","15","75","false","500","3000","0.020780521632934482","0.010844560110653078","0.03118051341748053","0.011180084634556884","0.0244572786134876","0.05790417700439704"
"114","1","0.01","200","15","75","false","500","2500","0.021336219217668966","0.011473244726056733","0.060639877790240715","0.03038919358084325","0.05896015836998412","0.092570281419895"
"114","1","0.01","200","15","75","false","500","3000","0.021102687285031993","0.01114079383545612","0.07889253187381091","0.02397001985906578","0.07771515449698949","0.13499242126537758"
"115","1","0.01","200","15","75","false","500","2500","0.02135559598610416","0.011566155735473564","0.05656232731310671","0.03327553312617199","0.05739325375768196","0.07901819505546624"
"116","1","0.01","200","15","75","false","500","2500","0.0212431334196324","0.011216088103213413","0.06199817735878813","0.02001369682681269","0.05705176868419732","0.10892906656535425"
"117","1","0.01","200","15","75","false","500","2500","0.021238278886085864","0.01128687828320703","0.0759197519585962","0.015788413193438534","0.08926635904607044","0.12270448363627987"
"118","1","0.01","200","15","75","false","500","2500","0.02208440615316501","0.010983864727834749","0.0991202313943646","0.0210718647099761","0.06152719130711464","0.21476163816600286"
"115","1","0.01","200","15","75","false","500","3000","0.021051862172177867","0.011704911938129657","0.1112082048999952","0.035540288431485524","0.11851518022907752","0.17956914603942298"
"116","1","0.01","200","15","75","false","500","3000","0.021156274774321502","0.011164355904025654","0.11089167074616638","0.033935306603838575","0.11597457417237016","0.18276513146229048"
"117","1","0.01","200","15","75","false","500","3000","0.021192064695254725","0.01117895942718633","0.07621666778364752","0.029281201795839137","0.0815806655076772","0.11778813604742645"
"118","1","0.01","200","15","75","false","500","3000","0.02190924403461932","0.011075984824819753","0.09699055681150501","0.0449049890615195","0.09565702371298918","0.15040965766000627"
"119","1","0.01","200","15","75","false","500","2500","0.02153395534444529","0.011387962410721934","0.038582245192987585","0.01701221031207527","0.03999952397706529","0.058735001289822134"
"120","1","0.01","200","15","75","false","500","2500","0.020294215469296106","0.01140121280102291","0.04713974359334161","0.019169240323931688","0.032708698098873654","0.08954129235721932"
"119","1","0.01","200","15","75","false","500","3000","0.02128935815670422","0.010833792628585224","0.05964161855722408","0.012636629359100858","0.051536789234722616","0.11475143707784852"
"120","1","0.01","200","15","75","false","500","3000","0.020288199620493434","0.01126694227498562","0.08102560577889602","0.025354594458009305","0.05759002495734009","0.160132197921339"
"121","1","0.01","200","15","90","false","500","2500","0.021515413972039488","0.012628041142415223","0.08848085282614596","0.04822159879464239","0.08252285123436139","0.1346981084494336"
"122","1","0.01","200","15","90","false","500","2500","0.021109499423744498","0.011901332447020019","0.04274935705864906","0.01925035651185574","0.03216042452782068","0.07683729013627072"
"123","1","0.01","200","15","90","false","500","2500","0.021724749263844153","0.011506365224482756","0.09477451717816622","0.04948305484234889","0.09779484721017949","0.13704564948197054"
"121","1","0.01","200","15","90","false","500","3000","0.021268634645245234","0.011336438497844693","0.12805887809966554","0.09073271937767098","0.10934915472880925","0.18409476019251608"
"124","1","0.01","200","15","90","false","500","2500","0.021561090088149746","0.011623221569866097","0.15526415702762067","0.04488440784263136","0.15694096675580876","0.26396709648442174"
"122","1","0.01","200","15","90","false","500","3000","0.020817319989766776","0.011454223300159902","0.02155323223458255","0.01295737475439354","0.017830142227168777","0.03387217972218535"
"123","1","0.01","200","15","90","false","500","3000","0.021510949139783794","0.011790773210739515","0.03147006614590956","0.013925765351535292","0.029220980109815196","0.05126345297637816"
"124","1","0.01","200","15","90","false","500","3000","0.021054394159455064","0.012486496372023316","0.17917379010520781","0.026404788778132085","0.23754736781511052","0.27356921372238135"
"125","1","0.01","200","15","90","false","500","2500","0.021024251974337667","0.011540215234103104","0.021508944874479966","0.007468284803916286","0.02001332087475329","0.037045228944770386"
"126","1","0.01","200","15","90","false","500","2500","0.021101424247115412","0.01188338347886843","0.09399279027382505","0.04803002238041182","0.08812606864436114","0.1458222797967021"
"125","1","0.01","200","15","90","false","500","3000","0.02109218142277251","0.011699635181298353","0.028887684891235742","0.016574706608900463","0.028880437173396913","0.04120791089140984"
"126","1","0.01","200","15","90","false","500","3000","0.02096893820615574","0.012617728972523628","0.06894775082526002","0.022502425872265266","0.06581223300420826","0.11852859359930629"
"127","1","0.01","200","15","90","false","500","2500","0.02144743244210228","0.011448701182118095","0.030865819860476477","0.016420079596021896","0.028586189567418808","0.04759119041798887"
"128","1","0.01","200","15","90","false","500","2500","0.020934467599827734","0.012537441322807295","0.08447582324312024","0.05130621610245077","0.08831467334043659","0.1138065802864734"
"129","1","0.01","200","15","90","false","500","2500","0.02101697080649924","0.012313461642995892","0.07443837932956433","0.01994211087590039","0.052768465620401245","0.15060456149239115"
"127","1","0.01","200","15","90","false","500","3000","0.02110854709825008","0.011330724203620248","0.05408767994877099","0.022004153096372544","0.05590637212179393","0.08435251462814658"
"130","1","0.01","200","15","90","false","500","2500","0.020910342639697637","0.011568482083739551","0.03141777286473068","0.004525684336520457","0.01963129338646698","0.07009634087120446"
"128","1","0.01","200","15","90","false","500","3000","0.020832175147560326","0.011247764727827639","0.08342158659942506","0.03322196934124422","0.08531502603671627","0.13172776442031464"
"129","1","0.01","200","15","90","false","500","3000","0.020853534133415116","0.011253671014378552","0.09624040300666882","0.02588250861022768","0.07468744995290105","0.18815125045687736"
"130","1","0.01","200","15","90","false","500","3000","0.02061956563922824","0.01167000904086638","0.030689368860045568","0.019935280764130984","0.028510975175095966","0.043621850640909836"
"132","1","0.01","200","15","90","false","500","2500","0.02179997859992958","0.012361174476062458","0.09771393381367362","0.017424982855755083","0.12532344856046732","0.15039337002479858"
"131","1","0.01","200","15","90","false","500","2500","0.020828776649231516","0.012194271213845528","0.10539881051535561","0.013602185554870664","0.08617950743505627","0.21641473855613996"
"132","1","0.01","200","15","90","false","500","3000","0.021479341897940665","0.012011955963094676","0.1175595390096479","0.04448769692845732","0.1335378702269366","0.17465304987355004"
"133","1","0.01","200","15","90","false","500","2500","0.021342630901018497","0.011795115808072514","0.07255287667642078","0.013050624174180434","0.030311505357053715","0.17429650049802808"
"134","1","0.01","200","15","90","false","500","2500","0.02118421507189334","0.012273697229508242","0.07453244937291484","0.012738950088217025","0.08328249432444336","0.127575903706084"
"131","1","0.01","200","15","90","false","500","3000","0.020597998702498434","0.011572767664643447","0.10192353135129992","0.011276899954974707","0.12505453511718767","0.16943915898173706"
"135","1","0.01","200","15","90","false","500","2500","0.02146463701004538","0.011968147789281422","0.047724226111937613","0.020409489123882386","0.04321320200418119","0.07954998720774953"
"133","1","0.01","200","15","90","false","500","3000","0.02098185701418883","0.011166970791381105","0.09296701092125352","0.0329428710194585","0.09129474385767297","0.15466341788662913"
"136","1","0.01","200","15","90","false","500","2500","0.021007066587570598","0.011703724379646162","0.09907048675052951","0.04171917311951529","0.09310270868571172","0.16238957844636118"
"134","1","0.01","200","15","90","false","500","3000","0.021104574678671724","0.012132813963440394","0.10709115568873429","0.07060509913819553","0.1052823725655649","0.14538599536244248"
"135","1","0.01","200","15","90","false","500","3000","0.021167238006393724","0.01091913138463834","0.07507377258884532","0.031051539506973765","0.06766432700653804","0.12650545125302426"
"136","1","0.01","200","15","90","false","500","3000","0.020632350250823647","0.012449388110027555","0.12962049817803456","0.08234224470516238","0.12700882682491427","0.17951042300402711"
"137","1","0.01","200","15","90","false","500","2500","0.021439082430023054","0.011721227006999341","0.12104210043417223","0.020034688997931257","0.06624392208684979","0.2768476902177358"
"137","1","0.01","200","15","90","false","500","3000","0.021185713499940598","0.011367948675450408","0.12608614364042714","0.022001112229173985","0.0648233923109692","0.2914339263811386"
"139","1","0.01","200","15","90","false","500","2500","0.020885720374992957","0.011737283350288627","0.07953536230515161","0.03666784561460811","0.06267177805221338","0.1392664632486333"
"138","1","0.01","200","15","90","false","500","2500","0.020309380913576973","0.012000410821192044","0.0631289917656838","0.019629506743714848","0.04819657582639087","0.12156089272694585"
"140","1","0.01","200","15","90","false","500","2500","0.02179097864668425","0.012176556318710764","0.023359301182590386","0.009055170640741952","0.019214778826681506","0.04180795408034761"
"141","1","0.01","200","15","90","false","500","2500","0.021009711771000885","0.012147379427604207","0.06523147176575275","0.029175163892442436","0.04676129326639542","0.11975795813842027"
"139","1","0.01","200","15","90","false","500","3000","0.020658317143988535","0.01146871337859763","0.06283335565797064","0.025284507399575287","0.050213091691824835","0.11300246788251184"
"138","1","0.01","200","15","90","false","500","3000","0.02029417082218348","0.011370393848256149","0.05030953133140785","0.005492071636092141","0.03439341362019943","0.1110431087379316"
"140","1","0.01","200","15","90","false","500","3000","0.021466679741803277","0.011715813372043141","0.08537284730807629","0.0379243402856899","0.08197469591627211","0.13621950572226657"
"142","1","0.01","200","15","90","false","500","2500","0.021699849996910228","0.011544340582912965","0.060626902280625145","0.029479151916834506","0.06244408331160799","0.0899574716134331"
"141","1","0.01","200","15","90","false","500","3000","0.020860071102691034","0.012052283633544422","0.04484726108563589","0.011855580003184246","0.04621514946781418","0.07647105378590918"
"142","1","0.01","200","15","90","false","500","3000","0.021510325038675213","0.011432259468882313","0.07115772041322228","0.039213950027119075","0.07320804030832881","0.10105117090421895"
"143","1","0.01","200","15","90","false","500","2500","0.020953286096158853","0.011031835462312104","0.06498619831582067","0.017995657445959684","0.057231108379889165","0.11973182912161313"
"143","1","0.01","200","15","90","false","500","3000","0.02082212877296076","0.011483555283402249","0.028432385467398843","0.0025785504632498037","0.008326400431455199","0.07439220550749148"
"144","1","0.01","200","15","90","false","500","2500","0.021193199350120966","0.012210690881925612","0.051453373781604764","0.016600726016400887","0.03499216763182846","0.10276722769658492"
"146","1","0.01","200","15","90","false","500","2500","0.02153814908763258","0.011836387428666408","0.04412243995249814","0.007303792265715761","0.023223167411654602","0.10184036018012409"
"147","1","0.01","200","15","90","false","500","2500","0.021316329095510865","0.012250666625099351","0.03487791041121492","0.007221873193979645","0.02224171598119437","0.07517014205847064"
"145","1","0.01","200","15","90","false","500","2500","0.021189938378087175","0.011580990407103113","0.07564821744051388","0.011836726886860481","0.043705871363143176","0.1714020540715377"
"144","1","0.01","200","15","90","false","500","3000","0.020988951002455177","0.012058554669603094","0.08573798320784112","0.024270356665650018","0.08178430861189069","0.15115928434598275"
"146","1","0.01","200","15","90","false","500","3000","0.02121956959839345","0.011132122315708598","0.10622539397877236","0.0220948519098858","0.0778104800255958","0.21877085000083615"
"148","1","0.01","200","15","90","false","500","2500","0.021716399779460865","0.01171577416568756","0.0708981143381449","0.025543550375730317","0.041662585834698604","0.14548820680400573"
"147","1","0.01","200","15","90","false","500","3000","0.020921261605063773","0.012606471066314674","0.012403912278193584","0.0055218546956416455","0.01141254814382563","0.020277333995113504"
"145","1","0.01","200","15","90","false","500","3000","0.021066058286121195","0.011183819421773","0.04259679393862972","0.00866236640920168","0.039239065077661464","0.07988895032902597"
"148","1","0.01","200","15","90","false","500","3000","0.021391271937231945","0.010764389648420978","0.10343027120147648","0.04087053912115949","0.10337118687560334","0.16604908760766665"
"149","1","0.01","200","15","90","false","500","2500","0.020805065216584446","0.011701102994737917","0.02655739778836966","0.013018000076430678","0.02561116265085291","0.04104303063782538"
"150","1","0.01","200","15","90","false","500","2500","0.021199146066837097","0.01135405057398914","0.0522478586768032","0.0063985289526527975","0.018804313779510494","0.13154073329824628"
"149","1","0.01","200","15","90","false","500","3000","0.020693143524293443","0.011488136743682044","0.045250400529370544","0.032735436738813864","0.04364671276934236","0.05936905207995536"
"150","1","0.01","200","15","90","false","500","3000","0.020946471299091097","0.011703896936682943","0.05286402434752099","0.011553054833996426","0.030069896558515958","0.11696912165005054"
"151","1","0.01","200","15","100","false","500","2500","0.0013563587596891534","0.008908712641177572","0.0708807933114208","0.04518298213673755","0.07056273005203981","0.09689666774548497"
"152","1","0.01","200","15","100","false","500","2500","0.0013759341962642985","0.010290794709632383","0.04682445617806355","0.005426650103680598","0.02045567708825669","0.11459104134225347"
"154","1","0.01","200","15","100","false","500","2500","0.0013411965686709899","0.012873871841807702","0.09562772931117974","0.016886047842801285","0.06428196666794238","0.20571517342279552"
"153","1","0.01","200","15","100","false","500","2500","0.001363820808799384","0.009729415541038785","0.06307563726596","0.03259383089614634","0.05830094619420462","0.09833213470752905"
"151","1","0.01","200","15","100","false","500","3000","0.0011353833813155395","0.010543697968697967","0.10828720542593462","0.054278969602395026","0.0950068163485055","0.17557583032690316"
"152","1","0.01","200","15","100","false","500","3000","0.0011401149509724842","0.009060353535353534","0.06849870044912601","0.028558767771179654","0.06301669201881677","0.11392064155738178"
"154","1","0.01","200","15","100","false","500","3000","0.001118390009601469","0.012698189310689306","0.12313552373876716","0.01883189283244441","0.10175610019680456","0.2488185781870526"
"153","1","0.01","200","15","100","false","500","3000","0.0011255873221503658","0.011246139971139966","0.07302967208532185","0.031519578231891804","0.07618910795146609","0.11138033007260774"
"155","1","0.01","200","15","100","false","500","2500","0.0014054423162366727","0.011814838468145078","0.05194684477011823","0.015656008252431873","0.034438236411341513","0.10574628964658109"
"156","1","0.01","200","15","100","false","500","2500","0.0014030244992556764","0.011674153056918582","0.0722374824427165","0.03739046994541214","0.06923892143474644","0.11008305594799077"
"155","1","0.01","200","15","100","false","500","3000","0.0011652229030083053","0.012246511821511815","0.09013401297767945","0.015031820629192333","0.05875360022666841","0.19661661807717745"
"156","1","0.01","200","15","100","false","500","3000","0.0011601561503729646","0.010144394494394492","0.10138795282126745","0.06420963917834706","0.09731332256027111","0.14264089672518407"
"158","1","0.01","200","15","100","false","500","2500","0.0013501360606684642","0.00916710576161056","0.0862466574265151","0.049717269690961186","0.07907822031833445","0.1299444822702501"
"157","1","0.01","200","15","100","false","500","2500","0.0013924166024820415","0.011674189204249317","0.04850306305993481","0.015542331354799502","0.047170982515399515","0.08279587530960537"
"159","1","0.01","200","15","100","false","500","2500","0.0014006537178195683","0.012424199047445536","0.10439226444130105","0.02542631507013497","0.0713481219016545","0.2164023563521135"
"158","1","0.01","200","15","100","false","500","3000","0.0011259843832858091","0.012783824508824508","0.08465433380610302","0.0336462308966381","0.08755198883665657","0.13276478168501457"
"157","1","0.01","200","15","100","false","500","3000","0.0011654467535101214","0.011925505050505044","0.034190944930940485","0.014688305052974613","0.026606574376164715","0.061277955363682135"
"160","1","0.01","200","15","100","false","500","2500","0.001392912178768794","0.011180644672628639","0.07192506345688475","0.005370405312606653","0.010665846844632298","0.19973893821341548"
"159","1","0.01","200","15","100","false","500","3000","0.001160756354249214","0.009945815295815296","0.09338008961330507","0.012645412443896414","0.08384704207109286","0.18364781432492608"
"161","1","0.01","200","15","100","false","500","2500","0.0014036771253084315","0.01099677710399153","0.04405297050313694","0.013364488722661362","0.04027125079396106","0.07852317199278844"
"162","1","0.01","200","15","100","false","500","2500","0.0013432619705381153","0.011699203157118986","0.07681940953987855","0.026241430850736363","0.05537827530434906","0.14883852246455065"
"160","1","0.01","200","15","100","false","500","3000","0.0011594863921092634","0.011621078921078914","0.07314480953010113","0.016485914201203825","0.0788488191497836","0.12409969523931602"
"161","1","0.01","200","15","100","false","500","3000","0.0011769079553177273","0.013092471417471413","0.06280359002505749","0.012593198884456923","0.052762140485927096","0.12305543070478858"
"162","1","0.01","200","15","100","false","500","3000","0.001118382385854064","0.01233651903651903","0.09927630452515113","0.05141344240639179","0.09124499643195008","0.15517047473711176"
"163","1","0.01","200","15","100","false","500","2500","0.0013618214039530629","0.010334370316835246","0.08589241079713605","0.061422253109392914","0.0861905287028886","0.11006445057912646"
"164","1","0.01","200","15","100","false","500","2500","0.0013875815481818852","0.012634034302370967","0.016057693467281912","0.005586060851184228","0.017076666974365245","0.025510352576296243"
"165","1","0.01","200","15","100","false","500","2500","0.001357214581246024","0.00769969008946965","0.1361881359805371","0.10020235077445652","0.14257989408929814","0.16578216307785634"
"163","1","0.01","200","15","100","false","500","3000","0.0011172437171477502","0.009877500277500275","0.05788590332944762","0.022613746101953283","0.047861932937052445","0.10318203094933702"
"164","1","0.01","200","15","100","false","500","3000","0.00114310805322864","0.010436976911976913","0.07793144830991519","0.01606412705485598","0.050863277563828656","0.16686694031106095"
"165","1","0.01","200","15","100","false","500","3000","0.0011301660396733602","0.010673556998556998","0.1308786921584459","0.09566508912565526","0.13200263155021005","0.16496835579947244"
"166","1","0.01","200","15","100","false","500","2500","0.001311278069329062","0.011287268176045728","0.05645518376911907","0.009685016948222536","0.022311026534013702","0.13736950782512103"
"168","1","0.01","200","15","100","false","500","2500","0.0013629515381926895","0.012640635361076239","0.045741405976184875","0.016125025907021695","0.04266877104791926","0.07843042097361361"
"167","1","0.01","200","15","100","false","500","2500","0.0013828592564812607","0.011020164426978054","0.05042119652787479","0.007200323789659857","0.04459341795118781","0.09946984784277679"
"168","1","0.01","200","15","100","false","500","3000","0.0011438881546251868","0.008797197247197248","0.0514723273874497","0.022092478186015556","0.04551534270003319","0.0868091612763004"
"166","1","0.01","200","15","100","false","500","3000","0.0010861573252572184","0.009938997113997108","0.07474525518663161","0.011462490539356338","0.0479046340179397","0.16486864100259907"
"167","1","0.01","200","15","100","false","500","3000","0.001142132273784202","0.011451959151959143","0.0432213548053942","0.009963903109145978","0.022941191195768512","0.09675897011126808"
"169","1","0.01","200","15","100","false","500","2500","0.0013208324934269463","0.011766064596725922","0.10091887144139165","0.012062302180169874","0.0778385780891908","0.21285573405481423"
"170","1","0.01","200","15","100","false","500","2500","0.0014023365959461571","0.010390778226449567","0.02443510874123332","0.005785947248001344","0.021593283747373793","0.04592609522832479"
"171","1","0.01","200","15","100","false","500","2500","0.0013783362774973096","0.010499520519560594","0.0693817087114772","0.028275114064461013","0.06659772746565218","0.11327228460431837"
"169","1","0.01","200","15","100","false","500","3000","0.0010929997293327857","0.01057825785325785","0.07992103005040671","0.04378594934784923","0.08170943906247968","0.11426770174089104"
"170","1","0.01","200","15","100","false","500","3000","0.0011713016092965098","0.012885425685425682","0.04345799655468709","0.014543386264708458","0.03867607667568523","0.07715452672366752"
"171","1","0.01","200","15","100","false","500","3000","0.0011479301890727986","0.01108391053391053","0.07045249273441816","0.009411778543225788","0.06835888270746844","0.1335868169525602"
"172","1","0.01","200","15","100","false","500","2500","0.0013830800951592425","0.012074893487719134","0.08723177651072075","0.0616884053767862","0.08420330599941053","0.11580361815596495"
"174","1","0.01","200","15","100","false","500","2500","0.0013787964359672218","0.010247707091394463","0.03205827428579008","0.01698966173323339","0.033079056293690616","0.046106104830446235"
"173","1","0.01","200","15","100","false","500","2500","0.001362881146826146","0.010732323232323227","0.1253571517957982","0.05953874821651061","0.13291729366985536","0.1836154135010287"
"172","1","0.01","200","15","100","false","500","3000","0.0011531479698617456","0.011393625818625816","0.059018580268935965","0.037277673003182486","0.05890899847849241","0.0808690693251329"
"174","1","0.01","200","15","100","false","500","3000","0.0011427324648224078","0.013640981240981235","0.03410407579317383","0.011155175011810152","0.03484878660820699","0.05630826575950435"
"173","1","0.01","200","15","100","false","500","3000","0.0011251063340537765","0.009531060606060602","0.075420277710387","0.021984553605209223","0.06071785925180684","0.14355842027414506"
"175","1","0.01","200","15","100","false","500","2500","0.0014029876131540053","0.010342955307885166","0.0866094300939866","0.04629122710867333","0.09455197886108228","0.11898508431220398"
"176","1","0.01","200","15","100","false","500","2500","0.0013692314581679511","0.00934208298937758","0.11832706234334534","0.04820421293961569","0.12111438460795605","0.18566258948246434"
"177","1","0.01","200","15","100","false","500","2500","0.0013839856901004075","0.008269591686425354","0.05649220940523667","0.010525680005971972","0.048360583652926774","0.11059036455681133"
"175","1","0.01","200","15","100","false","500","3000","0.0011695684792281877","0.010055332167832167","0.10203592648568198","0.02671388920877033","0.054438128130971083","0.2249557621173047"
"176","1","0.01","200","15","100","false","500","3000","0.001136300036075104","0.010480530580530575","0.12297573167563158","0.013357652493080173","0.14547980773065242","0.21008973480316245"
"177","1","0.01","200","15","100","false","500","3000","0.001147730285561055","0.012566486291486286","0.0656295048756744","0.03904632686890731","0.061360998823678306","0.0964811889344377"
"178","1","0.01","200","15","100","false","500","2500","0.0014227786051282027","0.012416499665998657","0.054307813586817376","0.014424001487732055","0.053226297499021066","0.0952731417736989"
"179","1","0.01","200","15","100","false","500","2500","0.0013462917376343524","0.012107993320418165","0.07738126175505056","0.029879569579195183","0.06583855745388036","0.13642565823207609"
"178","1","0.01","200","15","100","false","500","3000","0.0011791461374940175","0.011338636363636363","0.059030165845454965","0.03127982610786148","0.060898175230941105","0.08491249619756225"
"180","1","0.01","200","15","100","false","500","2500","0.0013588653877303983","0.011199816660738502","0.059634811557914134","0.03323230645193785","0.06450289639080746","0.08116923183099689"
"181","1","0.1","200","15","10","false","500","2500","0.20140964085701168","0.021275600601359607","0.06135557704045291","0.0273172989097353","0.059928192940775775","0.09682123927084778"
"179","1","0.01","200","15","100","false","500","3000","0.0011229756057426759","0.010691904337492572","0.11705779287044203","0.08548210232208081","0.10790650389136586","0.15778477239787925"
"182","1","0.1","200","15","10","false","500","2500","0.20093773441088894","0.021592827250940066","0.04632096033727993","0.01416764222405748","0.03814542224627165","0.08664981654151094"
"181","1","0.1","200","15","10","false","500","3000","0.201497311882621","0.02171437372723205","0.10144763389815735","0.03527334724529422","0.10944180022136327","0.15962775422781467"
"183","1","0.1","200","15","10","false","500","2500","0.20198464563409085","0.021586731353005234","0.057053278490333634","0.03260495997903338","0.05094681654740706","0.08760805894456054"
"182","1","0.1","200","15","10","false","500","3000","0.20021087015810796","0.021196619773147102","0.04539843164707781","0.014098697906463271","0.04465100983789375","0.07744558719687636"
"183","1","0.1","200","15","10","false","500","3000","0.20222201070885576","0.021114097441084664","0.06889000593139084","0.017248727361124854","0.05894006508988107","0.1304812253431662"
"180","1","0.01","200","15","100","false","500","3000","0.001122388240234161","0.013268795093795084","0.06530405556970897","0.04762680713049521","0.060575386274296456","0.08770997330433515"
"184","1","0.1","200","15","10","false","500","2500","0.19914352466456278","0.020885858307274126","0.038778647598457255","0.008755895601926068","0.017859777902094417","0.08972026929135145"
"185","1","0.1","200","15","10","false","500","2500","0.20291672543587083","0.02158836665197851","0.014088582210396898","0.004352432289653054","0.012707397229672453","0.02520591711186518"
"184","1","0.1","200","15","10","false","500","3000","0.19939508624173513","0.021113971849429435","0.10376597285370562","0.05666467863523898","0.10543983137234843","0.14919340855352944"
"186","1","0.1","200","15","10","false","500","2500","0.20200966345489194","0.021661113354247415","0.06698437355516772","0.036369923345912714","0.06747888364523194","0.09710431367435839"
"185","1","0.1","200","15","10","false","500","3000","0.20288824495684815","0.02140523601946065","0.03129613488562764","0.00803205898962049","0.03143833215034544","0.05441801351691695"
"187","1","0.1","200","15","10","false","500","2500","0.20127430150714454","0.021750016417159894","0.07796382076285933","0.038698619780189","0.061408933874018495","0.1337839086343703"
"188","1","0.1","200","15","10","false","500","2500","0.20103788570006267","0.02132192595992361","0.047912433089263254","0.020829265372889965","0.04708426291184213","0.07582377098305772"
"186","1","0.1","200","15","10","false","500","3000","0.2015013040451561","0.021203067917882016","0.02279498745492371","0.007676774526051806","0.02244251503770702","0.038265672801012195"
"187","1","0.1","200","15","10","false","500","3000","0.20162312438677424","0.021371472480631728","0.06009179881155288","0.02074274475397993","0.054896561357057415","0.10463609032362149"
"188","1","0.1","200","15","10","false","500","3000","0.20052637803403858","0.02093873620436242","0.05104454965750464","0.019926557730382377","0.03800188076391506","0.0952052104782165"
"189","1","0.1","200","15","10","false","500","2500","0.20017902185120726","0.02146793645184513","0.023001627026872504","0.0033373878059800347","0.015235294182315484","0.05043219909232194"
"189","1","0.1","200","15","10","false","500","3000","0.19992377002427936","0.021139575135397628","0.03906145159683497","0.00601079738010105","0.017572211359855032","0.09360134605054894"
"190","1","0.1","200","15","10","false","500","2500","0.201546264516251","0.021887238883705556","0.019206120656985327","0.00733650783549142","0.02009508439659974","0.030186769738864836"
"191","1","0.1","200","15","10","false","500","2500","0.20178057051571116","0.021362711658312328","0.020430728768298868","0.006726295494464282","0.016741245316836233","0.03782464549359605"
"190","1","0.1","200","15","10","false","500","3000","0.20163222565796118","0.021486594673826104","0.06750321376299258","0.0387618777691873","0.0705294257563419","0.09321833776344855"
"191","1","0.1","200","15","10","false","500","3000","0.20057288748639207","0.021210431395082274","0.017024964976851752","0.002072740350584336","0.016208160789761616","0.032793993790209315"
"192","1","0.1","200","15","10","false","500","2500","0.20148167566027286","0.021327889000463878","0.03958668218426136","0.00659838132038317","0.026165774866093033","0.08599589036630785"
"193","1","0.1","200","15","10","false","500","2500","0.20119805740343955","0.021521136402119192","0.03988439009728","0.011332168064147075","0.04139201244368139","0.06692898978401135"
"194","1","0.1","200","15","10","false","500","2500","0.2021235808236722","0.021888321049221417","0.027427625097059944","0.008128179324922557","0.020341269403196086","0.05381342656306106"
"192","1","0.1","200","15","10","false","500","3000","0.201587698083899","0.02171036773618843","0.04195264066510548","0.009941278025521335","0.03694943564410482","0.07896720832569025"
"193","1","0.1","200","15","10","false","500","3000","0.20098238907649854","0.02172105888134127","0.03711900226031849","0.012756956616512818","0.029846069569067567","0.06875398059537499"
"194","1","0.1","200","15","10","false","500","3000","0.20163057167311962","0.021519237934887945","0.0315052078202405","0.005452179983838284","0.02683335045823896","0.06223009301864431"
"195","1","0.1","200","15","10","false","500","2500","0.20022806265165005","0.021215869855521752","0.04705239452158862","0.009940211970347765","0.021297659613638286","0.10991931198077987"
"196","1","0.1","200","15","10","false","500","2500","0.20028899242777648","0.021409561213774304","0.017574922241907768","0.005481150137891523","0.011188661279992308","0.036054955307839406"
"197","1","0.1","200","15","10","false","500","2500","0.19899117463261157","0.021045478538977112","0.06440325702107191","0.028338434552966967","0.04493606968912212","0.11993526682112646"
"195","1","0.1","200","15","10","false","500","3000","0.20021577884062008","0.021271336219085016","0.06266878253690882","0.020952630383508287","0.047244726353452775","0.11980899087376545"
"196","1","0.1","200","15","10","false","500","3000","0.2007298478577274","0.02121689311313038","0.023584321341786434","0.004284952713885575","0.011894143103588186","0.054573868207885574"
"197","1","0.1","200","15","10","false","500","3000","0.19903266202469358","0.020796543670144444","0.0306280733899822","0.008503225412966215","0.028244108478710426","0.05513688627827003"
"198","1","0.1","200","15","10","false","500","2500","0.20091234160216281","0.021556315809563634","0.03689143045043114","0.0037291651508958566","0.016546327706648423","0.09039879849374904"
"199","1","0.1","200","15","10","false","500","2500","0.20170963728335","0.021850224038354574","0.03961232816922149","0.017539992452316466","0.04224270592801879","0.059054286127329214"
"200","1","0.1","200","15","10","false","500","2500","0.2011118062897443","0.021655160450288057","0.03880897076768434","0.02122561991554012","0.03819986120082425","0.05700143118668861"
"198","1","0.1","200","15","10","false","500","3000","0.2006442042422236","0.02124611542918571","0.059853425805504665","0.009645928354645034","0.04744924934612397","0.122465099715745"
"199","1","0.1","200","15","10","false","500","3000","0.2009170247565735","0.02125925621805211","0.03024404052878722","0.00656491289937195","0.03213859074291826","0.05202861794407137"
"200","1","0.1","200","15","10","false","500","3000","0.2002618018984438","0.02145411017509562","0.02346185412043132","0.004670815170717085","0.024959578626291785","0.04075516856428512"
"202","1","0.1","200","15","10","false","500","2500","0.20289505988925385","0.021597015793388723","0.03852988561282894","0.016868563220634326","0.03428667095894643","0.06443442265890595"
"203","1","0.1","200","15","10","false","500","2500","0.1997864768302604","0.021616877906163123","0.09477968450303019","0.053853153897737226","0.08307881333718962","0.14740708627416366"
"201","1","0.1","200","15","10","false","500","2500","0.20103569824998568","0.02153111025932599","0.09425714360108546","0.02270772569686085","0.061640296511770915","0.1984234085946246"
"202","1","0.1","200","15","10","false","500","3000","0.20230943252372063","0.02135890621666847","0.038099954339265676","0.012366747121669132","0.04126647001833206","0.06066664587779574"
"203","1","0.1","200","15","10","false","500","3000","0.20056237328583934","0.02111576814129304","0.0860161499241173","0.032367850474759624","0.07880959151537774","0.1468710077822146"
"204","1","0.1","200","15","10","false","500","2500","0.20154008898166448","0.021433693036966527","0.07045770606121088","0.016238161728462035","0.05068810281437106","0.1444468536407997"
"201","1","0.1","200","15","10","false","500","3000","0.20032211026744898","0.021291012300245396","0.15815808897204076","0.04720272805558584","0.13036539110376177","0.29690614775677426"
"205","1","0.1","200","15","10","false","500","2500","0.2014769843298176","0.021458645457931174","0.04130980277817061","0.008582789588661424","0.029318589386273616","0.08602802935957671"
"206","1","0.1","200","15","10","false","500","2500","0.20142721787294338","0.021237039039146862","0.059549800585468035","0.011493425794154332","0.06152343083534829","0.10563254512690141"
"204","1","0.1","200","15","10","false","500","3000","0.2008582775591574","0.021081308265190366","0.07321401623343672","0.014555514784116694","0.061800517370640635","0.14328601654555284"
"205","1","0.1","200","15","10","false","500","3000","0.20111369165192405","0.021430317241120902","0.03458367804774012","0.01629659183348281","0.029168689665988432","0.058285752643749"
"206","1","0.1","200","15","10","false","500","3000","0.20111958603201638","0.021223649583257297","0.06711666854828664","0.0076752105727287","0.059215266679131316","0.13445952839299996"
"207","1","0.1","200","15","10","false","500","2500","0.20179957728919024","0.021297530122312832","0.06543356102643876","0.030930185313932722","0.051835072359342343","0.11353542540604117"
"208","1","0.1","200","15","10","false","500","2500","0.20252097594477406","0.021369541417453765","0.06736629376561402","0.045658597741824195","0.06776405835487267","0.08867622520014533"
"207","1","0.1","200","15","10","false","500","3000","0.20132271499354126","0.021205799167772665","0.0710419558994664","0.03511775358403585","0.07114265814893948","0.1068654559654239"
"208","1","0.1","200","15","10","false","500","3000","0.20199442086980468","0.02161394180574176","0.049991607913737114","0.027334342814408087","0.04359858698243911","0.0790418939443642"
"210","1","0.1","200","15","10","false","500","2500","0.20100151053031395","0.021275778431321658","0.052573800159247244","0.0167120595866683","0.043646497670878276","0.09736284322019488"
"209","1","0.1","200","15","10","false","500","2500","0.20047825164590477","0.021146606247072503","0.03570890500758835","0.005887991361003294","0.0375485695521223","0.06369015410963941"
"211","1","0.1","200","15","25","false","500","2500","0.20249292477795322","0.024532518350193152","0.09361003725423137","0.011935127255157824","0.09066129964745169","0.1782336848600847"
"212","1","0.1","200","15","25","false","500","2500","0.20243455455459883","0.023753300233674966","0.1403425935634301","0.07147461815716491","0.12577171805982723","0.22378144447329792"
"210","1","0.1","200","15","10","false","500","3000","0.20008546412714923","0.02116134017931094","0.059918077204522885","0.028662809882198995","0.04606743394901418","0.10502398778235544"
"211","1","0.1","200","15","25","false","500","3000","0.20238250013922504","0.02445787987674356","0.13189512413931875","0.061920760985165586","0.14119439929329297","0.19257021213949754"
"209","1","0.1","200","15","10","false","500","3000","0.2005153670633839","0.021292255619885406","0.042317518393381645","0.023634891380314226","0.03793237782793371","0.06538528597189705"
"212","1","0.1","200","15","25","false","500","3000","0.2017537119191776","0.024382193245559246","0.0918653515516901","0.03456369410827455","0.10505680113015178","0.13597555941664402"
"213","1","0.1","200","15","25","false","500","2500","0.20178849002338964","0.02422440280354105","0.0755364863794741","0.01850898236552928","0.06383335890560647","0.14426711786728658"
"214","1","0.1","200","15","25","false","500","2500","0.20108476191722946","0.02428217191031429","0.12193261621778506","0.04664512899451909","0.06666611778359076","0.2524866018752453"
"213","1","0.1","200","15","25","false","500","3000","0.20124348894885416","0.024204988667026073","0.06602234910768583","0.013292745540380494","0.03278020704606673","0.15199409473661024"
"214","1","0.1","200","15","25","false","500","3000","0.2004282607515221","0.0241854636229447","0.08333121797693574","0.02648612536273083","0.0725284386512954","0.15097908991678086"
"215","1","0.1","200","15","25","false","500","2500","0.2016524129531192","0.024124316769932378","0.045152090582900546","0.021721820402990793","0.037602746412719816","0.07613170493299083"
"216","1","0.1","200","15","25","false","500","2500","0.199333917580656","0.023884080962971923","0.09804264928032909","0.056866676288867254","0.09811376317590204","0.13914750837621792"
"218","1","0.1","200","15","25","false","500","2500","0.19911572758110027","0.023361991424468376","0.06971566399259915","0.01806699737224999","0.04415741722785895","0.1469225773776883"
"215","1","0.1","200","15","25","false","500","3000","0.20197826772729904","0.02405831235485742","0.04099832321042436","0.02002041574851028","0.04020568835400302","0.06276886552875977"
"216","1","0.1","200","15","25","false","500","3000","0.19920123224090894","0.023886701047828293","0.10692738782778084","0.03318396588905451","0.09880824799396051","0.1887899496003278"
"217","1","0.1","200","15","25","false","500","2500","0.19987753058919214","0.02439037727986135","0.036229251360896504","0.017952839270219595","0.033214862036521665","0.057520052775948134"
"218","1","0.1","200","15","25","false","500","3000","0.19908815235953148","0.023801482989031217","0.05585016268540161","0.01042263662399429","0.02212145452783456","0.135006396904376"
"217","1","0.1","200","15","25","false","500","3000","0.19982428995679619","0.023681504057607532","0.1220088425337818","0.04142690831393551","0.14356401832843974","0.1810356009589701"
"219","1","0.1","200","15","25","false","500","2500","0.20076937581848156","0.023900852569526464","0.04069889528299089","0.01753438514298259","0.035651031817884135","0.06891126888810585"
"220","1","0.1","200","15","25","false","500","2500","0.20068533905633568","0.02386129189171556","0.06618091271478894","0.00804868566352325","0.05265800631695423","0.13783604616388945"
"219","1","0.1","200","15","25","false","500","3000","0.20049748248781865","0.023746761113917988","0.043986029760690395","0.006447713643580421","0.02144581242568141","0.10406456321280944"
"220","1","0.1","200","15","25","false","500","3000","0.20133065867013764","0.024018370139464746","0.09899101588533846","0.010882278789417684","0.08731962347847853","0.1987711453881192"
"221","1","0.1","200","15","25","false","500","2500","0.20130293407369054","0.02431963850825546","0.029047482108021844","0.008990774760362983","0.02443679805601769","0.05371487350768473"
"222","1","0.1","200","15","25","false","500","2500","0.19919649305225767","0.023541126001548777","0.04325260027911842","0.012195797316146183","0.03871088299186717","0.07885112052934173"
"221","1","0.1","200","15","25","false","500","3000","0.20097553715593056","0.023758378704984637","0.03729722618188934","0.008617057713650966","0.025180869621610664","0.07809375121040642"
"223","1","0.1","200","15","25","false","500","2500","0.20025448021030196","0.023621575118996433","0.022474541685843518","0.006000272355550891","0.02066533329641761","0.040758019405561924"
"222","1","0.1","200","15","25","false","500","3000","0.19920946651076424","0.02380799080040712","0.07181201339672097","0.00874725159242393","0.023743162384147844","0.182945626213591"
"223","1","0.1","200","15","25","false","500","3000","0.200228926106247","0.024207312849430083","0.03957968663816773","0.015024166572324835","0.03033191824204292","0.07338297510013539"
"224","1","0.1","200","15","25","false","500","2500","0.20043903318754505","0.024163055014064246","0.11792795126595658","0.04677451635674873","0.10780334758372286","0.19920598985739854"
"224","1","0.1","200","15","25","false","500","3000","0.20012030387095897","0.02376997120243403","0.09145367387977776","0.032843340163713576","0.08724469204765566","0.1542729894279639"
"225","1","0.1","200","15","25","false","500","2500","0.20033724735099367","0.023645648047691516","0.02992664001008098","0.010063848543716331","0.030652983029319056","0.04906308845720763"
"226","1","0.1","200","15","25","false","500","2500","0.20147096674387466","0.023784040951229202","0.04710294898348268","0.009203852472808144","0.035108871829700135","0.09699612264793996"
"225","1","0.1","200","15","25","false","500","3000","0.19956656162723274","0.023503169451472263","0.03544238102007461","0.016515116065383993","0.02933960265394907","0.06047242434089066"
"226","1","0.1","200","15","25","false","500","3000","0.20119938702175033","0.023799089486738326","0.05968425125070492","0.02678244827846579","0.05900355476730456","0.09326675070634442"
"227","1","0.1","200","15","25","false","500","2500","0.20122000252433","0.024402261704787598","0.11133498498930519","0.04919614916352919","0.07706140091080958","0.20774740489357682"
"228","1","0.1","200","15","25","false","500","2500","0.20274824160295185","0.024256887771871665","0.023739722788914466","0.003275016004737892","0.013034465582047938","0.05490968677995762"
"227","1","0.1","200","15","25","false","500","3000","0.20077576766993857","0.023896168511970003","0.1499646586021895","0.027098566846585338","0.10716621087223513","0.3156291980877479"
"229","1","0.1","200","15","25","false","500","2500","0.19864633801903672","0.02350505389020776","0.0743885092640517","0.02855238560731933","0.0693851787857994","0.12522796339903633"
"228","1","0.1","200","15","25","false","500","3000","0.20207547834442244","0.024232696818022703","0.04587298028839793","0.01352517902053351","0.032787033125809786","0.0913067287188506"
"229","1","0.1","200","15","25","false","500","3000","0.19843714914569166","0.023556107178886027","0.07773861619049348","0.03492180772037739","0.07558070494433264","0.12271333590677035"
"230","1","0.1","200","15","25","false","500","2500","0.2014467433959129","0.024466993417157343","0.13077272183283037","0.016706709451740544","0.1205230782120994","0.25508837783465094"
"230","1","0.1","200","15","25","false","500","3000","0.2008931255388583","0.024015350870712555","0.133733461705727","0.03844066258338129","0.151029578313515","0.21173014422028502"
"231","1","0.1","200","15","25","false","500","2500","0.20135371547504585","0.024170640232921325","0.07564152547586285","0.060061604418723505","0.07511814540268726","0.09174482660617779"
"232","1","0.1","200","15","25","false","500","2500","0.19945405485985543","0.023667382399610144","0.04900707765307455","0.00763079085255883","0.02296358630078856","0.11642685580587621"
"231","1","0.1","200","15","25","false","500","3000","0.2006589675990191","0.023841113422988256","0.03836093224715354","0.021435394836573075","0.03210763468091724","0.06153976722397031"
"232","1","0.1","200","15","25","false","500","3000","0.19971938797501612","0.023534768361210795","0.041431588621064115","0.017412224734696783","0.036554905336710235","0.07032763579178533"
"233","1","0.1","200","15","25","false","500","2500","0.20108135130861912","0.023831227591418647","0.03991819549087281","0.023953902110743684","0.03541852782741024","0.060382156534464534"
"234","1","0.1","200","15","25","false","500","2500","0.20263666077322243","0.024659084507699106","0.024870886319932457","0.006631814203880441","0.027132994736761187","0.04084785001915578"
"233","1","0.1","200","15","25","false","500","3000","0.2002506116584717","0.02463387388724628","0.06730770586995596","0.017193028172146043","0.05943048468466772","0.12529960475305435"
"235","1","0.1","200","15","25","false","500","2500","0.20098107321599862","0.023960521883557396","0.055244436804638516","0.03517986314552284","0.05651377487953618","0.0740396723888566"
"234","1","0.1","200","15","25","false","500","3000","0.20202348100034226","0.02427224062435033","0.03141559248633438","0.007945012069865396","0.03273200608251624","0.053569759306621494"
"235","1","0.1","200","15","25","false","500","3000","0.20079388562489456","0.024202740508116334","0.04274138924858735","0.016946191723860863","0.042647206250351254","0.06863076977154985"
"236","1","0.1","200","15","25","false","500","2500","0.20035686486451426","0.024014128559538307","0.031030561013746634","0.00954879056736408","0.017401603413680602","0.06614128906019523"
"236","1","0.1","200","15","25","false","500","3000","0.20012610425857863","0.023632375964594284","0.04579315902178587","0.016307465030520007","0.041956840492187134","0.07911517154265031"
"237","1","0.1","200","15","25","false","500","2500","0.20240917773832848","0.02419643060006096","0.04262004998558374","0.011769148511084208","0.03244583975432849","0.08364516169133852"
"238","1","0.1","200","15","25","false","500","2500","0.2011928360363782","0.0241872188031588","0.07608110661776665","0.03853126401506601","0.054836503683103464","0.13487555215513053"
"237","1","0.1","200","15","25","false","500","3000","0.20252794924562753","0.02439450422072559","0.06200252988006316","0.012265924092811806","0.03650997956379058","0.13723168598358723"
"238","1","0.1","200","15","25","false","500","3000","0.2010616267548725","0.024160028313248354","0.06321618325620648","0.014680997214157004","0.040454185300772105","0.1345133672536902"
"239","1","0.1","200","15","25","false","500","2500","0.20009229626054817","0.024031290657616455","0.053021702642523164","0.011596651043481227","0.033058074023867845","0.11441038286022029"
"240","1","0.1","200","15","25","false","500","2500","0.20122653738659674","0.024168725036234497","0.05008899270019188","0.028854628476989642","0.052413992670088165","0.06899835695349811"
"239","1","0.1","200","15","25","false","500","3000","0.19989636602037134","0.02366456128655565","0.02141695951021948","0.00668147971465555","0.01773431442878795","0.039835084387215024"
"241","1","0.1","200","15","50","false","500","2500","0.19903977717627513","0.03286088762469777","0.0731319030903618","0.04589494200123301","0.07357762173775391","0.09992314553209854"
"240","1","0.1","200","15","25","false","500","3000","0.2008729451516745","0.023946867031173255","0.04832033646946814","0.026531257684993072","0.04511308884259547","0.07331666288081577"
"241","1","0.1","200","15","50","false","500","3000","0.1992172684791452","0.0329480757837222","0.08548919322656079","0.0343950596066854","0.06665934422076736","0.1554131758522297"
"242","1","0.1","200","15","50","false","500","2500","0.20088763764099157","0.03375810171427998","0.05305376527055284","0.03537409902680154","0.04962292711187878","0.07416426967297819"
"242","1","0.1","200","15","50","false","500","3000","0.20108005846512117","0.03316623631461057","0.04912796111639997","0.00833394459805223","0.01948607315341607","0.11956386559773184"
"243","1","0.1","200","15","50","false","500","2500","0.20125535447620432","0.03362365602511195","0.09000004302910614","0.019443528124789437","0.0378123656969848","0.21274423526554417"
"244","1","0.1","200","15","50","false","500","2500","0.2012674965105812","0.033774460104088674","0.08369364732187587","0.02583026592733362","0.09038871228366739","0.1348619637546267"
"243","1","0.1","200","15","50","false","500","3000","0.20090794495013406","0.03312288755879649","0.07400765256385598","0.00928259150247694","0.023934221905380745","0.18880614428371023"
"244","1","0.1","200","15","50","false","500","3000","0.20081072782198786","0.03363967801049071","0.06173133329850403","0.025196255160507483","0.06346471218266295","0.09653303255234143"
"245","1","0.1","200","15","50","false","500","2500","0.1998981637833734","0.03283410935420198","0.03920627702781067","0.015301165441388494","0.028043281039771596","0.07427438460227183"
"246","1","0.1","200","15","50","false","500","2500","0.20174837018474137","0.033849498353656915","0.07595059519427028","0.0290557343002748","0.0513860805607159","0.14740997072182013"
"245","1","0.1","200","15","50","false","500","3000","0.19997895630087997","0.03219868635038133","0.07073964152929192","0.013268531288179564","0.04603380330540947","0.15291658999428662"
"247","1","0.1","200","15","50","false","500","2500","0.2001598066690894","0.03346232309110083","0.03986207871084483","0.007814702433362049","0.032732125696819304","0.0790394080023531"
"246","1","0.1","200","15","50","false","500","3000","0.2012621833591287","0.033320198855592224","0.04773195044723984","0.019696125347812614","0.04691016791544045","0.07658955807846646"
"248","1","0.1","200","15","50","false","500","2500","0.2009492603006081","0.033886144551282006","0.051197052096305644","0.021303239751320143","0.044367064743037844","0.08792085179455876"
"247","1","0.1","200","15","50","false","500","3000","0.20047230254881268","0.03262458709757423","0.06513639236082108","0.021842028649266113","0.04345311666148833","0.13011403177170874"
"248","1","0.1","200","15","50","false","500","3000","0.2007209886368153","0.03280012778616176","0.049701874087736166","0.027932557655390006","0.04840349148107455","0.07276957312674374"
"249","1","0.1","200","15","50","false","500","2500","0.199047331092935","0.032601339562463534","0.04571831790633935","0.017854840213905186","0.04451521741138139","0.07478489609373143"
"250","1","0.1","200","15","50","false","500","2500","0.20125925080018664","0.033338633720273445","0.10379172069943811","0.013597026269091723","0.11882162481296558","0.17895651101625717"
"249","1","0.1","200","15","50","false","500","3000","0.19883002010308776","0.03293513001449204","0.03628406395083087","0.007061930313092579","0.02727945432818338","0.07451080721121663"
"250","1","0.1","200","15","50","false","500","3000","0.20110430858159506","0.03357744125803254","0.09197983658374448","0.010023606780191492","0.10334530246220287","0.1625706005088387"
"251","1","0.1","200","15","50","false","500","2500","0.1989842228256986","0.0329214258941791","0.07276036294761935","0.03897144369363661","0.06026301047405387","0.11904663467516749"
"252","1","0.1","200","15","50","false","500","2500","0.20275614706603717","0.03397107899813007","0.06832515115681816","0.005652534104724013","0.02048981161097366","0.17883310775475683"
"251","1","0.1","200","15","50","false","500","3000","0.19879997353691697","0.03209524337798688","0.05437461835272781","0.03219353025338512","0.05369843879468925","0.07723188601010929"
"252","1","0.1","200","15","50","false","500","3000","0.20185169431008032","0.03341708711287062","0.08493320821651984","0.009344466003437251","0.03219485314231252","0.2132603055038101"
"253","1","0.1","200","15","50","false","500","2500","0.20249295230382686","0.033628358633496495","0.034086877039331956","0.006843030663763455","0.020720195401530892","0.0746974050527016"
"254","1","0.1","200","15","50","false","500","2500","0.2015472256186556","0.033957905254172596","0.04246652321356471","0.020892199057897232","0.03698853073462148","0.06951883984817539"
"253","1","0.1","200","15","50","false","500","3000","0.20142943233035135","0.03339410705050972","0.05307207192833721","0.006728360210449234","0.03673828911116312","0.11574956646339926"
"254","1","0.1","200","15","50","false","500","3000","0.20110693665581425","0.03327831147108887","0.04495219825678115","0.019851488672777404","0.04004482545962538","0.07496028063794073"
"255","1","0.1","200","15","50","false","500","2500","0.20041911759547557","0.03286670908309685","0.07264846452631095","0.01410764703461215","0.07456087269173986","0.12927687385258077"
"256","1","0.1","200","15","50","false","500","2500","0.1995370992063628","0.03261394293181982","0.05855559047890648","0.012559450121330586","0.027984772391595525","0.1351225489237934"
"255","1","0.1","200","15","50","false","500","3000","0.20065265706482055","0.03276078854439715","0.05970758763895676","0.009206389696449534","0.03748924794861493","0.13242712527180564"
"256","1","0.1","200","15","50","false","500","3000","0.1999621368513079","0.032391938056792705","0.07755335566601948","0.04540180859747563","0.07789527244532289","0.10936298595525978"
"257","1","0.1","200","15","50","false","500","2500","0.19988185316810822","0.033095580122082864","0.11668133676627901","0.050656610819042686","0.07553094428217405","0.2238564551976206"
"258","1","0.1","200","15","50","false","500","2500","0.20209034762721115","0.03336859856598243","0.1432484188988709","0.08475356121945476","0.13679371625320477","0.20819797922395375"
"257","1","0.1","200","15","50","false","500","3000","0.2001234081629626","0.03256467339120908","0.128390664910659","0.023882653754251165","0.11429215575550675","0.2469971852222189"
"259","1","0.1","200","15","50","false","500","2500","0.20015324230949522","0.03318673312203518","0.05185784451145069","0.02726251446674553","0.04706804451989767","0.08124297454770883"
"258","1","0.1","200","15","50","false","500","3000","0.20175030001428346","0.03358316590240935","0.18028021751786852","0.10544028320717215","0.1636225855929586","0.27177778375347533"
"260","1","0.1","200","15","50","false","500","2500","0.20133810083446524","0.03340246157665526","0.08307253622305391","0.0241743448535106","0.09365541089299564","0.131387852922655"
"259","1","0.1","200","15","50","false","500","3000","0.19980362179425837","0.03286656795836275","0.08434996708521154","0.051211553748781585","0.08218099894606723","0.11965734856078601"
"260","1","0.1","200","15","50","false","500","3000","0.2013737364224112","0.03330603732831046","0.07786549639755785","0.00503352902831501","0.04511000456419231","0.1834529556001666"
"261","1","0.1","200","15","50","false","500","2500","0.20052608550712617","0.033679179370654025","0.053742639890691044","0.023563264948035744","0.060710200482057344","0.07695445424197987"
"262","1","0.1","200","15","50","false","500","2500","0.20068795883996107","0.033048871419959276","0.06550613299223926","0.014720473708078023","0.026396350308468555","0.15540157496017137"
"261","1","0.1","200","15","50","false","500","3000","0.2002082347665191","0.032453430546671755","0.059067335519532645","0.006088612534308704","0.020450992358388796","0.1506624016659005"
"262","1","0.1","200","15","50","false","500","3000","0.20093839220018506","0.03309622206984808","0.11458753083485182","0.052273640186329996","0.07484766762660287","0.2166412846916223"
"263","1","0.1","200","15","50","false","500","2500","0.2016667861669797","0.033675027872840324","0.12140051223108933","0.024620574909094396","0.14226595619987006","0.1973150055843032"
"264","1","0.1","200","15","50","false","500","2500","0.20134731689250454","0.03352519041113045","0.08869075995299862","0.03677295675860626","0.05719318567539735","0.17210613742499217"
"263","1","0.1","200","15","50","false","500","3000","0.20144374458160608","0.033364213812131074","0.1575956814731605","0.018145716799875325","0.1426258101612369","0.31201551745837014"
"264","1","0.1","200","15","50","false","500","3000","0.20149222743273842","0.033146484250865665","0.07889646158354197","0.01902544712302002","0.061913371319924373","0.1557505663076814"
"265","1","0.1","200","15","50","false","500","2500","0.20009201504555055","0.03291150882195398","0.03969930325375864","0.0172262869343249","0.035898422146393695","0.06597320068055723"
"266","1","0.1","200","15","50","false","500","2500","0.2009554079446461","0.03447821233651323","0.01726587025853188","0.005029309181205674","0.01802040997595978","0.028747891618430204"
"265","1","0.1","200","15","50","false","500","3000","0.20011756214181806","0.03333818829204487","0.09588512166273605","0.05529536117418211","0.08949374125370216","0.1428662625603242"
"266","1","0.1","200","15","50","false","500","3000","0.20073024090300595","0.0327877551225875","0.04090541711919781","0.00448537919311545","0.014933058748698276","0.10329781341577966"
"267","1","0.1","200","15","50","false","500","2500","0.20251881554911835","0.03385489659401165","0.06111269261380749","0.020263969827072664","0.0607696159378547","0.10230449207649511"
"268","1","0.1","200","15","50","false","500","2500","0.1991368846162723","0.03341928748404597","0.021600547429281025","0.010333828438815933","0.019680201884944914","0.0347876119640822"
"267","1","0.1","200","15","50","false","500","3000","0.20263376148458295","0.03390903067826385","0.0525486686197606","0.022873831026260227","0.04109078201326679","0.09368139281975488"
"268","1","0.1","200","15","50","false","500","3000","0.1987355183299578","0.032638377072826324","0.05885388228209931","0.025151671231466766","0.053562521999129205","0.09784745361570209"
"269","1","0.1","200","15","50","false","500","2500","0.2008647036765402","0.03360535244558317","0.036065422311376646","0.015425758392648778","0.027854872531926308","0.06491563600955483"
"270","1","0.1","200","15","50","false","500","2500","0.19976345346201604","0.033150001134251345","0.13921893544389005","0.021830000492229294","0.1675799413184531","0.2282468645209869"
"269","1","0.1","200","15","50","false","500","3000","0.20050266983285908","0.03308050624799461","0.04270031926122045","0.020934333676817265","0.04244216760338751","0.06472445650345661"
"270","1","0.1","200","15","50","false","500","3000","0.19941469459497915","0.03281199990713641","0.09827034616002678","0.03550820508400096","0.09224663933969081","0.16705619405638847"
"271","1","0.1","200","15","75","false","500","2500","0.20096307265940577","0.07311089973011728","0.16246518910880317","0.0697982954257966","0.12102673349865803","0.296570538401955"
"272","1","0.1","200","15","75","false","500","2500","0.20046319682093486","0.07134412617890995","0.21122808609069657","0.0717309061794099","0.13385317405440378","0.4281001780382759"
"271","1","0.1","200","15","75","false","500","3000","0.20047341582753578","0.07132370433191029","0.2039198748068657","0.04520548922357196","0.16937917751164752","0.3971749576853777"
"272","1","0.1","200","15","75","false","500","3000","0.20012521835568767","0.0706319510033998","0.23537908946600697","0.04521111166480581","0.1952261727169563","0.4656999840162578"
"273","1","0.1","200","15","75","false","500","2500","0.20201599058180758","0.07343803285515697","0.1850913876643511","0.0550698997404891","0.17486956877563026","0.32533469447693364"
"274","1","0.1","200","15","75","false","500","2500","0.20036665058924935","0.07202204883680896","0.25335061426071365","0.05123748283264273","0.07065529530711456","0.6381590646423835"
"273","1","0.1","200","15","75","false","500","3000","0.20137345160292397","0.07188299670394292","0.27671123499968464","0.11518280507941178","0.3234276702402419","0.39152322967939956"
"274","1","0.1","200","15","75","false","500","3000","0.20050105257996667","0.07125395423845145","0.15649564797921214","0.01811939776736806","0.038152381252984174","0.41321516491728394"
"275","1","0.1","200","15","75","false","500","2500","0.19936689392607637","0.0698081052042433","0.162524831805099","0.026377566870124873","0.06849234020301062","0.3927045883421621"
"276","1","0.1","200","15","75","false","500","2500","0.19956115924652","0.07096024451123674","0.15322389388499874","0.02200858664945403","0.0469414340708355","0.39072166093470656"
"275","1","0.1","200","15","75","false","500","3000","0.19967299465234178","0.06975579785967322","0.09912390851252723","0.00796727756034453","0.07229944776968035","0.21710500020755702"
"276","1","0.1","200","15","75","false","500","3000","0.19918463612742227","0.06921994599213592","0.18943623923421457","0.038026399407006854","0.08316874071050806","0.44711357758512804"
"277","1","0.1","200","15","75","false","500","2500","0.199045298212208","0.06991725415881526","0.07462231973175561","0.047735723121741014","0.07119340410445452","0.10493783196907099"
"278","1","0.1","200","15","75","false","500","2500","0.20146291901301777","0.07382043365883247","0.19462613541533796","0.04099653274923765","0.2050015487523709","0.33788032474440494"
"277","1","0.1","200","15","75","false","500","3000","0.19914780193906947","0.07023649700635386","0.14107291923285398","0.0957022913450423","0.14053655566928402","0.18697991068423558"
"278","1","0.1","200","15","75","false","500","3000","0.20083702475416035","0.07186665677368627","0.21844480039649267","0.08674163721794746","0.2296724993756449","0.33892026459588614"
"279","1","0.1","200","15","75","false","500","2500","0.1998678662001716","0.07030755843362997","0.197022091798279","0.0370411340484944","0.15694306606466824","0.397082075281674"
"280","1","0.1","200","15","75","false","500","2500","0.20115061836359446","0.07392584917878171","0.2604318156186674","0.12892812122852246","0.18512196989283813","0.46724535573464177"
"279","1","0.1","200","15","75","false","500","3000","0.20009265051410252","0.0698614725718867","0.22055229587641562","0.06430853209282124","0.14444075376986654","0.4529076017665598"
"280","1","0.1","200","15","75","false","500","3000","0.20085644228388683","0.07162124391451004","0.21322532473524436","0.0497203908792051","0.15874767085195046","0.43120791247457735"
"281","1","0.1","200","15","75","false","500","2500","0.20150930486529947","0.07359212579088648","0.1310725533909997","0.03178371000430518","0.07960760437313033","0.28182634579556365"
"282","1","0.1","200","15","75","false","500","2500","0.20069434033336914","0.07154427178043837","0.225403471806428","0.04936567560659226","0.15514612049164872","0.471698619321043"
"281","1","0.1","200","15","75","false","500","3000","0.20125634142644733","0.07345400434616102","0.14395299698266553","0.014427580410229181","0.06261201126832769","0.35481939926943973"
"282","1","0.1","200","15","75","false","500","3000","0.201269273994992","0.07140244942213954","0.18511345928030126","0.008229739414923096","0.12830180999897717","0.41880882842700456"
"283","1","0.1","200","15","75","false","500","2500","0.20186491561750908","0.07512740691775445","0.06693261576680529","0.03878267681135422","0.07098028716121928","0.09103488332784228"
"284","1","0.1","200","15","75","false","500","2500","0.1997053803842454","0.07130126716231834","0.1452570720204949","0.10379208212672221","0.13790104384077356","0.19407809009398844"
"283","1","0.1","200","15","75","false","500","3000","0.20164528080074604","0.07298233091612512","0.03830640490321089","0.00897091533460293","0.037915572711872104","0.06803272666315764"
"284","1","0.1","200","15","75","false","500","3000","0.1994985926410374","0.06986469395904754","0.17543428707284545","0.07052691498324055","0.17996536486519926","0.27581058137009573"
"285","1","0.1","200","15","75","false","500","2500","0.20152419431205293","0.07260891022234946","0.2479351575427211","0.09688111525761442","0.29575848188540976","0.35116587548513933"
"286","1","0.1","200","15","75","false","500","2500","0.2005735287699453","0.07236125583034433","0.21181223561083304","0.09871042729192712","0.22646690402946898","0.3102593755111032"
"285","1","0.1","200","15","75","false","500","3000","0.20175557859671445","0.07187895827031564","0.22365754568011686","0.12110992529481908","0.1899552063668199","0.35990750537871236"
"286","1","0.1","200","15","75","false","500","3000","0.20076974943476417","0.0727150643991727","0.22315110031025825","0.14311892443133797","0.2361929842909044","0.29014139220853274"
"287","1","0.1","200","15","75","false","500","2500","0.20008643778372695","0.07072056716930017","0.1925855768387262","0.06091562460721924","0.1497138969414014","0.36712720896755807"
"288","1","0.1","200","15","75","false","500","2500","0.19899101805007158","0.07017234493270327","0.14859399006801785","0.012997100190125016","0.20062529593821513","0.23215957407571275"
"287","1","0.1","200","15","75","false","500","3000","0.19935064201748573","0.06924591948264655","0.1886897042487502","0.03114360519044304","0.16119449698918253","0.3737310105666246"
"288","1","0.1","200","15","75","false","500","3000","0.19891005728735117","0.06975552711598186","0.14694960036584076","0.007489094711537184","0.1954842499974807","0.23787545638850424"
"289","1","0.1","200","15","75","false","500","2500","0.2003500484767851","0.07116113643034828","0.21682595501685042","0.04784146734973733","0.0698592983133283","0.5327770993874855"
"290","1","0.1","200","15","75","false","500","2500","0.1985831437651364","0.06850404758375599","0.09559298038375083","0.010332239255210608","0.0879855329583067","0.1884611689377353"
"289","1","0.1","200","15","75","false","500","3000","0.20061918013205","0.07024706370858197","0.19799712641825112","0.006269483269108421","0.0177774566313378","0.5699444393543076"
"290","1","0.1","200","15","75","false","500","3000","0.19918748804619213","0.06856106274047272","0.08940348894580097","0.0470801699572613","0.09159351663175133","0.12953678024839016"
"291","1","0.1","200","15","75","false","500","2500","0.20003461242927656","0.07242311473259848","0.14778365585270356","0.10203719567581879","0.14607683487129353","0.19523693701099842"
"292","1","0.1","200","15","75","false","500","2500","0.2013095089301179","0.0718425346783559","0.1870183839448282","0.0071854414638667695","0.10130609822633221","0.45256361214428614"
"291","1","0.1","200","15","75","false","500","3000","0.20046900118839803","0.07342326497518317","0.22302249451617706","0.16929217978202274","0.21127417870864476","0.28850112505786407"
"292","1","0.1","200","15","75","false","500","3000","0.20155788017429443","0.07177679244914607","0.2092558052595118","0.04466017572657622","0.11391654635541382","0.46919069369654476"
"293","1","0.1","200","15","75","false","500","2500","0.1999133928847035","0.0714497024619028","0.08614402284488173","0.02753550858784175","0.08763542393209815","0.14326113601470503"
"294","1","0.1","200","15","75","false","500","2500","0.20157003631882375","0.0735737304663355","0.14848721138977086","0.022036592789824914","0.15456516859452518","0.26885987278496243"
"293","1","0.1","200","15","75","false","500","3000","0.19982203163109627","0.06937093386549015","0.1282240593575686","0.03825447673683479","0.11023689182663697","0.23618080950923365"
"294","1","0.1","200","15","75","false","500","3000","0.2015065196448641","0.07302532921377584","0.17359472928999573","0.07062815463049067","0.1961789064843268","0.2539771267551695"
"295","1","0.1","200","15","75","false","500","2500","0.19928118080984628","0.07057953490229375","0.2340657938004056","0.11336210160409181","0.24535607841954662","0.34347920137757876"
"296","1","0.1","200","15","75","false","500","2500","0.19908068551942945","0.06884532203819431","0.14685501471679704","0.02479767665225358","0.056268025866297956","0.35949934163183933"
"295","1","0.1","200","15","75","false","500","3000","0.19919017821442278","0.06969065323166364","0.18865364061658993","0.058945123689651754","0.13391811944757626","0.3730976787125416"
"296","1","0.1","200","15","75","false","500","3000","0.19959766733041595","0.06988682642403488","0.24036924498643775","0.04320600052712536","0.15883572556009432","0.519066008872094"
"297","1","0.1","200","15","75","false","500","2500","0.2004209247567105","0.07348003132200656","0.1503166957186484","0.019430583974449883","0.08664479846259682","0.3448747047188987"
"298","1","0.1","200","15","75","false","500","2500","0.19901521713996878","0.07017859923625215","0.16789724679554355","0.00984152440336157","0.19850563931739004","0.2953445766658794"
"297","1","0.1","200","15","75","false","500","3000","0.20044948538853358","0.07153269030668503","0.17479806048797","0.03542581893006664","0.11677747449519817","0.3721908880386453"
"298","1","0.1","200","15","75","false","500","3000","0.1988407908063591","0.06956879074716867","0.22089369364445152","0.03407538375254482","0.10269792028538924","0.5259077768954215"
"299","1","0.1","200","15","75","false","500","2500","0.20062270083634146","0.07158516184024816","0.11920005488947336","0.0034336015948870104","0.10286261295065795","0.2513039501228753"
"300","1","0.1","200","15","75","false","500","2500","0.20118273720694863","0.07222218088688713","0.24321606056445738","0.11038607690740125","0.24061643252417142","0.37864567226179985"
"299","1","0.1","200","15","75","false","500","3000","0.20054361720451117","0.07081283013807299","0.15056114319563094","0.02083687063074564","0.14401282523956016","0.28683373371658716"
"300","1","0.1","200","15","75","false","500","3000","0.2006312488838388","0.07056502657733423","0.22566377981820576","0.14847341234467243","0.22389258343839116","0.3046253436715542"
"301","1","0.1","200","15","90","false","500","2500","0.16271358513080514","0.09411782814091646","0.13764379203382107","0.042045208137421845","0.08072252070476338","0.29016364725927857"
"302","1","0.1","200","15","90","false","500","2500","0.16363315409951365","0.09669901869314183","0.1859366062417555","0.017334404993403704","0.22946685154327334","0.31100856218858997"
"301","1","0.1","200","15","90","false","500","3000","0.16404270826846304","0.0968569190236285","0.21945206232837763","0.08572095947222509","0.1304760980605693","0.4421591294523386"
"302","1","0.1","200","15","90","false","500","3000","0.16372654161778258","0.0953819821632377","0.19541087264238022","0.1054264613691174","0.18843893814101517","0.2923672184170087"
"303","1","0.1","200","15","90","false","500","2500","0.1620597366692642","0.0933750742322169","0.16653169865722145","0.06430593199669232","0.11066391325064276","0.32462525072432963"
"304","1","0.1","200","15","90","false","500","2500","0.16280963647510807","0.0932655821247692","0.15700907801473635","0.09579687859455426","0.13800943981392327","0.2372209156357315"
"303","1","0.1","200","15","90","false","500","3000","0.1626149653129093","0.0922842213560629","0.08961473778336336","0.03839192101180389","0.05558908917717095","0.17486320316111545"
"304","1","0.1","200","15","90","false","500","3000","0.16288232335555788","0.09274952688666861","0.16705075229541805","0.11370908581320477","0.1766692954907126","0.21077387558233676"
"305","1","0.1","200","15","90","false","500","2500","0.1638292187260933","0.09735281468195921","0.15067570700926639","0.12182110066523852","0.15304734534184697","0.1771586750207138"
"306","1","0.1","200","15","90","false","500","2500","0.16181501460090006","0.09175931820977826","0.11755460835755711","0.039256481067608005","0.08892022869656534","0.22448711530849824"
"305","1","0.1","200","15","90","false","500","3000","0.16439627432851805","0.09729502376253493","0.219585432452869","0.1435599731697606","0.23863841012087345","0.2765579140679728"
"306","1","0.1","200","15","90","false","500","3000","0.16267431581302802","0.09294524715600377","0.18048607376200718","0.07023211799604392","0.149487695114496","0.321738408175482"
"307","1","0.1","200","15","90","false","500","2500","0.16267674897633275","0.09373598043982816","0.10831086987366008","0.04745684840489813","0.10932159861133503","0.168154162604747"
"308","1","0.1","200","15","90","false","500","2500","0.16288500364319503","0.09347800052695591","0.18612081855374227","0.10454721433322559","0.17771261303272556","0.27610262829527593"
"307","1","0.1","200","15","90","false","500","3000","0.1636234715989781","0.09717456665007392","0.12202487027589205","0.020277278879320588","0.13999872185965384","0.2057986100887017"
"308","1","0.1","200","15","90","false","500","3000","0.16384280549674787","0.0971842904716292","0.13286699160088683","0.08110115992602736","0.12824289306231737","0.18925692181431578"
"309","1","0.1","200","15","90","false","500","2500","0.16400266297939436","0.09662751346389814","0.09041002585233834","0.014586747714423276","0.03457318766823932","0.22207014217435225"
"310","1","0.1","200","15","90","false","500","2500","0.16315909994053837","0.09502728580455969","0.17841417842737328","0.02618045286123724","0.14466705324535606","0.3643950291755264"
"309","1","0.1","200","15","90","false","500","3000","0.1641972518638306","0.09603931764906067","0.11344420969580142","0.01274671999253233","0.03281180446895496","0.2947741046259169"
"310","1","0.1","200","15","90","false","500","3000","0.16377425307286678","0.0953127816382131","0.22876486391797618","0.022729439464278835","0.18425945149593265","0.47930570079371554"
"311","1","0.1","200","15","90","false","500","2500","0.1614240729261127","0.09256424418278271","0.2036980526419757","0.07780744187537897","0.1935059390801717","0.3397807769703766"
"312","1","0.1","200","15","90","false","500","2500","0.16404507680381986","0.09805593273623492","0.15062784458297251","0.07565712405666389","0.12186102746509807","0.25436538222715566"
"311","1","0.1","200","15","90","false","500","3000","0.16237261168975708","0.09426314891316517","0.26228737291722753","0.008665697201118448","0.15436783084157996","0.6238285907089832"
"312","1","0.1","200","15","90","false","500","3000","0.164441369839658","0.0970194933880288","0.13692377845906853","0.04094063573711941","0.16221442606083822","0.207616273579248"
"313","1","0.1","200","15","90","false","500","2500","0.16302800559157307","0.09519007736548549","0.2192954037953202","0.11664381390902467","0.13787076683036342","0.40337163064657244"
"314","1","0.1","200","15","90","false","500","2500","0.16321554940632318","0.0967173384454641","0.20687884594741013","0.054834412157776284","0.2533695494903587","0.31243257619409553"
"313","1","0.1","200","15","90","false","500","3000","0.16357561901004328","0.09395016995618882","0.20524103788920015","0.13537492831072145","0.17044210063174434","0.3099060847251336"
"314","1","0.1","200","15","90","false","500","3000","0.16402970173227535","0.09465298783093032","0.24073478747293833","0.07360408922332123","0.2945871528041649","0.35401312039132926"
"315","1","0.1","200","15","90","false","500","2500","0.16329792108927946","0.09499927317808353","0.15005983586655916","0.08349834240128921","0.14476498441618962","0.22191618078219877"
"316","1","0.1","200","15","90","false","500","2500","0.1644850045035858","0.09904516263448127","0.12425908452743867","0.07584604880868638","0.11616672021390159","0.18076448455972807"
"315","1","0.1","200","15","90","false","500","3000","0.16343709784690888","0.0948496659501504","0.15588367626039265","0.06360281162935266","0.16966963865617726","0.23437857849564864"
"316","1","0.1","200","15","90","false","500","3000","0.16519170074883383","0.0995584792574157","0.10408083491657029","0.07881490841282311","0.10099054500030095","0.1324370513365869"
"317","1","0.1","200","15","90","false","500","2500","0.16494024415037567","0.09910698804174772","0.1339000880669061","0.09404720940915355","0.12842126313091579","0.1792317916606485"
"318","1","0.1","200","15","90","false","500","2500","0.16303680983333466","0.0949671376109118","0.1707567905952828","0.06854285365154444","0.19023149914130094","0.253496018993003"
"317","1","0.1","200","15","90","false","500","3000","0.16565733101357052","0.09983893509426847","0.16293067815907591","0.09314383473749095","0.15847055905752733","0.23717764068220976"
"318","1","0.1","200","15","90","false","500","3000","0.1637674894852177","0.09630556522389126","0.16313457820054844","0.026246096360375337","0.18629714297833253","0.27686049526293705"
"319","1","0.1","200","15","90","false","500","2500","0.16306314576861336","0.09614365004564185","0.17429476853335094","0.01096226910467608","0.11221992397148045","0.3997021125238965"
"320","1","0.1","200","15","90","false","500","2500","0.16319529647080322","0.094206736975603","0.30897110355674523","0.24963241291135002","0.30575790600447716","0.37152299175440945"
"319","1","0.1","200","15","90","false","500","3000","0.16383559131567846","0.09686803015445236","0.16492563542417546","0.02003806780374837","0.034545582517238854","0.4401932559515397"
"320","1","0.1","200","15","90","false","500","3000","0.1634979572807763","0.09519043550216959","0.2776411683344806","0.13917117935650908","0.20148352764772462","0.49226879799920736"
"321","1","0.1","200","15","90","false","500","2500","0.16437649402215018","0.09891789257219957","0.221240181512708","0.14149476841641948","0.19188406407403413","0.33034171204767"
"322","1","0.1","200","15","90","false","500","2500","0.16247568325864536","0.09293164665019484","0.1839161774286122","0.05911982317375066","0.18155093288637028","0.3110777762257163"
"321","1","0.1","200","15","90","false","500","3000","0.16459338288905215","0.09781390266851701","0.18552403897477363","0.04669509296970187","0.16695298871948552","0.342924035235134"
"322","1","0.1","200","15","90","false","500","3000","0.1634736931998308","0.09411578416976393","0.14501784292124473","0.05495204014234863","0.08074268564013225","0.2993588029812527"
"323","1","0.1","200","15","90","false","500","2500","0.1616084860405754","0.09241828343230832","0.18586370369503669","0.009950333834328405","0.16220331726920992","0.3854374599815719"
"324","1","0.1","200","15","90","false","500","2500","0.16401893355852543","0.09612088809538666","0.17732427061805525","0.10011810625888894","0.18032434790338328","0.25153035769189364"
"323","1","0.1","200","15","90","false","500","3000","0.16248202607035156","0.09435460986506268","0.2346107651202423","0.026572748552700882","0.2404667859015251","0.4367927609065002"
"324","1","0.1","200","15","90","false","500","3000","0.16505661068272848","0.09895935878340573","0.2161643162672392","0.10804351491631752","0.16722180698592456","0.3732276268994757"
"325","1","0.1","200","15","90","false","500","2500","0.16356770523879977","0.1006050807935214","0.1622449158449422","0.06053083159441699","0.17712413344963726","0.2490797824907726"
"326","1","0.1","200","15","90","false","500","2500","0.16172668442672303","0.09272640546235092","0.17433267778809644","0.10527660520383418","0.18856616850733132","0.22915525965312403"
"325","1","0.1","200","15","90","false","500","3000","0.16405701962359523","0.09541865129891297","0.1389623275429721","0.016989724674667764","0.18355673756658789","0.21634052038766058"
"326","1","0.1","200","15","90","false","500","3000","0.16264786881920226","0.09332922048625522","0.1776108146281999","0.10267911465831768","0.17463787072138917","0.25551545850489327"
"327","1","0.1","200","15","90","false","500","2500","0.1637342768851413","0.09757669675438638","0.19009579774443436","0.01756676382395945","0.08766380677437424","0.46505682263497"
"328","1","0.1","200","15","90","false","500","2500","0.16129390741994953","0.09022814167503278","0.09898698219452969","0.05646268053329298","0.07713333109165733","0.16336493495863838"
"327","1","0.1","200","15","90","false","500","3000","0.1637560907334716","0.09509990269170822","0.16821493381879088","0.02749070438308697","0.09056022963322588","0.3865938674400596"
"328","1","0.1","200","15","90","false","500","3000","0.1622326427417813","0.09232991632605028","0.14361101963442796","0.051012100713132114","0.15330573883664622","0.22651521935350513"
"329","1","0.1","200","15","90","false","500","2500","0.16415436779828044","0.09807707339884691","0.1777925856803238","0.02614632250393334","0.10976359959601988","0.3974678349410179"
"330","1","0.1","200","15","90","false","500","2500","0.16252933457684257","0.09455653681226932","0.05514600058537754","0.003746243124683975","0.01805217846972266","0.14363958016172615"
"329","1","0.1","200","15","90","false","500","3000","0.16470566217295968","0.09774787715998377","0.2204939393384506","0.015529579142221044","0.18764026411931195","0.45831197475381985"
"330","1","0.1","200","15","90","false","500","3000","0.163153941783577","0.09356993040630786","0.13232972084338943","0.014563936363899655","0.04608270543507159","0.336342520731197"
"332","1","0.1","200","15","100","false","500","2500","0.0014774699062804206","0.010556409741205213","0.04466832135023577","0.008023535386996789","0.02070403122236178","0.10527739744134877"
"331","1","0.1","200","15","100","false","500","2500","0.0014783793589063319","0.01125541550775736","0.040308760270054894","0.023119250003463418","0.03581807470750724","0.061988956099193866"
"333","1","0.1","200","15","100","false","500","2500","0.001476146067845303","0.010885731335776892","0.04738849978378171","0.01228692276379732","0.04308796974137382","0.086790606846174"
"334","1","0.1","200","15","100","false","500","2500","0.0014763053324887924","0.010555307707935845","0.0621204036139155","0.023143975599638097","0.0414045762395359","0.12181265900257257"
"332","1","0.1","200","15","100","false","500","3000","0.0012089485539135548","0.011477411652748815","0.03610353480936467","0.007374279714238716","0.027395607558503614","0.07354071715535156"
"331","1","0.1","200","15","100","false","500","3000","0.0012099694181221805","0.010653930502305512","0.04860550428336","0.026481756843485235","0.048703398279682654","0.07063135772691212"
"336","1","0.1","200","15","100","false","500","2500","0.001470907598308035","0.010595006187915104","0.09182257269257","0.03361356457346819","0.10691839579539233","0.1349357577088495"
"335","1","0.1","200","15","100","false","500","2500","0.001469589869691961","0.01061516692146613","0.12910135752705024","0.025017900422880525","0.10477146540182408","0.25751470675644594"
"333","1","0.1","200","15","100","false","500","3000","0.0012078136952136226","0.01119155508573488","0.026106306231124407","0.00715415461689601","0.019925108104501335","0.05123965597197599"
"334","1","0.1","200","15","100","false","500","3000","0.001209527878197643","0.011327695611088196","0.11392351240134009","0.06312431499608678","0.09563196018433898","0.18301426202359428"
"336","1","0.1","200","15","100","false","500","3000","0.0012011857269345067","0.01076983930222103","0.10535735414927187","0.057428379105692345","0.09549172941560666","0.16315195392651652"
"335","1","0.1","200","15","100","false","500","3000","0.0012042295682164474","0.011103117994272872","0.06328350528736403","0.016977338851347435","0.04302882671038662","0.12984435030035804"
"337","1","0.1","200","15","100","false","500","2500","0.0014890413620327406","0.011196896664392915","0.045211857885319166","0.01325138048187258","0.02718495369882085","0.0951992394752638"
"338","1","0.1","200","15","100","false","500","2500","0.001464935424598214","0.011101370533665013","0.08894008753371939","0.024060442076849507","0.07219903772502907","0.1705607827992795"
"339","1","0.1","200","15","100","false","500","2500","0.0014682887186999295","0.010835155209774865","0.024139088483230594","0.003954677445314808","0.016044783761699023","0.05241780424267809"
"337","1","0.1","200","15","100","false","500","3000","0.0012190644768320987","0.01094345508211537","0.04397190859920001","0.018249154253973974","0.042507449502598105","0.0711591220410279"
"340","1","0.1","200","15","100","false","500","2500","0.0014758165293132623","0.01010470531534301","0.05684521936418237","0.019792428114184257","0.04198649906566424","0.10875673091269872"
"338","1","0.1","200","15","100","false","500","3000","0.0011970851463134033","0.011191121401008117","0.07502780043100718","0.04724206649768658","0.06649937293772465","0.11134196185761024"
"341","1","0.1","200","15","100","false","500","2500","0.0014722715035054923","0.010235345316581244","0.048268335630659256","0.025981023445227392","0.04281692236088901","0.07600706108586111"
"342","1","0.1","200","15","100","false","500","2500","0.0014820027543441885","0.010556110664648757","0.01350828939686417","0.004323752163251535","0.01187111592571688","0.024330000101624148"
"339","1","0.1","200","15","100","false","500","3000","0.001202239207339366","0.01146963633880379","0.04250108622716432","0.0023501471998531973","0.04529440924539892","0.0798587022362411"
"340","1","0.1","200","15","100","false","500","3000","0.0012088101588379433","0.011033973109847599","0.03316930108702083","0.008790139689017101","0.03278067631332329","0.057937087258722035"
"341","1","0.1","200","15","100","false","500","3000","0.001204933168874744","0.010600394426513917","0.0401480484305813","0.008902645409492487","0.02083156718652187","0.09070993269572943"
"342","1","0.1","200","15","100","false","500","3000","0.0012154472695670036","0.011461642322584424","0.052683519552334745","0.016085812354432065","0.05957229739682241","0.08239244890574982"
"343","1","0.1","200","15","100","false","500","2500","0.0014807222144105404","0.010729664804728261","0.08082365291860448","0.020305362731659414","0.09784727747100679","0.12431831855314748"
"344","1","0.1","200","15","100","false","500","2500","0.0014698827296154469","0.011071926496068142","0.0733349068235883","0.022542894294235744","0.06415350539727141","0.13330832077925797"
"345","1","0.1","200","15","100","false","500","2500","0.0014810098806348235","0.010507610581429119","0.05085061424707138","0.021715093187762022","0.042011519813116946","0.08882522974033506"
"343","1","0.1","200","15","100","false","500","3000","0.0012107235312470415","0.011076516010233737","0.12956334045373394","0.05252869308227248","0.14242019885502705","0.1937411294239023"
"344","1","0.1","200","15","100","false","500","3000","0.0012006638899495204","0.011157423931474904","0.04106780110166261","0.008060563537722734","0.03318026726953821","0.08196257249772677"
"346","1","0.1","200","15","100","false","500","2500","0.0014676960894994056","0.010445413010149927","0.053168820419653234","0.010178852452008738","0.04045074936608014","0.10887685944087094"
"348","1","0.1","200","15","100","false","500","2500","0.0014711745065993272","0.011746524150838461","0.04690266998528739","0.025763249577183157","0.041862868931714564","0.07308189144696452"
"345","1","0.1","200","15","100","false","500","3000","0.001211186249715665","0.010552690203618766","0.04932278397875561","0.022824185614864462","0.03749387580020804","0.08765029052119432"
"347","1","0.1","200","15","100","false","500","2500","0.0014752120946832144","0.011254104375049055","0.10158540855734086","0.04281486412195321","0.08929554040574779","0.1726458211443219"
"346","1","0.1","200","15","100","false","500","3000","0.0012039357230216891","0.01073871102390485","0.08911210010033188","0.03552710550813835","0.0778678986956185","0.15394129609723858"
"348","1","0.1","200","15","100","false","500","3000","0.0012038946065119356","0.01139285347368771","0.037026437338428524","0.005647762374343604","0.019598316221156854","0.08583323341978538"
"347","1","0.1","200","15","100","false","500","3000","0.0012087021206222963","0.010389404552141024","0.08672175563923128","0.020889695482310813","0.10398017605446526","0.13529539538091764"
"349","1","0.1","200","15","100","false","500","2500","0.0014604973989416673","0.010901214460120401","0.047138595609889665","0.006582653375262139","0.01588141298414954","0.11895172047025729"
"350","1","0.1","200","15","100","false","500","2500","0.001484690888444155","0.011030431973635998","0.031846151784674495","0.01384350726723211","0.030646503113182087","0.0510484449736093"
"351","1","0.1","200","15","100","false","500","2500","0.0014911647190880293","0.01142901648517478","0.03007807020560583","0.0145022145433717","0.02999109592083823","0.04574090015260742"
"349","1","0.1","200","15","100","false","500","3000","0.0011978831495548909","0.011228313284135925","0.08229295263967029","0.043458905337453856","0.07092660937524527","0.13249334320631193"
"350","1","0.1","200","15","100","false","500","3000","0.0012141786259796733","0.011245444694086424","0.027106013307933538","0.012107217686218528","0.023655448168073488","0.045555374069508686"
"352","1","0.1","200","15","100","false","500","2500","0.001486507382122569","0.010848823616252029","0.02161767465383864","0.007956776610876841","0.014496578915980472","0.04239966843465856"
"353","1","0.1","200","15","100","false","500","2500","0.0014615441647620369","0.011200215960751311","0.06911221041387157","0.018172462370572497","0.0621772778999306","0.1269868909711115"
"354","1","0.1","200","15","100","false","500","2500","0.0014706008124544705","0.011042707214031602","0.01472537512872486","0.0022489553842366","0.010370027387511431","0.031557142614426534"
"351","1","0.1","200","15","100","false","500","3000","0.001213664601621717","0.010936958249986613","0.031204700898957233","0.01533186771466524","0.02625377314278963","0.05202846183941676"
"352","1","0.1","200","15","100","false","500","3000","0.0012141008675487968","0.011316078348543979","0.059243341091193384","0.02573923570216888","0.0511991731076735","0.10079161446373763"
"353","1","0.1","200","15","100","false","500","3000","0.0012006226651133875","0.010665585850898785","0.06146754554866793","0.011920568599114981","0.028410159530227987","0.14407190851666068"
"354","1","0.1","200","15","100","false","500","3000","0.0012019009087670598","0.011605859860732188","0.015199539617165794","0.005638721270087883","0.012403244191013867","0.027556653390395595"
"355","1","0.1","200","15","100","false","500","2500","0.001480401234987365","0.011253865815879609","0.0475183626757232","0.009336464731051191","0.042687563262192765","0.09053106003392573"
"356","1","0.1","200","15","100","false","500","2500","0.0014732364895647851","0.01065010209572277","0.043208748858869106","0.014006718893012745","0.03128618632797514","0.08433334135561935"
"357","1","0.1","200","15","100","false","500","2500","0.0014735331945296844","0.010883869297195476","0.028337844237365382","0.004028506971705022","0.01715036241487002","0.0638346633255211"
"355","1","0.1","200","15","100","false","500","3000","0.0012096885932544187","0.011271388919175179","0.12762128850565096","0.04049324943032288","0.1330749411515426","0.20929567493508788"
"356","1","0.1","200","15","100","false","500","3000","0.0012053190426933578","0.011852345359754301","0.0377187019329326","0.005926850971298081","0.041979774961995696","0.0652494798655039"
"359","1","0.1","200","15","100","false","500","2500","0.001474144224807754","0.011749620051035893","0.06497053181678311","0.022719228763862544","0.041495193570499606","0.13069717311598722"
"358","1","0.1","200","15","100","false","500","2500","0.0014759158780323295","0.011094871632306134","0.04282466971441313","0.014675577120804232","0.03773252645098138","0.07606590557145378"
"357","1","0.1","200","15","100","false","500","3000","0.0012086444800882936","0.011607838930709097","0.03352086088480215","0.00716517166825822","0.017954307966539653","0.07544310301960853"
"360","1","0.1","200","15","100","false","500","2500","0.0014887063351013263","0.01131497974984953","0.020205566369708886","0.006431877211261893","0.01470806163589352","0.03947676026197131"
"359","1","0.1","200","15","100","false","500","3000","0.001205513569312693","0.01154858711179431","0.0437723154786554","0.016970455887588262","0.04668308925056945","0.06766340129780846"
"358","1","0.1","200","15","100","false","500","3000","0.0012100147045193915","0.011800263258495335","0.020246993776528614","0.005196213196020326","0.01782038266893366","0.03772438546463196"
"360","1","0.1","200","15","100","false","500","3000","0.0012158817028057978","0.010982027677005853","0.0502517146317987","0.010026879615961767","0.05940300870038713","0.08132525557904721"
"361","1","0.2","200","15","10","false","500","2500","0.398797115088449","0.1338312173770506","0.10826073564927871","0.05376524422713552","0.11553493425435625","0.15548202846634385"
"362","1","0.2","200","15","10","false","500","2500","0.40073356497738544","0.13785712312614315","0.1844537226725705","0.012701193780038289","0.09609328946699941","0.4445666847706728"
"361","1","0.2","200","15","10","false","500","3000","0.3988737704348744","0.1324554102077813","0.18140602071509762","0.10912622510298953","0.17388153257789718","0.2612103044644061"
"363","1","0.2","200","15","10","false","500","2500","0.4016564876512043","0.13779300454697258","0.27334234581932104","0.036014293524837815","0.15805083444445434","0.6259619094886706"
"362","1","0.2","200","15","10","false","500","3000","0.40032168798041184","0.1359614273763178","0.25253096621485766","0.021110737088443566","0.16723549229565093","0.5692466692604783"
"363","1","0.2","200","15","10","false","500","3000","0.40078260392292864","0.13615351185877933","0.2760641020933614","0.023939620901879288","0.17473809785505315","0.6295145875231535"
"365","1","0.2","200","15","10","false","500","2500","0.4006065246287847","0.13654353282495055","0.16912890564038374","0.01783564310128404","0.069030617471401","0.42052045634846563"
"364","1","0.2","200","15","10","false","500","2500","0.4036154557949273","0.14211394943545383","0.08363376620521878","0.013184304263410768","0.032174723780962214","0.2055422705712831"
"366","1","0.2","200","15","10","false","500","2500","0.4026406084364696","0.13960934164812483","0.20816247062606727","0.019945308282123854","0.038812355948095935","0.5657297476479821"
"365","1","0.2","200","15","10","false","500","3000","0.4006450260646276","0.13514664833888965","0.134132432438726","0.00799183255048373","0.05232439672992582","0.3420810680357686"
"364","1","0.2","200","15","10","false","500","3000","0.402206499514105","0.1392394551911226","0.08904141120972642","0.014775787071778214","0.04301665286699325","0.2093317936904076"
"366","1","0.2","200","15","10","false","500","3000","0.40274038386863104","0.13862082592061775","0.2005061456265783","0.06343316621015913","0.0878352148652681","0.45025005580430644"
"367","1","0.2","200","15","10","false","500","2500","0.40194484946962583","0.1385654659369508","0.1671340791802551","0.031714910926078435","0.08954939481545607","0.38013793179923144"
"368","1","0.2","200","15","10","false","500","2500","0.4012390616242712","0.13836455903521241","0.12383857504506823","0.01432348742824447","0.042024036077917104","0.31516820162904324"
"367","1","0.2","200","15","10","false","500","3000","0.4014190359823326","0.13697282061802135","0.1484237055457773","0.08178442184673013","0.10861444859150544","0.254872246199097"
"369","1","0.2","200","15","10","false","500","2500","0.4034342469203893","0.14173771517155706","0.06535940142304092","0.03375415623230039","0.05922888722763113","0.10309516080919105"
"368","1","0.2","200","15","10","false","500","3000","0.40162777379844916","0.13742777293083594","0.12168971419203284","0.020111662842050612","0.04861680868601452","0.2963406710480334"
"369","1","0.2","200","15","10","false","500","3000","0.4025539379035638","0.13893985450821092","0.08156720546285089","0.04230562136803382","0.07093204965098061","0.13146394536953832"
"370","1","0.2","200","15","10","false","500","2500","0.4009628273577772","0.13708218394748228","0.14524359689484784","0.06490755338319881","0.1588148570389634","0.21200838026238128"
"371","1","0.2","200","15","10","false","500","2500","0.4018791729725111","0.13983778633230873","0.1717969911618931","0.10861503171781466","0.14580542030552132","0.26097052146234273"
"372","1","0.2","200","15","10","false","500","2500","0.39748471056681917","0.13322448070029444","0.14202825186892165","0.011469162711078376","0.17273244891180958","0.24188314398387736"
"370","1","0.2","200","15","10","false","500","3000","0.4009796542154221","0.1357550910181498","0.13581852338577483","0.08138309483948374","0.1242700356561333","0.20180243966170786"
"371","1","0.2","200","15","10","false","500","3000","0.40181934132087044","0.138739196176388","0.16795782279074062","0.08375526707418911","0.17153377164907024","0.24858442964896243"
"372","1","0.2","200","15","10","false","500","3000","0.39874940358811","0.1328438268608747","0.20511334805192027","0.0770529232807884","0.13530799262543966","0.4029791282495332"
"373","1","0.2","200","15","10","false","500","2500","0.40133403426639097","0.1374371618720614","0.1832946398940373","0.018165809542901236","0.031692905427294096","0.5000252047119169"
"374","1","0.2","200","15","10","false","500","2500","0.4022616525234065","0.14059601317962203","0.18991279267387326","0.007503883671592283","0.15782712305728488","0.40440737129274246"
"373","1","0.2","200","15","10","false","500","3000","0.4006704993905672","0.1362265202025004","0.19696230154060826","0.024096583310510608","0.06271456002599438","0.5040757612853192"
"375","1","0.2","200","15","10","false","500","2500","0.40096420466280247","0.1371141841909362","0.10989201715402597","0.04797500309291375","0.10516292201372904","0.17653812635543562"
"374","1","0.2","200","15","10","false","500","3000","0.402470586449503","0.1391479198132449","0.2551670881010807","0.027215042079269454","0.1520843856147889","0.586201836609184"
"375","1","0.2","200","15","10","false","500","3000","0.4003153954997089","0.13524596994574895","0.13365335272858167","0.03616873871647617","0.14045234888914662","0.22433897058012206"
"376","1","0.2","200","15","10","false","500","2500","0.40132250740798686","0.13806390547661707","0.1255444137524474","0.01336061678544226","0.1270484154828121","0.23622420898908789"
"377","1","0.2","200","15","10","false","500","2500","0.39876828475701404","0.1353635169748051","0.19789697137022622","0.024972359735472918","0.21364507602718447","0.3550734783480209"
"378","1","0.2","200","15","10","false","500","2500","0.3993418244921285","0.134610224473288","0.07172772626042315","0.010142094177794724","0.04657705588638541","0.15846402871708923"
"376","1","0.2","200","15","10","false","500","3000","0.4013267011909636","0.13644726919357894","0.09118009488266263","0.007144963060743957","0.10157668646848546","0.16481863511875844"
"378","1","0.2","200","15","10","false","500","3000","0.3995879918710675","0.1338991420959546","0.04925446222848016","0.012268664151215913","0.04635428352166437","0.08914043901256015"
"377","1","0.2","200","15","10","false","500","3000","0.3991923278772671","0.13432813068988964","0.16318437244124417","0.042164234743402175","0.11311171264565152","0.3342771699346788"
"379","1","0.2","200","15","10","false","500","2500","0.3988775346957099","0.13338046416546692","0.09360209266808815","0.015478502711443808","0.11206948627325707","0.15325828901956354"
"380","1","0.2","200","15","10","false","500","2500","0.4004036535997278","0.13624399784274413","0.10566801844260194","0.03473761275399177","0.11596402012390074","0.16630242244991292"
"379","1","0.2","200","15","10","false","500","3000","0.39907895963169804","0.13356569034574847","0.11787866780181418","0.06020195130080248","0.12276094153643478","0.170673110568205"
"381","1","0.2","200","15","10","false","500","2500","0.3996728721915566","0.13502419000301952","0.18555024740822781","0.09743471509606044","0.13945317849919547","0.31976284862942783"
"380","1","0.2","200","15","10","false","500","3000","0.399800675056025","0.1337045332731499","0.13122200156447428","0.026912626659153782","0.04704230397905445","0.3197110740552142"
"381","1","0.2","200","15","10","false","500","3000","0.3997241664939433","0.13475773764138174","0.13854474962299462","0.03858160083521851","0.06435534052773254","0.31269730750603275"
"382","1","0.2","200","15","10","false","500","2500","0.40223877413625353","0.13950196936848072","0.10885298911057728","0.005073666131001836","0.06612232957831798","0.2553629716224114"
"383","1","0.2","200","15","10","false","500","2500","0.4025607054591585","0.13953871554470101","0.16049552574473833","0.02331524554006289","0.1567530149396861","0.30141831675446584"
"384","1","0.2","200","15","10","false","500","2500","0.40067955779450815","0.1372899832761008","0.16731290435773374","0.01140041013868149","0.11388008418035811","0.3766582187541616"
"382","1","0.2","200","15","10","false","500","3000","0.40176755165132494","0.13678437659226542","0.10816793537503858","0.0089048533853234","0.02545996655405598","0.29013898618573714"
"383","1","0.2","200","15","10","false","500","3000","0.40178676471106145","0.13795509354606297","0.21955716415614482","0.02786356813200108","0.10018103605478713","0.5306268882816461"
"384","1","0.2","200","15","10","false","500","3000","0.40014186411455904","0.1349567770820055","0.17524761672955463","0.03272377012932073","0.07521385849266093","0.4178052215666817"
"385","1","0.2","200","15","10","false","500","2500","0.4021580675766914","0.13914341573411346","0.19723604450376875","0.026193930878064528","0.18892878977227107","0.37658541286097047"
"386","1","0.2","200","15","10","false","500","2500","0.4006738677684316","0.13727122741840786","0.21405157458411572","0.01682608446721509","0.029963503513093275","0.595365135772038"
"385","1","0.2","200","15","10","false","500","3000","0.4017580498772138","0.13772555105768486","0.24777363291909615","0.14611818052005082","0.21989335566363216","0.37730936257360526"
"387","1","0.2","200","15","10","false","500","2500","0.40247103885256347","0.13885024184681075","0.1775582615054785","0.07449719415440904","0.1342210593172406","0.3239565310447853"
"386","1","0.2","200","15","10","false","500","3000","0.3998777133667401","0.13416750556805349","0.2442136072482078","0.03255809491961946","0.10808829986349638","0.5919944269615085"
"387","1","0.2","200","15","10","false","500","3000","0.4019037272863788","0.1377773423052346","0.20178594417078738","0.04754180058073243","0.09592879795263842","0.46188723397899134"
"388","1","0.2","200","15","10","false","500","2500","0.3997491119550644","0.13560965673019493","0.2166543761109152","0.048702995741058776","0.26214819890203866","0.339111933689648"
"389","1","0.2","200","15","10","false","500","2500","0.40240686781432644","0.13974585811013107","0.1719065334311469","0.02738062306449018","0.18877009333394662","0.29956888389500386"
"390","1","0.2","200","15","10","false","500","2500","0.4000563849374665","0.1350833998308871","0.16803132560112388","0.01740041476060282","0.12630468030657982","0.36038888173618916"
"388","1","0.2","200","15","10","false","500","3000","0.39946101135620155","0.1350311090440556","0.22197293949407468","0.03105608608372162","0.242957241274066","0.39190549112443623"
"389","1","0.2","200","15","10","false","500","3000","0.4020041631096774","0.13814629992666244","0.14330550258046817","0.021068220535753208","0.13842958575362624","0.2704187014520251"
"390","1","0.2","200","15","10","false","500","3000","0.3988933422024673","0.13315044195697767","0.18313165741382229","0.036527421064545","0.15421146654855908","0.35865608462836324"
"391","1","0.2","200","15","25","false","500","2500","0.40009750473831324","0.19002616035278372","0.22962353172873948","0.10397662824891901","0.19467079631280612","0.39022317062449274"
"392","1","0.2","200","15","25","false","500","2500","0.40138743305894353","0.19207160287758476","0.24843801592557477","0.03371044108856756","0.053031353347186796","0.6585722533409707"
"391","1","0.2","200","15","25","false","500","3000","0.3999916495063092","0.18917760733328584","0.254417933143374","0.045149541903010335","0.3018743920835705","0.4162298654435408"
"393","1","0.2","200","15","25","false","500","2500","0.4006318233421463","0.1916132364243247","0.15566942028566294","0.05320614215558818","0.12449223164922582","0.2893098870521746"
"392","1","0.2","200","15","25","false","500","3000","0.4012220660185357","0.19240591983365923","0.21937919434031966","0.014250099875156448","0.05968747860591005","0.5842000045398928"
"393","1","0.2","200","15","25","false","500","3000","0.40112920378723166","0.1921992657025114","0.1419845673534748","0.0629342778841537","0.13902619561133708","0.22399322856493362"
"395","1","0.2","200","15","25","false","500","2500","0.4017949504388603","0.19389128395406355","0.2216815392799866","0.1837359201841924","0.22537010883894576","0.2559385888168214"
"394","1","0.2","200","15","25","false","500","2500","0.40106391129352814","0.19217448075885177","0.15432040219004364","0.036324003629235886","0.11331692874290261","0.31332027419799224"
"396","1","0.2","200","15","25","false","500","2500","0.39954888562547136","0.18852681180852737","0.3202988639189485","0.07062781566416723","0.14648841403221602","0.7437803620604625"
"394","1","0.2","200","15","25","false","500","3000","0.4006395182347995","0.18898042667623444","0.15153708255094356","0.02982134559267829","0.11925013068319514","0.30553977137695715"
"395","1","0.2","200","15","25","false","500","3000","0.4008307674309245","0.19030441382386282","0.24091104055801763","0.17643129099999647","0.23074922830387426","0.3155526023701814"
"396","1","0.2","200","15","25","false","500","3000","0.3992454252363055","0.18582360678784463","0.31207924871876175","0.1206383062295866","0.15342257099877707","0.662176868927922"
"397","1","0.2","200","15","25","false","500","2500","0.40196065129304354","0.1967465506898203","0.2134999552024458","0.07882411365421015","0.14156230303956271","0.4201134489135652"
"398","1","0.2","200","15","25","false","500","2500","0.4010614266642756","0.19169576188299609","0.15940341818713907","0.038167647403851444","0.16638370931651564","0.2736588978410503"
"397","1","0.2","200","15","25","false","500","3000","0.40139717364236605","0.1931161676210456","0.21397215567742764","0.042650584745303234","0.14186496228909234","0.45740091999788784"
"399","1","0.2","200","15","25","false","500","2500","0.3992647466478002","0.18913899249852623","0.21052510005089872","0.014810321182717481","0.11602746510291745","0.5007375138670601"
"398","1","0.2","200","15","25","false","500","3000","0.4008815045743347","0.19046822193926938","0.19715688155964836","0.02018229423661416","0.2419555502600412","0.32933280018228994"
"399","1","0.2","200","15","25","false","500","3000","0.40001653182187263","0.18894159191879206","0.18754209285840628","0.005768084179817837","0.06254464098703172","0.4943135534083691"
"400","1","0.2","200","15","25","false","500","2500","0.4007286198750757","0.1929351712548235","0.30906176505755184","0.012451183841791487","0.08000491314334193","0.8347291981875212"
"401","1","0.2","200","15","25","false","500","2500","0.4001606114629637","0.1917072924452769","0.20763062161352414","0.06062479141702098","0.1340105728379014","0.42825650058564985"
"402","1","0.2","200","15","25","false","500","2500","0.39757431841368246","0.18328436216151703","0.2457855162494478","0.10980222110963823","0.14759637427881328","0.47995795335989133"
"400","1","0.2","200","15","25","false","500","3000","0.4009105065976563","0.19029892074630989","0.27726869671214804","0.018722485000029016","0.03412628901850993","0.7789573161179043"
"401","1","0.2","200","15","25","false","500","3000","0.40021079099741563","0.19033291265042993","0.24627660173042315","0.01769491597108771","0.18380336558606286","0.5373315236341184"
"402","1","0.2","200","15","25","false","500","3000","0.3979522008774109","0.18474578193571445","0.24130939330466983","0.055665624067159025","0.17735979191498288","0.49090276393186755"
"403","1","0.2","200","15","25","false","500","2500","0.4023284495602352","0.19482426702579383","0.2365653898433663","0.045539747300898915","0.26012608046343344","0.40403034176576613"
"404","1","0.2","200","15","25","false","500","2500","0.40383521591392546","0.19799278015279526","0.1833396540512367","0.06797289064050072","0.14236858234093785","0.33967748917227125"
"405","1","0.2","200","15","25","false","500","2500","0.4016123923489357","0.19353757819678727","0.19641254033419853","0.11278259944227947","0.18692703106165118","0.28952799049866546"
"403","1","0.2","200","15","25","false","500","3000","0.401800639317514","0.1928857597308268","0.24982950130194426","0.04925512723884419","0.3133192030763782","0.38691417359060926"
"404","1","0.2","200","15","25","false","500","3000","0.4036052615228532","0.19746057660963015","0.14844672918644042","0.05464052207754432","0.08183634704104857","0.3088633184407288"
"405","1","0.2","200","15","25","false","500","3000","0.40083310764268487","0.1904434356938401","0.16661587624653815","0.1020275345130125","0.17680318140806947","0.2210169128185326"
"406","1","0.2","200","15","25","false","500","2500","0.4020422607241964","0.19287840153262845","0.20020954964124815","0.018009077950727145","0.14947788149311048","0.4331416894799068"
"407","1","0.2","200","15","25","false","500","2500","0.40118527778290947","0.19301256479453854","0.1390714736614746","0.08071309030829854","0.11260799752581305","0.22389333315031204"
"408","1","0.2","200","15","25","false","500","2500","0.40272351416748997","0.19636473483873004","0.19025736637843627","0.05704050765247596","0.1313501161028075","0.38238147538002476"
"406","1","0.2","200","15","25","false","500","3000","0.4013565128195967","0.19048580607955973","0.18610164191542503","0.03642218026083421","0.15405916120384178","0.3678235842815989"
"407","1","0.2","200","15","25","false","500","3000","0.4004883317521815","0.19172039858191148","0.19261586739087763","0.07328197835485319","0.17279405563292255","0.3317715681848565"
"408","1","0.2","200","15","25","false","500","3000","0.40176490775735946","0.19260063594015375","0.13133285345392195","0.026410913903469346","0.14145891138177252","0.226128735076524"
"410","1","0.2","200","15","25","false","500","2500","0.4005046200429329","0.19026974939407892","0.26427947087188686","0.03132711956442771","0.07427107679499556","0.6872402162562371"
"411","1","0.2","200","15","25","false","500","2500","0.4018592719277822","0.1941834632636841","0.2950345829454064","0.09032660274593005","0.1521983898240507","0.6425787562662396"
"410","1","0.2","200","15","25","false","500","3000","0.4006090580497778","0.18915976137924337","0.31524893128418063","0.09223438124186652","0.11286001523189243","0.7406523973787826"
"409","1","0.2","200","15","25","false","500","2500","0.39756411668488206","0.18341251648591947","0.36749418791489874","0.02770986151852274","0.1540808843697628","0.9206918178564105"
"411","1","0.2","200","15","25","false","500","3000","0.4021774839112401","0.19393543196145496","0.36157974055428377","0.05639531197569181","0.29649663400629783","0.731847275680862"
"412","1","0.2","200","15","25","false","500","2500","0.40194804980079013","0.1944208318610427","0.26669835744541986","0.014397933147649065","0.11819590568830063","0.6675012335003101"
"413","1","0.2","200","15","25","false","500","2500","0.4019238222101028","0.1934167777021401","0.20801819009017108","0.0471003739918698","0.13158904072746117","0.44536515555118295"
"414","1","0.2","200","15","25","false","500","2500","0.4005444784649147","0.19040016233296891","0.32208443254636193","0.045358740429279426","0.07877931997873366","0.8421152372310705"
"409","1","0.2","200","15","25","false","500","3000","0.3984517766962204","0.1855197555244935","0.34718266705982004","0.024742345592275745","0.08514289433788882","0.931662761249294"
"412","1","0.2","200","15","25","false","500","3000","0.40206981386323687","0.19401625206353793","0.3099398429471999","0.026783102188815397","0.17978073944136388","0.7232556872114196"
"413","1","0.2","200","15","25","false","500","3000","0.4015858687788901","0.1929061399605073","0.20109246960189686","0.007842368029653267","0.24868562284985926","0.3467494179261781"
"414","1","0.2","200","15","25","false","500","3000","0.39995809965612206","0.1881732461697987","0.33101255977466815","0.0409075403900971","0.08729151112717756","0.8648386278067323"
"415","1","0.2","200","15","25","false","500","2500","0.40050173129846667","0.19008331164212594","0.34427715448227775","0.030025082108976933","0.09648366104164285","0.9063227202962129"
"416","1","0.2","200","15","25","false","500","2500","0.39873003598079454","0.18804563372272465","0.2123304525074067","0.06488782189866187","0.21140908211519716","0.3606944535083607"
"415","1","0.2","200","15","25","false","500","3000","0.4000143687338481","0.18858989658993655","0.3421993872014085","0.027449817905192363","0.07424774956424927","0.9249005941347819"
"418","1","0.2","200","15","25","false","500","2500","0.3985284616732288","0.18675100221812377","0.28288612755532705","0.12504367509948983","0.1811714103478981","0.5424432972185941"
"416","1","0.2","200","15","25","false","500","3000","0.3980024664734499","0.1848080978595251","0.24608554087284107","0.16660281519413225","0.24266319033659345","0.32899061708779614"
"419","1","0.2","200","15","25","false","500","2500","0.40000972170734844","0.19159882662112998","0.1892393525163554","0.03575477265735638","0.11929359218556256","0.4126696927061469"
"420","1","0.2","200","15","25","false","500","2500","0.40164421738596134","0.19267835002268857","0.34890957727698924","0.03926569005041038","0.08250748731317001","0.9249555544673873"
"417","1","0.2","200","15","25","false","500","2500","0.39962228133979355","0.1902051366705829","0.1816772506987224","0.015666707225559597","0.22203789189257708","0.3073271529780302"
"418","1","0.2","200","15","25","false","500","3000","0.39998225408098254","0.18845120065520138","0.2692563699885494","0.08003754572078511","0.13496296214954115","0.5927686020953218"
"419","1","0.2","200","15","25","false","500","3000","0.4008336050403468","0.19169643642448878","0.1749308336040781","0.03015487190689515","0.0586979061560849","0.4359397227492539"
"420","1","0.2","200","15","25","false","500","3000","0.4013645893261097","0.19146726290881852","0.3630109889251532","0.045018585989292585","0.10217229882044303","0.9418420819657224"
"417","1","0.2","200","15","25","false","500","3000","0.39969544184001926","0.18895047410047483","0.1997576989888993","0.010793617540053058","0.27352854473475385","0.31495093469189034"
"421","1","0.2","200","15","50","false","500","2500","0.4029368461011683","0.4067501094655886","0.26698182317111196","0.1115025450043866","0.13541102495805485","0.5540318995508956"
"422","1","0.2","200","15","50","false","500","2500","0.4003717296714544","0.39670729871515936","0.33516422959729425","0.004984185536039005","0.05330757207924593","0.9472009311765971"
"423","1","0.2","200","15","50","false","500","2500","0.39953485149739126","0.39172422896526404","0.3273509583188649","0.13103998982432485","0.30939452469962775","0.5416183604326422"
"421","1","0.2","200","15","50","false","500","3000","0.40203292096119925","0.3997867297788507","0.2693955717272277","0.03750470534120197","0.09579659208573568","0.674885417754745"
"422","1","0.2","200","15","50","false","500","3000","0.4008413500601127","0.39673112761607743","0.3571805151400673","0.03172031753931999","0.08819515569979726","0.9516260721810837"
"424","1","0.2","200","15","50","false","500","2500","0.39807379351503513","0.3832109913001085","0.2957152964258658","0.05854952591740171","0.10198277678499014","0.7266135865752058"
"425","1","0.2","200","15","50","false","500","2500","0.4018805516504579","0.4011700214105801","0.31993766806400387","0.026904627296512464","0.15502181877168913","0.7778865581238105"
"423","1","0.2","200","15","50","false","500","3000","0.39838242995422907","0.3839629641927358","0.29168667469941006","0.16170637247854033","0.23650620833321878","0.47684744328647055"
"424","1","0.2","200","15","50","false","500","3000","0.3982255582605119","0.3837785129116059","0.2831601546774368","0.020942829728781556","0.037313585725767616","0.7912240485777606"
"425","1","0.2","200","15","50","false","500","3000","0.4017637820474798","0.3979330311292543","0.32559677954866667","0.043845382218888375","0.07704701912497765","0.8558979373021341"
"426","1","0.2","200","15","50","false","500","2500","0.39920375115441875","0.3894386002835983","0.35417879388434115","0.05202048394226728","0.2502974837473157","0.7602184139634403"
"426","1","0.2","200","15","50","false","500","3000","0.40002810361293606","0.3904241667542405","0.36688959026917684","0.10387836503894252","0.23431903363821996","0.7624713721303674"
"427","1","0.2","200","15","50","false","500","2500","0.39889564915971853","0.38790482485064975","0.30114796993732496","0.24364553678399173","0.3117805601154059","0.34801781291257866"
"428","1","0.2","200","15","50","false","500","2500","0.3998494277254676","0.39416789857071516","0.2787565796646818","0.015364293678292167","0.052949989600196076","0.7679554557155583"
"429","1","0.2","200","15","50","false","500","2500","0.39680544005377205","0.3790586108906158","0.2972478095700459","0.14643181239363146","0.2751648810364647","0.47014673528004075"
"427","1","0.2","200","15","50","false","500","3000","0.3995188885749344","0.38890913285586715","0.2497742193159426","0.1688841944276888","0.2603649655352836","0.3200734979848548"
"428","1","0.2","200","15","50","false","500","3000","0.399880042949554","0.38932706275746226","0.3221081338245926","0.05931018840175201","0.09193315354129429","0.8150810595307307"
"430","1","0.2","200","15","50","false","500","2500","0.3999510428916672","0.3930213886200668","0.35002908555608986","0.025568843760391025","0.07591197799126506","0.9486064349166136"
"431","1","0.2","200","15","50","false","500","2500","0.39908645260607545","0.3881134742154485","0.2745056225957568","0.026378086033464723","0.33718883564850777","0.4599499461052977"
"429","1","0.2","200","15","50","false","500","3000","0.3977880112743029","0.3809241806105191","0.35984193784870766","0.2419661343773123","0.40183642081292487","0.4357232583558848"
"430","1","0.2","200","15","50","false","500","3000","0.39918103053610904","0.3869564054367995","0.3550454246684912","0.04323229517477647","0.06414496457459548","0.9577590142560988"
"431","1","0.2","200","15","50","false","500","3000","0.39874742367416577","0.38505416425276107","0.330301560354694","0.014822149585222528","0.4436304477212834","0.5324520837575752"
"432","1","0.2","200","15","50","false","500","2500","0.40229721909477295","0.4024561611321493","0.32211073549634806","0.2688470464975647","0.30847004843833314","0.3890151115531447"
"432","1","0.2","200","15","50","false","500","3000","0.4019240710102439","0.39990563037435944","0.31474902191351267","0.25117280905539713","0.3028070728352197","0.3902671838499214"
"434","1","0.2","200","15","50","false","500","2500","0.4012010169441459","0.398902227524366","0.3030150062607891","0.043815492940878456","0.19215020844702874","0.6730793173944583"
"433","1","0.2","200","15","50","false","500","2500","0.4000378349029016","0.39421884449683653","0.3676560974862247","0.04455340681937544","0.10832115927452333","0.9500937263647726"
"435","1","0.2","200","15","50","false","500","2500","0.40014734983955996","0.39297765247787414","0.3341034797602727","0.0829480285088694","0.2115241296783408","0.7078382810936062"
"434","1","0.2","200","15","50","false","500","3000","0.4014099624543655","0.3990407441178743","0.30598042283867855","0.1115129233649425","0.18188635902786573","0.6245419861232275"
"433","1","0.2","200","15","50","false","500","3000","0.40009756188722445","0.39136742150304415","0.34560271305594303","0.010287931989930055","0.08388713359588147","0.9426330735820169"
"436","1","0.2","200","15","50","false","500","2500","0.40237890182081093","0.4048816738992136","0.31047303455252745","0.15539372482274355","0.31768344862358694","0.4583419302112528"
"437","1","0.2","200","15","50","false","500","2500","0.39878825128294104","0.38806883676617376","0.35151550260699777","0.03663955414649017","0.07606764717380357","0.9418393065006974"
"435","1","0.2","200","15","50","false","500","3000","0.4008707767258225","0.396060008375123","0.35423125005541195","0.0168983567293574","0.15430362125162833","0.8914917721852491"
"436","1","0.2","200","15","50","false","500","3000","0.4021557743782753","0.402113710704733","0.24404461684238848","0.14118319064110418","0.21386164690979628","0.37708901297626546"
"437","1","0.2","200","15","50","false","500","3000","0.3989418246617862","0.38905559749511576","0.3439745004755827","0.026542345010888126","0.053788999856413805","0.9515921565594438"
"438","1","0.2","200","15","50","false","500","2500","0.4016684069392681","0.40024797009427115","0.349150861862848","0.06024943190370091","0.08826204496747136","0.8989411087173697"
"439","1","0.2","200","15","50","false","500","2500","0.4016609224153304","0.40013174016360753","0.3175209326635357","0.2703522981030001","0.31681877682176857","0.36539172306583845"
"440","1","0.2","200","15","50","false","500","2500","0.3986914245164661","0.38475838058021744","0.3027687792563122","0.08806130137548016","0.14255225661168797","0.677692779781768"
"441","1","0.2","200","15","50","false","500","2500","0.39956451151282385","0.39084059320659287","0.3323776794259527","0.0177373229404975","0.03631530801848644","0.9430804073188748"
"438","1","0.2","200","15","50","false","500","3000","0.40182852348525305","0.39780439671091855","0.35286526136283725","0.048719125029630425","0.11113686710253115","0.8987397919563507"
"439","1","0.2","200","15","50","false","500","3000","0.400733848280336","0.39462276549721814","0.3040633386314113","0.23579106304174102","0.2976034461453354","0.3787955067071574"
"440","1","0.2","200","15","50","false","500","3000","0.39935483245196524","0.3865254684939699","0.26752228872232126","0.031596395986312226","0.06037445338502153","0.7105960167956282"
"442","1","0.2","200","15","50","false","500","2500","0.40068032815040566","0.3963099656201292","0.332396604381384","0.0350275238093763","0.052118607467130665","0.9100436818676453"
"443","1","0.2","200","15","50","false","500","2500","0.3997322359848499","0.39138155893838267","0.32757684615848076","0.012475199363779345","0.024142865645401232","0.9461124734662594"
"441","1","0.2","200","15","50","false","500","3000","0.3995766562472569","0.3907158764140868","0.34745952257872736","0.025414012867712936","0.05843504377899991","0.9585295110894678"
"442","1","0.2","200","15","50","false","500","3000","0.4004114816968739","0.392148191007657","0.3385972990074532","0.029897874099491975","0.052962000590621894","0.932932022332246"
"443","1","0.2","200","15","50","false","500","3000","0.3997951046686746","0.3932087205157192","0.33164628061614415","0.013829354041322682","0.028003025414753628","0.9531064623923531"
"445","1","0.2","200","15","50","false","500","2500","0.40167640867597787","0.40103446901252704","0.3093499466718242","0.16947706835089288","0.2679558120722067","0.4906169595923727"
"446","1","0.2","200","15","50","false","500","2500","0.4033513480377494","0.40720447062433723","0.37379081339104564","0.2782332469676947","0.3819649597926388","0.46117423341280317"
"447","1","0.2","200","15","50","false","500","2500","0.39930752493877475","0.3875733744661833","0.3449460704681064","0.045847049979544405","0.09684028973073984","0.8921508716940358"
"444","1","0.2","200","15","50","false","500","2500","0.4036235826000884","0.40820181352665147","0.3246790435766645","0.006485373786925972","0.013962665992982204","0.9535890909500835"
"445","1","0.2","200","15","50","false","500","3000","0.40126658191080683","0.39726087048644526","0.32053228753809804","0.15637404825883475","0.23663062356518205","0.5685921907902783"
"448","1","0.2","200","15","50","false","500","2500","0.4004526743359721","0.3964506842705362","0.35713120382227886","0.019059403692985175","0.2091138464122619","0.8432203613615904"
"449","1","0.2","200","15","50","false","500","2500","0.39773631088541594","0.3818457594541932","0.3245561017285511","0.046604338430043336","0.2679261762349303","0.6591377905206792"
"446","1","0.2","200","15","50","false","500","3000","0.40323509192466234","0.4044263804733051","0.3789101236333749","0.2837679060367819","0.3958951290834641","0.4570673357798777"
"447","1","0.2","200","15","50","false","500","3000","0.39932049643465406","0.38667697184163935","0.3391234689955069","0.028007812770453125","0.09931617515549128","0.8900464190605765"
"444","1","0.2","200","15","50","false","500","3000","0.4027602816928952","0.4039572448931591","0.3204519272101536","0.006964339968740651","0.014765460261054828","0.9396259814006626"
"449","1","0.2","200","15","50","false","500","3000","0.39801538093069777","0.3807093258790333","0.2588716398378512","0.026332573695417562","0.12530515289456304","0.6249771929235733"
"448","1","0.2","200","15","50","false","500","3000","0.4001526142017941","0.3916239755999915","0.40844700963840014","0.0074229175805515715","0.3460420066239561","0.8718761047106929"
"450","1","0.2","200","15","50","false","500","2500","0.4017186889062804","0.4010636614583422","0.3360960392550137","0.019975218591223354","0.03908269471991436","0.9492302044539004"
"451","1","0.2","200","15","75","false","500","2500","0.3772569017574593","0.7155027406003133","0.3558982895475799","0.03214079578884478","0.07937133967436255","0.9561827331795302"
"452","1","0.2","200","15","75","false","500","2500","0.37628168687364394","0.7083864464985481","0.41591964007190557","0.11358418621314503","0.24902859930315147","0.8851461346994184"
"450","1","0.2","200","15","50","false","500","3000","0.4010466886357543","0.39657258928629585","0.32595994644314136","0.004049589846162582","0.026266691031054886","0.9475635584522046"
"454","1","0.2","200","15","75","false","500","2500","0.3775211513534712","0.7144822584872688","0.42543015552865926","0.20697100452230494","0.274264381751846","0.7950550803118264"
"455","1","0.2","200","15","75","false","500","2500","0.3783125281034427","0.7201773122703186","0.3888568686291623","0.08633221229279388","0.3874538920308645","0.6927845015638264"
"452","1","0.2","200","15","75","false","500","3000","0.37794449716858036","0.7167371554663502","0.37706077908401325","0.07129937336385432","0.15486586543625425","0.9050170984519323"
"451","1","0.2","200","15","75","false","500","3000","0.37913936074338045","0.7259776568354299","0.35696999833727816","0.02462737688764452","0.08909202904131903","0.9571905890828688"
"453","1","0.2","200","15","75","false","500","2500","0.37796810761982486","0.7177225167382272","0.35906639390523837","0.023447621852712316","0.36223555695160925","0.6915160029113943"
"454","1","0.2","200","15","75","false","500","3000","0.3788625605290536","0.7240791214946751","0.43751451736998553","0.194889088756687","0.29550169823787464","0.8221527651153966"
"455","1","0.2","200","15","75","false","500","3000","0.3801219794477881","0.7282479802882124","0.39501351044164507","0.0933541510163746","0.37898471454993676","0.7127016657586251"
"453","1","0.2","200","15","75","false","500","3000","0.3792060531774859","0.7243100761201848","0.31886222538187214","0.007478269585775494","0.1898821486625117","0.7592262578973299"
"456","1","0.2","200","15","75","false","500","2500","0.37872131140156684","0.7210739130968897","0.3532840410812696","0.10838877987572108","0.14734001153389287","0.8041233318341953"
"457","1","0.2","200","15","75","false","500","2500","0.3772684501880506","0.7152641393398451","0.3959422829656516","0.1736655898355618","0.3813190301877068","0.6328422288736855"
"458","1","0.2","200","15","75","false","500","2500","0.3775923787418753","0.7192182163348002","0.3628658440331155","0.0197114504921833","0.4160550193567778","0.6528310622503836"
"456","1","0.2","200","15","75","false","500","3000","0.3804260043059514","0.7306727208057417","0.32343311666425284","0.03533314134904915","0.13272004302326332","0.8022461656204447"
"459","1","0.2","200","15","75","false","500","2500","0.3781757828107265","0.7185984107113025","0.3597183446396152","0.03226832140116275","0.08965672261919393","0.9572299898984874"
"457","1","0.2","200","15","75","false","500","3000","0.3786510779327773","0.7219791754804019","0.3722252176179086","0.06151094283246336","0.41193929305403204","0.6432254169672298"
"460","1","0.2","200","15","75","false","500","2500","0.3767742459789798","0.7122357465606547","0.3172468273451581","0.03709933789940972","0.2215386380603737","0.6931025060756898"
"458","1","0.2","200","15","75","false","500","3000","0.3786519621978507","0.7260488570901158","0.41312549779941493","0.03329001526909043","0.46271720135644173","0.743369276772713"
"461","1","0.2","200","15","75","false","500","2500","0.3767234041791105","0.7096512115092967","0.4028449769719404","0.1208338896514057","0.4298740760658264","0.6578269651985895"
"459","1","0.2","200","15","75","false","500","3000","0.37929409659075064","0.722508324154548","0.359228750149935","0.02296522575288748","0.11246960453332074","0.9422514201635945"
"460","1","0.2","200","15","75","false","500","3000","0.3782377428339463","0.7187040775792567","0.3045485278680534","0.015190533246586873","0.21921890624556636","0.6792361441120076"
"461","1","0.2","200","15","75","false","500","3000","0.3786830711271536","0.7194175979568406","0.39071868496487233","0.06167811358470527","0.4170604808716197","0.6934174604382926"
"462","1","0.2","200","15","75","false","500","2500","0.3771745494545746","0.7122887396029249","0.3347714346376066","0.017489596326410787","0.07570275553498125","0.9111219520514279"
"463","1","0.2","200","15","75","false","500","2500","0.37710679557236765","0.7122841089671397","0.38050668975516494","0.04927187560046613","0.24130730453114796","0.8509408891338837"
"464","1","0.2","200","15","75","false","500","2500","0.37864669449780625","0.7215896076237353","0.38882681057337926","0.03766462394284374","0.25993294056306276","0.8688828672142307"
"462","1","0.2","200","15","75","false","500","3000","0.3790153013769074","0.7239779340122747","0.30586265257770584","0.02297510523243885","0.03768896334889722","0.8569238891517813"
"465","1","0.2","200","15","75","false","500","2500","0.3784488781725507","0.7203858642256019","0.38913991699649103","0.09623189476885932","0.5052681241066076","0.5659197321140067"
"463","1","0.2","200","15","75","false","500","3000","0.37893767543695883","0.7204373327988036","0.3785720435145678","0.044415267199852","0.23009440516210633","0.8612064581817458"
"466","1","0.2","200","15","75","false","500","2500","0.3775816650146521","0.7167278035282276","0.37835686025952175","0.005448984760700011","0.2054134136934611","0.9242081823244059"
"464","1","0.2","200","15","75","false","500","3000","0.3804323105220292","0.7319322825311665","0.3589925549554437","0.006749216358187771","0.2498130409128857","0.8204154075952568"
"465","1","0.2","200","15","75","false","500","3000","0.3797823052377962","0.7260018536280515","0.39737699241700675","0.22255027629149085","0.41048878227733493","0.5590919186821942"
"466","1","0.2","200","15","75","false","500","3000","0.37942611663837317","0.7258019132082004","0.36053939312197175","0.024951827240001567","0.1111033629616389","0.945562989164273"
"467","1","0.2","200","15","75","false","500","2500","0.376954709319674","0.7112234965132764","0.35438362155547837","0.06379642459908061","0.18364451487132055","0.8157099251960351"
"467","1","0.2","200","15","75","false","500","3000","0.3788972248816205","0.7226934288622728","0.3843943306609289","0.10001849221364803","0.2117930397624956","0.8413714600066432"
"468","1","0.2","200","15","75","false","500","2500","0.3768356673504657","0.7117284708979805","0.42580201936655593","0.07669269326782364","0.3295035753471097","0.8712097894847363"
"469","1","0.2","200","15","75","false","500","2500","0.3777637000337223","0.7175870981051128","0.34104856831800057","0.014852991173065084","0.04755661712186032","0.9607360966590721"
"470","1","0.2","200","15","75","false","500","2500","0.3763261175713318","0.7112322463131351","0.36396212166613423","0.04607082848017799","0.13520783788369134","0.9106076986345327"
"468","1","0.2","200","15","75","false","500","3000","0.3790222590454859","0.7219955892532329","0.35503234842206455","0.08359093110616221","0.1399270769814964","0.8415790371785343"
"469","1","0.2","200","15","75","false","500","3000","0.3797320815085318","0.7249346109486484","0.34669539637386854","0.016211684333379356","0.06574377017830697","0.9581307346099177"
"471","1","0.2","200","15","75","false","500","2500","0.3757207696386236","0.7072031792659277","0.33612210183926583","0.009217857397085041","0.04015988453720441","0.958988563583507"
"472","1","0.2","200","15","75","false","500","2500","0.37721258262604196","0.7136297728375814","0.41294398170799307","0.3263280445532904","0.370642980646745","0.5418609199239426"
"470","1","0.2","200","15","75","false","500","3000","0.37738285376090075","0.7159977630391996","0.3289553593450073","0.012198863101095702","0.05256847073547119","0.9220987441984524"
"471","1","0.2","200","15","75","false","500","3000","0.3778190289380822","0.7163303504744586","0.3346040230267741","0.00755562752520255","0.03303508421469206","0.9632213573404262"
"472","1","0.2","200","15","75","false","500","3000","0.3793594189375972","0.7256050638406635","0.449912476628175","0.3097422879986108","0.3893698487705854","0.650625293115329"
"473","1","0.2","200","15","75","false","500","2500","0.3770445191663321","0.7127338390140217","0.3637131614740059","0.04101035904796656","0.17038040677146915","0.8797487186025826"
"473","1","0.2","200","15","75","false","500","3000","0.37888619469537754","0.722281789670306","0.3775680960739962","0.005083203689204083","0.16408102511097375","0.9635400594218069"
"474","1","0.2","200","15","75","false","500","2500","0.37911354872523856","0.7234481612232488","0.34975227254432006","0.03612891628071176","0.053480568792880545","0.9596473325593661"
"475","1","0.2","200","15","75","false","500","2500","0.37799836632169065","0.7182291788536231","0.3601589072346172","0.015836718610920154","0.2010979162266481","0.8635420868662812"
"476","1","0.2","200","15","75","false","500","2500","0.3772158935545832","0.7147717780017798","0.295090734667962","0.027725396631873133","0.36817047278025783","0.48937633459175534"
"474","1","0.2","200","15","75","false","500","3000","0.3808829033806693","0.7327194885765339","0.34248956913069933","0.019627553872683005","0.036700353605184304","0.9711407999142295"
"475","1","0.2","200","15","75","false","500","3000","0.38022356296504334","0.7320867476007731","0.3535073694686451","0.0067494433370336145","0.12791365408951","0.9258590109793918"
"477","1","0.2","200","15","75","false","500","2500","0.37739060645469164","0.7180897338130856","0.36803100615467293","0.04593176386601347","0.10127922412507508","0.9568820304729297"
"478","1","0.2","200","15","75","false","500","2500","0.37781209774589886","0.7201887887697201","0.36114169082787734","0.03975888633374494","0.08343423355271454","0.9602319525971715"
"476","1","0.2","200","15","75","false","500","3000","0.378448509890297","0.7201636275871881","0.3217508114935362","0.051235009575532287","0.4237346629097222","0.49028276199535403"
"477","1","0.2","200","15","75","false","500","3000","0.3790008740356067","0.7253191626089693","0.3345496494862803","0.007080159405844088","0.041832569994108545","0.9547362190588865"
"478","1","0.2","200","15","75","false","500","3000","0.3795952238639837","0.7279022208101862","0.3554885512128179","0.023360723705953438","0.08795777279474304","0.9551471571377556"
"481","1","0.2","200","15","90","false","500","2500","0.14692349016318654","0.0368268812624554","0.06486711163764457","0.03106275605880355","0.046368448942952376","0.11717012991117759"
"482","1","0.2","200","15","90","false","500","2500","0.14794437257081286","0.0382291121038667","0.05645436722093563","0.009592814524678375","0.032518078360617424","0.127252208777511"
"481","1","0.2","200","15","90","false","500","3000","0.14746704250747944","0.03674001512093028","0.0913823786223875","0.00924723007520199","0.04981948891272273","0.21508041687923798"
"479","1","0.2","200","15","75","false","500","2500","0.3768783830588284","0.7131513032262431","0.4306249599640497","0.1799264344617242","0.35141248110419887","0.760535964326225"
"482","1","0.2","200","15","90","false","500","3000","0.1482555392387552","0.03768022137521815","0.044101597270206024","0.0067700989703036165","0.02756075777475102","0.09797393506556351"
"483","1","0.2","200","15","90","false","500","2500","0.14594765199151288","0.03644751117500678","0.039462432773028376","0.017342830194275988","0.03752042425204172","0.0635240438727677"
"484","1","0.2","200","15","90","false","500","2500","0.1491069420620522","0.03946094443143857","0.024283582390807443","0.007726035350490971","0.02165376489415321","0.04347094692777816"
"480","1","0.2","200","15","75","false","500","2500","0.3770448925267385","0.7134409710929767","0.400619423465851","0.165263571524592","0.4758313412798788","0.5607633575930824"
"483","1","0.2","200","15","90","false","500","3000","0.14660266859101007","0.036529167994692004","0.021769069915274056","0.012236619725371033","0.021041040101277785","0.03202954991917328"
"484","1","0.2","200","15","90","false","500","3000","0.1496244371746663","0.03939576088437961","0.029329235077369183","0.0072065097640454405","0.02301345544297698","0.0577677400250851"
"479","1","0.2","200","15","75","false","500","3000","0.378234199946897","0.7207493903391985","0.44965594102068307","0.25612983135691275","0.33587685990294086","0.7569611318021957"
"480","1","0.2","200","15","75","false","500","3000","0.3787979087723922","0.7223164049939982","0.40244718802262336","0.1510129825081746","0.48800990563948593","0.568318675920209"
"485","1","0.2","200","15","90","false","500","2500","0.14534219251535152","0.03483162278985795","0.02829764953952842","0.015016363247673586","0.0274914938752061","0.04238509149570547"
"486","1","0.2","200","15","90","false","500","2500","0.1471075608207967","0.03684775158176776","0.0686467570411217","0.028914751819962614","0.06203916493216817","0.11498635437123433"
"485","1","0.2","200","15","90","false","500","3000","0.1458533084331708","0.03618411336018303","0.04412847542536948","0.021808687088188318","0.039064160957985455","0.07151257822993473"
"486","1","0.2","200","15","90","false","500","3000","0.14752296801506112","0.037789725346067435","0.06588356805224048","0.017469567366757817","0.055310063614211785","0.12487107317575195"
"487","1","0.2","200","15","90","false","500","2500","0.14645011174555672","0.03645603216038129","0.020126136521726373","0.0066174703458645135","0.012501299836975035","0.041259639382339446"
"488","1","0.2","200","15","90","false","500","2500","0.14504848540611645","0.03604149253458671","0.12244378988643584","0.030408048594712064","0.1341569465719836","0.2027663744926115"
"487","1","0.2","200","15","90","false","500","3000","0.14712386481799727","0.035906296337009","0.034755431382354644","0.008090147075096393","0.0391401435201115","0.05703600355185609"
"488","1","0.2","200","15","90","false","500","3000","0.1453201510052651","0.036016937354869355","0.11069232514747147","0.01713282490536794","0.11072244506619998","0.2042217054708464"
"490","1","0.2","200","15","90","false","500","2500","0.14626917929221164","0.036382674281740725","0.035680295095294454","0.010003915117163361","0.036027620666260925","0.061009349502459044"
"489","1","0.2","200","15","90","false","500","2500","0.14498933557220328","0.0362012511909466","0.07556848646386602","0.03144823783975518","0.05914566347716798","0.13611155807467445"
"490","1","0.2","200","15","90","false","500","3000","0.1465529449194805","0.03691799264186052","0.04113809864968663","0.01844111544076195","0.03918929835951387","0.06578388214878407"
"489","1","0.2","200","15","90","false","500","3000","0.14514176115012514","0.0352056589473663","0.04622594393455682","0.009711562114645099","0.028574296100845123","0.10039197358818015"
"491","1","0.2","200","15","90","false","500","2500","0.14645431397581427","0.03603781412307015","0.03569717368724944","0.012764709350817116","0.01997509247366175","0.07435171923726938"
"491","1","0.2","200","15","90","false","500","3000","0.14624963175432037","0.03672274187730974","0.0675196810233667","0.014923742899314422","0.03095776278552666","0.15667753738525897"
"492","1","0.2","200","15","90","false","500","2500","0.1462406419451772","0.03613796173356075","0.03407028682949661","0.020039504275178015","0.032559388957777366","0.049611967255534434"
"493","1","0.2","200","15","90","false","500","2500","0.14654508775148767","0.037149135750647426","0.036283850549885505","0.0038195752910197816","0.03814884016602304","0.06688313619261377"
"492","1","0.2","200","15","90","false","500","3000","0.14645465794984439","0.03609543378067566","0.04951577455500899","0.027200791112877463","0.04751973926732527","0.07382679328482422"
"494","1","0.2","200","15","90","false","500","2500","0.1467211068750334","0.03701973887993624","0.027728360056606893","0.0033882100874608246","0.023773545740505123","0.05602332434185476"
"493","1","0.2","200","15","90","false","500","3000","0.14715636410217478","0.03667290401255857","0.04999068763381099","0.01635868199449974","0.03784250904347255","0.09577087186346044"
"495","1","0.2","200","15","90","false","500","2500","0.14920553132479758","0.03870608064813724","0.05835404908894529","0.030140223002439848","0.04911594249002754","0.09580598177436837"
"494","1","0.2","200","15","90","false","500","3000","0.14720710890322114","0.03694715329960161","0.037171254300216075","0.01180336751698294","0.02308077856279214","0.07662961682087306"
"495","1","0.2","200","15","90","false","500","3000","0.14892564544930242","0.03915561734025076","0.07033207494618891","0.038611299597832945","0.06195658210832803","0.11042834313240595"
"496","1","0.2","200","15","90","false","500","2500","0.14807627616496316","0.03812425644442338","0.06076999261966917","0.01627654136386269","0.03563574158275241","0.13039769491239236"
"496","1","0.2","200","15","90","false","500","3000","0.14851612383720317","0.03727213153766573","0.11435439478901457","0.03064929102460056","0.11438581873853255","0.19802807460391048"
"497","1","0.2","200","15","90","false","500","2500","0.1459290647353957","0.03678937783785762","0.03071738984008714","0.012732690267513466","0.032797368137111566","0.046622111115636494"
"497","1","0.2","200","15","90","false","500","3000","0.1457541765514315","0.03614666234616648","0.043553680837889026","0.00538550967167557","0.030676153883946438","0.09459937895804518"
"498","1","0.2","200","15","90","false","500","2500","0.14506171495228334","0.035109045613807274","0.07082052221978555","0.029417822726371987","0.05083876738009969","0.13220497655288482"
"499","1","0.2","200","15","90","false","500","2500","0.14568230651858796","0.03728348541219621","0.0463367733348885","0.023651357633100827","0.048305398981432865","0.06705356339013166"
"498","1","0.2","200","15","90","false","500","3000","0.14550865295830914","0.036063288679364154","0.047661518489365964","0.008010100165449658","0.03251803831925816","0.10245641698339004"
"500","1","0.2","200","15","90","false","500","2500","0.14691585875968272","0.03768056006503788","0.04257069701539394","0.021494692079979394","0.03481416157098068","0.07140323739522164"
"499","1","0.2","200","15","90","false","500","3000","0.1466006237612442","0.037447200118120395","0.045995142885993656","0.0246139741604244","0.046434648286305814","0.06693680621125075"
"501","1","0.2","200","15","90","false","500","2500","0.14769321313446448","0.03641727789380528","0.187506808835307","0.06954050249226845","0.15091576791030936","0.3420641561033427"
"500","1","0.2","200","15","90","false","500","3000","0.14783907202358254","0.03755020272651625","0.04045863140692008","0.008680794470852758","0.022976822105075047","0.08971827764483241"
"501","1","0.2","200","15","90","false","500","3000","0.14817400052226362","0.03706100126751181","0.08988584179545604","0.014158736885736758","0.0957919510636151","0.15970683743701614"
"502","1","0.2","200","15","90","false","500","2500","0.1463020874285706","0.0366546688860933","0.05855000734398603","0.029883575759391982","0.04935514843153454","0.09641129784103133"
"503","1","0.2","200","15","90","false","500","2500","0.14566817205045343","0.03669601595720968","0.14068994605761878","0.08185177722146371","0.1334936368086493","0.2067244241427433"
"502","1","0.2","200","15","90","false","500","3000","0.1465532169551151","0.03654169999040262","0.05339916123834175","0.008352212293017202","0.02714639937568379","0.1246988720463242"
"503","1","0.2","200","15","90","false","500","3000","0.14624320483460856","0.03601491653656658","0.10637356803900296","0.047366721877690844","0.10979200601207575","0.16196197622724248"
"504","1","0.2","200","15","90","false","500","2500","0.14764407954545486","0.03761468183311367","0.053800837408725724","0.006788829723620352","0.05876768836171706","0.0958459941408398"
"504","1","0.2","200","15","90","false","500","3000","0.1476547903736235","0.03775099848617247","0.06528888332694938","0.020603608782581318","0.03462104397679876","0.14064199722146786"
"505","1","0.2","200","15","90","false","500","2500","0.14778726636994288","0.037695762022864544","0.05982098852374771","0.011310695580531056","0.06460713361530235","0.10354513637540963"
"506","1","0.2","200","15","90","false","500","2500","0.1479420856304499","0.03781850381313275","0.04978372214445725","0.009642163344891043","0.02135964359006812","0.11834935949841252"
"505","1","0.2","200","15","90","false","500","3000","0.14814958044275278","0.03726421770406481","0.0396651308942042","0.022157709936800506","0.040969410170550044","0.05586827257526224"
"507","1","0.2","200","15","90","false","500","2500","0.14675411131571212","0.036301682137597026","0.0628187948638379","0.034679907870929255","0.05943287890560103","0.09434359781498362"
"506","1","0.2","200","15","90","false","500","3000","0.1482792151920908","0.0371927114029244","0.046365500898572304","0.017947033354335944","0.03730486602547996","0.08384460331590082"
"507","1","0.2","200","15","90","false","500","3000","0.14693611598807776","0.036246493514819074","0.018499601570041414","0.006675620586866948","0.01517841263235376","0.03364477149090355"
"509","1","0.2","200","15","90","false","500","2500","0.1466784491430211","0.03754180359701324","0.03150448684754028","0.00438471189934696","0.025136287525418417","0.06499246111785544"
"508","1","0.2","200","15","90","false","500","2500","0.14408815550659207","0.034036619580552166","0.027368975683937254","0.014319487398232321","0.025823295933075623","0.04196414372050378"
"509","1","0.2","200","15","90","false","500","3000","0.14744760042250626","0.0375688570360581","0.05376537653157356","0.012951671818946431","0.04347694554033342","0.10486751223544084"
"510","1","0.2","200","15","90","false","500","2500","0.14813629378066376","0.037762742448406314","0.014857146742163813","0.004603349747936407","0.012451949992299764","0.027516140486255343"
"508","1","0.2","200","15","90","false","500","3000","0.14494849909047125","0.03555051707988487","0.062292581761430085","0.021112430449522056","0.053999563309639904","0.11176575152512834"
"510","1","0.2","200","15","90","false","500","3000","0.14812981920635454","0.037785050355356294","0.03308809496707181","0.014508313813208098","0.0287929700105102","0.055963001077497035"
"511","1","0.2","200","15","100","false","500","2500","0.0014791413061378956","0.010665308382550205","0.05727535725280876","0.017140518270300723","0.05270945559538403","0.10197609789274147"
"512","1","0.2","200","15","100","false","500","2500","0.0014908766734081187","0.011007513363545975","0.05078314393384664","0.007354010596993833","0.0554171332993989","0.08957828790514721"
"513","1","0.2","200","15","100","false","500","2500","0.001484469081245646","0.010661595909809002","0.05522992230794622","0.017644021648837244","0.03654467617084261","0.11150106910415875"
"511","1","0.2","200","15","100","false","500","3000","0.0012100614824004032","0.011356070607551663","0.0899117866359484","0.04176316686123647","0.09264447244209098","0.13532772060451775"
"512","1","0.2","200","15","100","false","500","3000","0.0012188715511876611","0.011253955874828164","0.045233712961891014","0.013139246414890492","0.03893110415035875","0.08363078832042367"
"513","1","0.2","200","15","100","false","500","3000","0.0012145424835819905","0.010945244941056328","0.08630613557064992","0.058768354990018264","0.07424863603353053","0.125901415688401"
"514","1","0.2","200","15","100","false","500","2500","0.001487154375181888","0.011383514927040133","0.05392460425822864","0.01900481623759457","0.04244082797636553","0.10032816856072584"
"515","1","0.2","200","15","100","false","500","2500","0.0014901146454672372","0.011545503726431485","0.01635018589097604","0.008621966514773916","0.016019760930847088","0.024408830227307093"
"516","1","0.2","200","15","100","false","500","2500","0.001477163099599892","0.011133858799748386","0.04562986349204372","0.01661169653271069","0.04249830659302356","0.07777958735039689"
"514","1","0.2","200","15","100","false","500","3000","0.0012127875280752677","0.011157937005600749","0.06126018644369592","0.03240785600641682","0.054685038542020004","0.09668766478265074"
"515","1","0.2","200","15","100","false","500","3000","0.0012175094902085308","0.011147569813966075","0.057998448102826575","0.01710397568215531","0.04215829522609415","0.11473307340023027"
"516","1","0.2","200","15","100","false","500","3000","0.0012097624788286613","0.010344724601173626","0.04770170671836136","0.009438644441297456","0.052697563794440495","0.08096891191934633"
"517","1","0.2","200","15","100","false","500","2500","0.0014818196727031383","0.01120710889268258","0.019696610122527665","0.005075443515873909","0.01356277503443321","0.04045161181727582"
"518","1","0.2","200","15","100","false","500","2500","0.001488385964548979","0.010411451226320076","0.050250592544098006","0.02525266347260291","0.047097850972695636","0.07840126318699539"
"519","1","0.2","200","15","100","false","500","2500","0.001476159277061198","0.011291394166668462","0.08654114599319067","0.04737744083762013","0.07169985433440831","0.14054614280754388"
"517","1","0.2","200","15","100","false","500","3000","0.0012121158699785921","0.010755166025818377","0.04833819957540077","0.017414170359677336","0.027682041460931405","0.09991838690559371"
"518","1","0.2","200","15","100","false","500","3000","0.0012166205001041038","0.011176418245445296","0.05188923551386137","0.026163771686094465","0.04887903168057587","0.08062490317491398"
"519","1","0.2","200","15","100","false","500","3000","0.0012063204889977731","0.011110738110912255","0.10409985596971948","0.06611284586240405","0.09966401584599222","0.14652270620076258"
"520","1","0.2","200","15","100","false","500","2500","0.0014739515969057397","0.011535058999985574","0.020837078468410677","0.005027479808397822","0.014227724226744235","0.04325603137009002"
"522","1","0.2","200","15","100","false","500","2500","0.0014754629627232723","0.010892878165004276","0.024604476147793403","0.011415138372693066","0.02001891238925847","0.04237937768142874"
"521","1","0.2","200","15","100","false","500","2500","0.001478368891606346","0.010253721884079268","0.0520350681134122","0.02622929243192692","0.052530436961033836","0.07734547494727576"
"520","1","0.2","200","15","100","false","500","3000","0.001203987614927985","0.010779347693858075","0.022412944668453363","0.008592957271650669","0.020852361217799258","0.037793515515910224"
"522","1","0.2","200","15","100","false","500","3000","0.0012094968749317373","0.011161190638209195","0.016369378650425245","0.00360638468917329","0.009490346857835735","0.036011404404266784"
"521","1","0.2","200","15","100","false","500","3000","0.0012086686064813324","0.01146398577543549","0.052448225456444245","0.021447995648912366","0.04261945490835761","0.0932772258120628"
"524","1","0.2","200","15","100","false","500","2500","0.0014734823186659024","0.011064365718220493","0.024115263108235804","0.01032378673985098","0.018529961057099257","0.04349204152775725"
"523","1","0.2","200","15","100","false","500","2500","0.0014850005902515447","0.010834131335883289","0.039678080410691555","0.003518873720137729","0.03975805566163352","0.07575731185030346"
"525","1","0.2","200","15","100","false","500","2500","0.001481405279558874","0.011194476561662916","0.014861712265398777","0.0024801146799290734","0.014706239916938063","0.02739878219932916"
"524","1","0.2","200","15","100","false","500","3000","0.0012056878190876254","0.011136427695635217","0.047305780900607435","0.015272843594876023","0.035227330337710354","0.09141716876923608"
"523","1","0.2","200","15","100","false","500","3000","0.001216676641034655","0.011226293731720197","0.020460993741052987","0.00436321110661638","0.014212172083455852","0.042807598033086716"
"525","1","0.2","200","15","100","false","500","3000","0.001210889203206945","0.011438567526669047","0.02840802102403155","0.013083486475143288","0.02713481795592283","0.045005758641028536"
"526","1","0.2","200","15","100","false","500","2500","0.0014858018027419431","0.011127737207118564","0.05708897734793287","0.026315241341128028","0.05640845065065473","0.08854324005201578"
"527","1","0.2","200","15","100","false","500","2500","0.0014767216982551224","0.010790394274066507","0.010094764483215325","0.0044433433414283584","0.009402424519552872","0.016438525588664724"
"526","1","0.2","200","15","100","false","500","3000","0.001213882034562802","0.010693479887311568","0.08402425269507834","0.06017264595481978","0.08392127989541331","0.10797883223500211"
"528","1","0.2","200","15","100","false","500","2500","0.0014821653926268363","0.010771827391079208","0.040662076991081486","0.006272112806428767","0.02146453932418989","0.09424957884262582"
"527","1","0.2","200","15","100","false","500","3000","0.0012081532947078538","0.010847519669418786","0.017874530958297743","0.004550503939171808","0.014007512836587962","0.035065576099133404"
"528","1","0.2","200","15","100","false","500","3000","0.0012121152145316732","0.010818452670392973","0.08955865869330332","0.022280293628845302","0.06269218366555239","0.18370349878551204"
"529","1","0.2","200","15","100","false","500","2500","0.0014720763439163263","0.010778403071358283","0.019597325775037172","0.0055040875762282695","0.015808859648034808","0.03747903010084853"
"530","1","0.2","200","15","100","false","500","2500","0.00148943324321213","0.010873254359492096","0.030473659794752157","0.010333715876705512","0.029055178597905514","0.052032084909645435"
"531","1","0.2","200","15","100","false","500","2500","0.001469803771168461","0.011178037361856885","0.01753573160209168","0.007631439496732379","0.015126150503692133","0.0298496048058505"
"529","1","0.2","200","15","100","false","500","3000","0.0012019382590599276","0.011276881092063935","0.05195962552601816","0.023562310645106256","0.0527344118532896","0.07958215407965856"
"531","1","0.2","200","15","100","false","500","3000","0.0012031376620568817","0.010699439185847367","0.02725690570820708","0.012419310504550021","0.027085501323069354","0.04226590529700177"
"530","1","0.2","200","15","100","false","500","3000","0.0012162038356579373","0.011260182982249487","0.052441073827334594","0.024304953279290033","0.05425567930926418","0.07876258889344949"
"532","1","0.2","200","15","100","false","500","2500","0.0014818603389111843","0.011083136327568294","0.04289561719116715","0.014760674575747368","0.04164034253027832","0.07228583446747569"
"533","1","0.2","200","15","100","false","500","2500","0.0014839123274706727","0.010820743581333801","0.07820321168027432","0.04060605282261281","0.062461837962231044","0.13154174425597928"
"532","1","0.2","200","15","100","false","500","3000","0.0012107442737730968","0.010723572856998362","0.019380471616889782","0.007678172366664754","0.014778404610755507","0.035684837873249046"
"533","1","0.2","200","15","100","false","500","3000","0.0012126800537720168","0.010896289018564464","0.047554424030836595","0.022673788763874058","0.04220710455006478","0.07778237877857073"
"534","1","0.2","200","15","100","false","500","2500","0.0014759576048635952","0.010537409228826962","0.019357474827687092","0.008625500721541944","0.01933046158726679","0.030116462174252498"
"534","1","0.2","200","15","100","false","500","3000","0.0012057532752818918","0.01077837246768852","0.02741173914990307","0.005203323301659883","0.020086853769057698","0.056945040378991695"
"535","1","0.2","200","15","100","false","500","2500","0.001480179877997583","0.010947553487564163","0.05810381045076238","0.006417232228155622","0.06440985327018889","0.1034843458539426"
"536","1","0.2","200","15","100","false","500","2500","0.001481696251283852","0.011027844725732547","0.045441385868140685","0.021007314665616617","0.04190002616834485","0.0734168167704607"
"537","1","0.2","200","15","100","false","500","2500","0.001484838907978838","0.01095164797053316","0.06698368837736997","0.014553871453874701","0.0810511633107096","0.10534603036752584"
"535","1","0.2","200","15","100","false","500","3000","0.001208711366481072","0.010804594793348521","0.04831046000062109","0.024579382299741017","0.04414286930363956","0.07620912839848276"
"536","1","0.2","200","15","100","false","500","3000","0.001212996267059104","0.010757445472800924","0.07549062416765104","0.019778701125896476","0.06431806058957738","0.1423751107874792"
"537","1","0.2","200","15","100","false","500","3000","0.0012149773281447728","0.010918019258768093","0.03065532765066941","0.005622601868685694","0.01711620694184153","0.06922717414148107"
"538","1","0.2","200","15","100","false","500","2500","0.0014818424614498758","0.010886558636478279","0.05730231220426315","0.009179687123397742","0.06375728672004262","0.09896996276934918"
"539","1","0.2","200","15","100","false","500","2500","0.0014945291143947078","0.011210408383298374","0.07024671682326479","0.03276992437126359","0.06038434231831101","0.11758588378021959"
"538","1","0.2","200","15","100","false","500","3000","0.0012103978569912037","0.010684002466823037","0.02762606982831741","0.006457886378894887","0.021291278120692366","0.055129044985364944"
"539","1","0.2","200","15","100","false","500","3000","0.0012217443373722101","0.011037398892758187","0.021991019977757095","0.005393641053695524","0.016186544077202658","0.04439287480237314"
"540","1","0.2","200","15","100","false","500","2500","0.00148057819622668","0.01092120543988512","0.048021790840202215","0.0044554733316610135","0.05000851596369511","0.08960138322525049"
"540","1","0.2","200","15","100","false","500","3000","0.001212007266234671","0.010656566845509483","0.058107514447764574","0.010482045806843778","0.056293607446414484","0.10754689009003529"
"543","1","0.3","200","15","10","false","500","2500","0.599153598156645","0.7773933847683391","0.3331842955220592","0.0032162972344562187","0.016404955918918048","0.9799316334128028"
"541","1","0.3","200","15","10","false","500","2500","0.5988490186938974","0.7752738440669305","0.3325256955986487","0.007734955922869666","0.0126388072062148","0.9772033236668599"
"542","1","0.3","200","15","10","false","500","2500","0.6035536382259105","0.7911187843144422","0.20132301650994047","0.11813272160989212","0.17665451110064412","0.30918181681928447"
"543","1","0.3","200","15","10","false","500","3000","0.5989973567209553","0.7777329094074661","0.3324907004028375","0.00576171188856669","0.014443241506012183","0.9772671478139311"
"541","1","0.3","200","15","10","false","500","3000","0.5984407398380557","0.775552797277666","0.330229715084315","0.00568453271699542","0.011088992077365892","0.9739156204585829"
"542","1","0.3","200","15","10","false","500","3000","0.6043558941770333","0.7947266868108811","0.23170655396397435","0.14149015088263894","0.21580810488837293","0.337821406120911"
"544","1","0.3","200","15","10","false","500","2500","0.5966841592541686","0.7695895788666509","0.3420618975163222","0.0021529929877657553","0.047498609531174026","0.9765340900300246"
"545","1","0.3","200","15","10","false","500","2500","0.6022256226771983","0.786860911249904","0.32162543848513814","0.020968024441812155","0.34460004467980276","0.5993082463337988"
"544","1","0.3","200","15","10","false","500","3000","0.5969009394791982","0.7720337521258933","0.3475058176773496","0.02068188565912399","0.04290663767533586","0.9789289296975877"
"545","1","0.3","200","15","10","false","500","3000","0.6017739577218271","0.7871809420826228","0.35043579922879603","0.037363159076848625","0.39925472625773073","0.6146895123518091"
"546","1","0.3","200","15","10","false","500","2500","0.5997166002038348","0.7773824857043973","0.31777125398094763","0.005825746032233698","0.09683337966754094","0.8506546362430677"
"546","1","0.3","200","15","10","false","500","3000","0.5992421136294586","0.7774759081721957","0.35131928985148386","0.018614439920832646","0.12353861073981992","0.9118048188937987"
"547","1","0.3","200","15","10","false","500","2500","0.5977684302782961","0.7725590126254118","0.28045127746807214","0.20059159032756127","0.2743861147191968","0.36637612735745906"
"549","1","0.3","200","15","10","false","500","2500","0.6008967941659586","0.7825720350288712","0.34138781326681167","0.017461519531091412","0.2720265245401781","0.7346753957291671"
"548","1","0.3","200","15","10","false","500","2500","0.6012343753600006","0.7839962901895968","0.32749758626041353","0.19009385866899844","0.36270969542067016","0.4296892046915722"
"547","1","0.3","200","15","10","false","500","3000","0.598045017254424","0.773912854439441","0.24129849101755566","0.17204952431039955","0.2275611780768233","0.3242847706654444"
"548","1","0.3","200","15","10","false","500","3000","0.601365306892123","0.7845232120897766","0.3452653102537873","0.2299028919006301","0.3700400419942153","0.43585299686651713"
"550","1","0.3","200","15","10","false","500","2500","0.6017133242185888","0.7824414039922086","0.2643892198867255","0.05006016233307991","0.10286505243659666","0.6402424448904993"
"549","1","0.3","200","15","10","false","500","3000","0.6011072811417371","0.7859391744706156","0.3376957351933153","0.021028719596108473","0.2541620358892495","0.7378964500945902"
"551","1","0.3","200","15","10","false","500","2500","0.6022844799313324","0.7882170442595992","0.34589537353987226","0.004895213850640039","0.05165412945907878","0.9811367773098972"
"550","1","0.3","200","15","10","false","500","3000","0.601816702196512","0.7853317137157947","0.27361584284824136","0.008265928095674887","0.03183439076922451","0.7807472096798228"
"551","1","0.3","200","15","10","false","500","3000","0.6021038149954292","0.7892056444612316","0.3448893642548533","0.006408872246258932","0.05424155179157592","0.9740176687267248"
"552","1","0.3","200","15","10","false","500","2500","0.602318434054959","0.7869233976439907","0.3530196629212702","0.27970326844239446","0.32853505004225914","0.45082067027915756"
"552","1","0.3","200","15","10","false","500","3000","0.6021483993375857","0.7869633131410221","0.357334817240906","0.25911449727085906","0.3297431969592111","0.4831467574926474"
"553","1","0.3","200","15","10","false","500","2500","0.6002888462875382","0.7796357400769273","0.3121439543286433","0.01546556129976875","0.026988607607312885","0.8939776940788479"
"555","1","0.3","200","15","10","false","500","2500","0.6018042737656606","0.7846235197392493","0.22486973090767914","0.0895975775190287","0.22315812701130724","0.3618534881927008"
"554","1","0.3","200","15","10","false","500","2500","0.6013788576483063","0.7821709233446088","0.3366153983056512","0.02379199856461369","0.11820402695454058","0.8678501693978004"
"553","1","0.3","200","15","10","false","500","3000","0.6009782674159136","0.7837984097729701","0.327140882206003","0.0060581231073310775","0.01702881377523204","0.958335709735445"
"556","1","0.3","200","15","10","false","500","2500","0.5999350092763387","0.7794835237629087","0.34125507922108805","0.005627327437542477","0.03873874207243707","0.9793991681532835"
"555","1","0.3","200","15","10","false","500","3000","0.6016969408280703","0.7858016551682196","0.27966640253454816","0.07853929157284853","0.14855007001702758","0.6119098460137687"
"554","1","0.3","200","15","10","false","500","3000","0.6012802504375744","0.7845170020724228","0.35020153525273456","0.026497674564051214","0.0775623440141306","0.9465445871800211"
"557","1","0.3","200","15","10","false","500","2500","0.6010138237206307","0.7826668768241065","0.3136679098050651","0.006204853934408273","0.4107982859394231","0.5240005895413636"
"556","1","0.3","200","15","10","false","500","3000","0.6005130102182179","0.7824404957022019","0.3422263565601462","0.013847818176185368","0.034746021788939936","0.9780852297153125"
"557","1","0.3","200","15","10","false","500","3000","0.6011398962773769","0.7838403745484106","0.32830641533221677","0.05157111638864877","0.4181750660819668","0.515173063526035"
"558","1","0.3","200","15","10","false","500","2500","0.6031248518248107","0.7902839097916096","0.3226721871473094","0.07170001636490055","0.40916178469205683","0.4871547603849701"
"559","1","0.3","200","15","10","false","500","2500","0.5998712972022728","0.7779416307492215","0.29653629113130486","0.005925080872413219","0.05331087444976556","0.8303729180717367"
"561","1","0.3","200","15","10","false","500","2500","0.5987290566622213","0.7749147642093605","0.3472540258208464","0.02444667230426259","0.045159822055098636","0.9721555831031765"
"560","1","0.3","200","15","10","false","500","2500","0.5997813970043087","0.7793413947306151","0.3531268861698866","0.01761022376526311","0.06415511497174427","0.9776153197726504"
"558","1","0.3","200","15","10","false","500","3000","0.6026381435783941","0.7896390693622655","0.2874241728962306","0.02288975759215553","0.3698859381524844","0.4694968229440515"
"559","1","0.3","200","15","10","false","500","3000","0.5996191891907243","0.7785975392631586","0.30139360706999213","0.017989102696815994","0.03508047226742976","0.8511112462457314"
"561","1","0.3","200","15","10","false","500","3000","0.5991786712338728","0.7780221663630211","0.34543534868001075","0.029831490257998753","0.0540286191065494","0.9524459366754852"
"562","1","0.3","200","15","10","false","500","2500","0.6011964112034961","0.7836385540764786","0.35276418807854604","0.04345938845667414","0.11793640896789408","0.89689676681107"
"560","1","0.3","200","15","10","false","500","3000","0.599420325764968","0.7795172915848543","0.34675668045868957","0.024212448752615256","0.03665294432027465","0.9794046483031758"
"563","1","0.3","200","15","10","false","500","2500","0.6008796789513982","0.7816342464630955","0.26853553668948515","0.199008246694225","0.2416354994282196","0.3649628639460105"
"562","1","0.3","200","15","10","false","500","3000","0.6013912524149924","0.784829901559603","0.3411718282397867","0.061399813473139705","0.07989072553501594","0.8822249457112054"
"563","1","0.3","200","15","10","false","500","3000","0.6003293831503093","0.7816699593996783","0.31985204286028857","0.16955036930870276","0.28206070132429617","0.5079450579478677"
"564","1","0.3","200","15","10","false","500","2500","0.6009049986756518","0.7828777532716811","0.32301251351865173","0.02017073111261228","0.05767728880571003","0.891189520637633"
"566","1","0.3","200","15","10","false","500","2500","0.5997321893208004","0.7773631405867126","0.34970652575485783","0.024368363825458112","0.4774396484744724","0.5473115649646432"
"565","1","0.3","200","15","10","false","500","2500","0.601057512690557","0.7818572876562888","0.3236993309496432","0.07024774322892559","0.15377216320993778","0.7470780864100663"
"567","1","0.3","200","15","10","false","500","2500","0.6015382341125051","0.7842359793970203","0.29551893759018943","0.014653619703685764","0.40681903064107344","0.4650841624258085"
"564","1","0.3","200","15","10","false","500","3000","0.6021693280204362","0.7887299663885072","0.33938382328123173","0.0037098717923102183","0.07250115584068179","0.9419404422107048"
"566","1","0.3","200","15","10","false","500","3000","0.6002132115247367","0.780208612911392","0.33578022196034535","0.011168857841907881","0.46843867863374444","0.5277331294053836"
"565","1","0.3","200","15","10","false","500","3000","0.6017425706407328","0.7851824390723923","0.3197018118222343","0.05837558882548915","0.08507251940735966","0.8156573272338534"
"567","1","0.3","200","15","10","false","500","3000","0.6011055852673571","0.784597052462947","0.31021238653706457","0.007280476817064228","0.4394158829765852","0.483940799817544"
"568","1","0.3","200","15","10","false","500","2500","0.5987192291431248","0.7742171272846636","0.318302582037977","0.037953158806563844","0.12161982737439006","0.7953347599329772"
"569","1","0.3","200","15","10","false","500","2500","0.5982662524484714","0.7726812646403804","0.3353945754404721","0.004434362136631799","0.025479724300246604","0.9762696398845375"
"568","1","0.3","200","15","10","false","500","3000","0.5992266505602111","0.7778275033665881","0.33244294279337","0.04913405879908679","0.07783398216953277","0.8703607874114924"
"569","1","0.3","200","15","10","false","500","3000","0.5988612068354996","0.7768506506100773","0.3364173884570664","0.006617234085216192","0.025872928152736754","0.9767620031332443"
"571","1","0.3","200","15","25","false","500","2500","0.6038664587962601","0.8888651946308197","0.3550491641402167","0.035667136491477076","0.4020472277136034","0.627433128215569"
"572","1","0.3","200","15","25","false","500","2500","0.5998547693442274","0.87750265131446","0.3728991904849952","0.05035065423061545","0.08948652675052803","0.9788603904738403"
"573","1","0.3","200","15","25","false","500","2500","0.5994295681261028","0.8763793080611235","0.33184529863371637","0.005995802388136825","0.33068107536328645","0.6588590181497262"
"570","1","0.3","200","15","10","false","500","2500","0.5995148264641652","0.7769570186875373","0.33036270128444223","0.00276600406407282","0.013126533012366508","0.9751955667768843"
"571","1","0.3","200","15","25","false","500","3000","0.6033835881776853","0.8883311822369265","0.35129201695566353","0.008634624176705283","0.3526770580616425","0.6925643686286421"
"572","1","0.3","200","15","25","false","500","3000","0.5990713496120732","0.8780570627109027","0.3706738681862817","0.04240173984563541","0.09116299159693157","0.978456873116276"
"574","1","0.3","200","15","25","false","500","2500","0.6014540118418701","0.8814894194134988","0.3417294901703202","0.00937005961221911","0.4716563186876834","0.5441620922110584"
"573","1","0.3","200","15","25","false","500","3000","0.5993777790149039","0.8785596865651988","0.3584729831717716","0.016825396448305587","0.31406295357086855","0.7445305994961412"
"570","1","0.3","200","15","10","false","500","3000","0.5995892892956027","0.779574567709683","0.340622435656504","0.015337903855301033","0.030256768871102156","0.9762726342431071"
"575","1","0.3","200","15","25","false","500","2500","0.5998958466671592","0.8779718975607248","0.3468780401291368","0.005307928183946435","0.054921386073110964","0.98040480613035"
"574","1","0.3","200","15","25","false","500","3000","0.6013106335446713","0.8829662336448119","0.33839020799021113","0.019403973879911295","0.45639260113494956","0.539374048955773"
"575","1","0.3","200","15","25","false","500","3000","0.5994912063648948","0.8789613508766508","0.3456922388535931","0.02094822944670072","0.04253433721772954","0.9735941498963467"
"576","1","0.3","200","15","25","false","500","2500","0.6000901329463094","0.8776590447631861","0.372479959836413","0.02658598871994561","0.15916461019642678","0.9316892805928654"
"578","1","0.3","200","15","25","false","500","2500","0.5977569887674092","0.8732528459661838","0.34016481421894745","0.020974671413304037","0.04002616093519548","0.9594936103083423"
"577","1","0.3","200","15","25","false","500","2500","0.6011675278201548","0.8812344844925714","0.31388253910832614","0.028724839841287278","0.10391294676156512","0.8090098307221264"
"579","1","0.3","200","15","25","false","500","2500","0.6003056588198605","0.8801244505701947","0.3300801778693701","0.014882186334749989","0.040368476154468966","0.9349898711188912"
"576","1","0.3","200","15","25","false","500","3000","0.6003729850088134","0.8797611258650199","0.3838316750513646","0.07919896153430643","0.1347518983562023","0.9375441652635849"
"577","1","0.3","200","15","25","false","500","3000","0.6014636565615347","0.8843206347434894","0.2833231867097729","0.019845646993393796","0.03587182155217417","0.7942520915837504"
"580","1","0.3","200","15","25","false","500","2500","0.5971088855729398","0.8740307305925031","0.3355662216567322","0.0047583732617962355","0.36391549813255114","0.6380247935758485"
"578","1","0.3","200","15","25","false","500","3000","0.5984267825210975","0.8759015244697949","0.3439174946844305","0.019972888129317135","0.03505490238205836","0.9767246935419149"
"579","1","0.3","200","15","25","false","500","3000","0.6004542861068165","0.8823367141294157","0.35473643678994765","0.015914439329239395","0.07536018731698722","0.9729346837236144"
"581","1","0.3","200","15","25","false","500","2500","0.6038796883702364","0.889104307424479","0.3387639142373179","0.010102635795308141","0.05213455495631486","0.9540545519603315"
"580","1","0.3","200","15","25","false","500","3000","0.5971746981878042","0.8746718288664709","0.3432611256305676","0.0030176762918984923","0.3724011894043868","0.6543645111954184"
"581","1","0.3","200","15","25","false","500","3000","0.6032548606744699","0.8874398952599187","0.3557390091758424","0.04354378268631779","0.08496966117050521","0.9387035836707058"
"582","1","0.3","200","15","25","false","500","2500","0.5984654376838824","0.8759796671255916","0.3373098386577089","0.012249413866064011","0.025086456154621756","0.9745936459524406"
"584","1","0.3","200","15","25","false","500","2500","0.6006263825435835","0.8802021960962921","0.33793752958360923","0.033111528013513004","0.2090664046315038","0.7716346561058093"
"583","1","0.3","200","15","25","false","500","2500","0.6028095644142117","0.8827651440140201","0.272445930794742","0.015795056300420843","0.35915613819761766","0.4423865978861878"
"585","1","0.3","200","15","25","false","500","2500","0.5995820391171403","0.8766545057167545","0.3413061535137521","0.007463023005475553","0.05013706024478184","0.9663183772909979"
"586","1","0.3","200","15","25","false","500","2500","0.6020182738288056","0.8823592438039343","0.31320438866947065","0.034423413074263776","0.0686137034784804","0.8365760494556685"
"582","1","0.3","200","15","25","false","500","3000","0.5982566105922641","0.8757766013403165","0.344503328175837","0.008186439565282495","0.049415685315228455","0.9759078596469968"
"583","1","0.3","200","15","25","false","500","3000","0.6020237405057088","0.882882112268173","0.29599437808792306","0.009457394032533425","0.3991810381747798","0.4793447020564566"
"584","1","0.3","200","15","25","false","500","3000","0.6003580856864685","0.8811509184360005","0.3259607945616991","0.0206511731763677","0.14218093575571494","0.8150502747530144"
"587","1","0.3","200","15","25","false","500","2500","0.6009975007225968","0.8811580311552321","0.33189535094082356","0.005755827718612242","0.013437829500244188","0.9764923956036129"
"586","1","0.3","200","15","25","false","500","3000","0.6018624874516413","0.8839998805554301","0.32382822471158434","0.023256553859353706","0.12539704641086374","0.8228310738645361"
"585","1","0.3","200","15","25","false","500","3000","0.599090354840473","0.8762361525518364","0.34044178892086296","0.011720391309356405","0.08767715819800015","0.9219278172552315"
"587","1","0.3","200","15","25","false","500","3000","0.6012471538425316","0.8815950046080883","0.338765787118911","0.012194366355518052","0.02480972006799425","0.9792932749332183"
"588","1","0.3","200","15","25","false","500","2500","0.6010432820317824","0.8800298771539047","0.334747954448836","0.017192633120635254","0.0330142266896426","0.9540370035362303"
"590","1","0.3","200","15","25","false","500","2500","0.5986750969171843","0.8750947629566524","0.3372930647544195","0.020387426268900527","0.03956159141785391","0.9519301765765013"
"589","1","0.3","200","15","25","false","500","2500","0.6001255954281749","0.8796884619201167","0.3276351601808859","0.0566458226045679","0.0946535851707658","0.8316060727673229"
"591","1","0.3","200","15","25","false","500","2500","0.601264910529114","0.8817419631603478","0.36714588984395363","0.06196901831713093","0.36584577803006607","0.6736228731846645"
"588","1","0.3","200","15","25","false","500","3000","0.6002652835620027","0.8804452775698833","0.32977741292132356","0.005100101680276453","0.026624565155299425","0.957607571928395"
"590","1","0.3","200","15","25","false","500","3000","0.5983565016644536","0.8766445667499617","0.33146082564102836","0.007174949257044958","0.02124821526336598","0.965959312402675"
"589","1","0.3","200","15","25","false","500","3000","0.6007909967569732","0.8822564296758336","0.31894712200737885","0.00802078506625367","0.0542727334066289","0.8945478475492561"
"592","1","0.3","200","15","25","false","500","2500","0.6000278269439474","0.8786747498896786","0.31898259563380926","0.042988251050042815","0.17025826895050528","0.7437012669008807"
"591","1","0.3","200","15","25","false","500","3000","0.6015320275682167","0.8842458986507988","0.36830844430348003","0.05945344842888512","0.38120050362756874","0.6642713808539864"
"593","1","0.3","200","15","25","false","500","2500","0.5993218241321215","0.8784034054762521","0.32563851066794747","0.050028597981749606","0.40426372046519715","0.5226232135568954"
"592","1","0.3","200","15","25","false","500","3000","0.5992108643987849","0.8788965021430778","0.3118057831160986","0.010112764784375306","0.14004094058159003","0.7852636439823276"
"593","1","0.3","200","15","25","false","500","3000","0.5999223848401386","0.8803417351109784","0.3038237536743742","0.00955425053436903","0.407838303862023","0.49407870662672904"
"594","1","0.3","200","15","25","false","500","2500","0.5990811433666816","0.8765003940714877","0.32882651157687387","0.06625438044535058","0.4247263690221271","0.4954987852631435"
"596","1","0.3","200","15","25","false","500","2500","0.599329663994249","0.8782451251460809","0.29824536600401086","0.010639623710417061","0.06076463661126908","0.823331837690347"
"595","1","0.3","200","15","25","false","500","2500","0.598538279921743","0.8760184795845576","0.3689871174393757","0.042928132757325294","0.0995092321144798","0.9645239874463211"
"597","1","0.3","200","15","25","false","500","2500","0.6011302011255836","0.8806938730331102","0.35950257362281934","0.07409464169532716","0.09917774751661754","0.9052353316565145"
"594","1","0.3","200","15","25","false","500","3000","0.5995145683542681","0.8778393748991642","0.31475037557558516","0.04326900174971832","0.368305348063678","0.5326767769133595"
"596","1","0.3","200","15","25","false","500","3000","0.6003021118967605","0.8812015147916674","0.29918351003041005","0.022767201198716898","0.04738249153573303","0.8274008373567793"
"595","1","0.3","200","15","25","false","500","3000","0.5996234173619379","0.8797021706952086","0.38327146266400103","0.07148940620848127","0.09949240573143789","0.9788325760520826"
"598","1","0.3","200","15","25","false","500","2500","0.6047568486162137","0.8869919653844341","0.33857128422390403","0.018731048096627304","0.3862725135906548","0.6107102909844315"
"597","1","0.3","200","15","25","false","500","3000","0.6014714175416014","0.8835872821444465","0.37205022929174364","0.06363852915168602","0.13369063500006698","0.9188215237234792"
"599","1","0.3","200","15","25","false","500","2500","0.6009283138474046","0.8824149344786032","0.3382343519709312","0.006873668194441665","0.029558103195864716","0.9782712845224865"
"598","1","0.3","200","15","25","false","500","3000","0.6044612022847526","0.8883674803674944","0.30933127277189787","0.005471798019674189","0.31022428970006005","0.6122977305959586"
"599","1","0.3","200","15","25","false","500","3000","0.6003903476182809","0.8820180068061286","0.33962877542982706","0.012170521595824204","0.0237917117637787","0.9829240929298769"
"601","1","0.3","200","15","50","false","500","2500","0.5998886989935703","0.9765125107000014","0.35057486391257603","0.03694435210347667","0.3940956899672294","0.6206845496670219"
"602","1","0.3","200","15","50","false","500","2500","0.5983471706890018","0.9763428198816653","0.3218690447606423","0.060369470853643865","0.29368819724306816","0.6115494661852128"
"600","1","0.3","200","15","25","false","500","2500","0.601826258953641","0.882866852225384","0.342421862050461","0.07784928139688622","0.25968266930778944","0.6897336354467076"
"603","1","0.3","200","15","50","false","500","2500","0.5998815521756129","0.9759006663730081","0.3414456230875831","0.03748564137324305","0.12377783904419111","0.8630733888453148"
"601","1","0.3","200","15","50","false","500","3000","0.6009792149127164","0.9774798865861279","0.351404248539413","0.041636912917718795","0.26967491988551506","0.7429009128150045"
"602","1","0.3","200","15","50","false","500","3000","0.5986188004216505","0.9763415250690796","0.36779044929483357","0.07284487098602303","0.36409460164023844","0.6664318752582403"
"600","1","0.3","200","15","25","false","500","3000","0.6004691972093553","0.880708239776215","0.34543431666650115","0.04916460647575301","0.29303423456032063","0.6941041089634309"
"604","1","0.3","200","15","50","false","500","2500","0.6011667749327416","0.9776218041248651","0.3485460968827465","0.009440700302198717","0.059006263703898054","0.9771913266421408"
"603","1","0.3","200","15","50","false","500","3000","0.6005735614451984","0.9771001179299397","0.30348329911793814","0.026893027948108633","0.040978855425689714","0.8425780139800142"
"605","1","0.3","200","15","50","false","500","2500","0.599918974219538","0.9769542191978614","0.33919355859045025","0.0520904170883776","0.24386408147835809","0.7216261772046149"
"604","1","0.3","200","15","50","false","500","3000","0.6015342574995369","0.9773886115609332","0.3457078356230664","0.01680599038660788","0.0429117768662376","0.9774057396163512"
"605","1","0.3","200","15","50","false","500","3000","0.5998371185966351","0.9774407879310836","0.33824590857847564","0.05644616994038121","0.15218190316464839","0.8061096526303982"
"607","1","0.3","200","15","50","false","500","2500","0.599068153889989","0.976172509468451","0.3376056261863833","0.004591049650649635","0.028964201592337594","0.9792616273161628"
"606","1","0.3","200","15","50","false","500","2500","0.5991408613344662","0.9761707526306055","0.360990072299887","0.00652082479538359","0.09699484786582138","0.9794545442384531"
"608","1","0.3","200","15","50","false","500","2500","0.5973492213381462","0.9744778392740174","0.4018994049535834","0.029932348301534368","0.36776039919915987","0.8080054673600543"
"609","1","0.3","200","15","50","false","500","2500","0.598516384316993","0.9751218660114842","0.3809689782602081","0.053217292057709274","0.1109615543792014","0.9787280883437138"
"607","1","0.3","200","15","50","false","500","3000","0.5990807248042261","0.9756256006710098","0.3359693441641753","0.011117566206934444","0.020047050832279343","0.9767434154533123"
"606","1","0.3","200","15","50","false","500","3000","0.5995232877879867","0.9767345096951223","0.34975772268817906","0.01595936187614877","0.05469410051986585","0.9786197056685211"
"608","1","0.3","200","15","50","false","500","3000","0.5968526265961313","0.9751094126332938","0.36870826668923246","0.023408313996412206","0.22068592204054774","0.8620305640307385"
"610","1","0.3","200","15","50","false","500","2500","0.5998190153886112","0.976009706356494","0.370980423545201","0.0917330792409645","0.3965588876261415","0.6246493037684955"
"609","1","0.3","200","15","50","false","500","3000","0.5991792443417124","0.9763488470284725","0.37003659706245257","0.02613934091608681","0.1072907584914107","0.976679691779859"
"611","1","0.3","200","15","50","false","500","2500","0.5989827843419046","0.9750385377432056","0.3638189691109076","0.028852984695833743","0.08392283186896549","0.9786810907679245"
"610","1","0.3","200","15","50","false","500","3000","0.6003905973371672","0.9775009857568782","0.3599052306237975","0.03462156815446247","0.4613464374388235","0.5837476862781067"
"611","1","0.3","200","15","50","false","500","3000","0.598861262688751","0.975798162029422","0.3382264489223775","0.01751460238227706","0.03006698428301873","0.9670977601018358"
"612","1","0.3","200","15","50","false","500","2500","0.5999284945432874","0.9761337112797559","0.33773925749665007","0.053387816078051493","0.37626747532021865","0.5835624810916796"
"613","1","0.3","200","15","50","false","500","2500","0.5971214806539218","0.974161952773212","0.3804895886374533","0.04761358285167024","0.11369901775547823","0.9801561653052087"
"614","1","0.3","200","15","50","false","500","2500","0.5990513690024775","0.9760282063568817","0.3576318131158874","0.03782287255884123","0.05697019036830988","0.9781023764205101"
"615","1","0.3","200","15","50","false","500","2500","0.6007405608295677","0.9763927307409949","0.3309750277692934","0.003301757438828839","0.009363922655937417","0.9802594032131126"
"613","1","0.3","200","15","50","false","500","3000","0.5975967979925617","0.9746990069133292","0.40314610350575947","0.03570777850981645","0.18973333765981829","0.9839971943476433"
"612","1","0.3","200","15","50","false","500","3000","0.5989972831624806","0.9766564078004444","0.3188271449676252","0.010312485810177133","0.3491356207117126","0.597033328380985"
"614","1","0.3","200","15","50","false","500","3000","0.599644555755515","0.976483544040255","0.36249817880820623","0.04474833305787637","0.06457494609682342","0.9781712572699174"
"615","1","0.3","200","15","50","false","500","3000","0.6011195257348806","0.9776659072659184","0.3334575048070544","0.003284090255000468","0.01697892132044263","0.9801095028457175"
"617","1","0.3","200","15","50","false","500","2500","0.5999535512894654","0.9766805312843642","0.3412967825136615","0.010285785850180753","0.03756868032057188","0.9760358813702317"
"616","1","0.3","200","15","50","false","500","2500","0.5980189255339945","0.9749571936325615","0.3642915924290246","0.02755880817251807","0.17708508509472626","0.8882308840198279"
"617","1","0.3","200","15","50","false","500","3000","0.5999691934169212","0.9774130178975418","0.34302013602311304","0.006563598600516182","0.0394306190071784","0.9830661904616438"
"616","1","0.3","200","15","50","false","500","3000","0.5982799780960929","0.9758914994213564","0.3549393320923086","0.01916151282614146","0.1331990964167603","0.9124573870340238"
"619","1","0.3","200","15","50","false","500","2500","0.5994247184096403","0.9755464562982329","0.3311104787254615","0.03694288653797004","0.2860997369753666","0.6702888126630487"
"618","1","0.3","200","15","50","false","500","2500","0.5998736540200684","0.9766119982521364","0.3523362595268552","0.012179912614596082","0.06407524485800335","0.9807536211079632"
"620","1","0.3","200","15","50","false","500","2500","0.5971427282815164","0.9744265549336482","0.3406369326157745","0.006574840587236396","0.0333268417277782","0.9820091155323071"
"621","1","0.3","200","15","50","false","500","2500","0.5996004114319915","0.9762936594389967","0.37246090567552176","0.01718170553953963","0.12015385749985993","0.9800471539871634"
"619","1","0.3","200","15","50","false","500","3000","0.5992091611169589","0.9765359776587932","0.30764936150722094","0.07283428778111423","0.13684462789429078","0.7132691688462605"
"618","1","0.3","200","15","50","false","500","3000","0.5990862171942754","0.9757833830826713","0.34429070010914087","0.007676208236685642","0.04835367097556596","0.9768422211151678"
"620","1","0.3","200","15","50","false","500","3000","0.5981599573079583","0.9757355414120921","0.337370452392127","0.013006212406755023","0.021387976175929368","0.9777171685936946"
"621","1","0.3","200","15","50","false","500","3000","0.6000514167943816","0.977220695401348","0.3452791579046222","0.014675927428319252","0.04139833227732216","0.9797632140082237"
"622","1","0.3","200","15","50","false","500","2500","0.5993820364659942","0.9754562173001012","0.3696148836497319","0.006326569278755401","0.21344280367275265","0.8890752779976882"
"623","1","0.3","200","15","50","false","500","2500","0.6004096090273268","0.9769143583900533","0.35531305520841283","0.06282992427388019","0.33209440295434894","0.6710148383970087"
"622","1","0.3","200","15","50","false","500","3000","0.5992875743062581","0.9762291979207838","0.34809734492679284","0.004453204320780318","0.2167914435053497","0.82304738695425"
"623","1","0.3","200","15","50","false","500","3000","0.6003091804171458","0.9769858888622304","0.3354534931084561","0.09785968395556804","0.357592893491249","0.5509079018785514"
"624","1","0.3","200","15","50","false","500","2500","0.5999333455383208","0.9760814887107405","0.36025426805629907","0.11421745230881139","0.4141770785390142","0.552368273321073"
"625","1","0.3","200","15","50","false","500","2500","0.6021040642019233","0.9765510544185105","0.34356477552517567","0.02714894771333187","0.051707543303370206","0.9518378355588267"
"626","1","0.3","200","15","50","false","500","2500","0.5960569207056297","0.9739731363187678","0.3068257634133537","0.03184877294056415","0.10109584251391601","0.7875326747855802"
"627","1","0.3","200","15","50","false","500","2500","0.6017476044671223","0.9775484804086518","0.3446833208572191","0.027255833666511645","0.0551230047329342","0.9516711241722127"
"624","1","0.3","200","15","50","false","500","3000","0.5993217773125632","0.9762363496470757","0.3478094803656831","0.09860573491535375","0.2542365941940242","0.6905861119876716"
"625","1","0.3","200","15","50","false","500","3000","0.6025716807448397","0.9779055302058253","0.32982072693931375","0.02415890869944744","0.05970026222791012","0.9056030098905853"
"626","1","0.3","200","15","50","false","500","3000","0.5964917940567829","0.9745204905357697","0.3048081903966491","0.02807942917442868","0.052337531606977135","0.8340076104085405"
"627","1","0.3","200","15","50","false","500","3000","0.600742223387723","0.9773547540570359","0.34368671457386707","0.02695949742434033","0.048306846038927015","0.9557938002583326"
"628","1","0.3","200","15","50","false","500","2500","0.5996861018493084","0.9765701853968007","0.34414083251623423","0.044150466649424736","0.08096833354198553","0.9073036973572914"
"628","1","0.3","200","15","50","false","500","3000","0.5999112228749239","0.9770068217942156","0.327950430398012","0.03317471383706449","0.0795905611137246","0.8710860162432471"
"629","1","0.3","200","15","50","false","500","2500","0.5985985158036504","0.9758310337066397","0.340809982042455","0.011997499005331305","0.20330167085034184","0.8071307762716902"
"631","1","0.3","200","15","75","false","500","2500","0.3363436030362835","0.30574661881288584","0.32935155652186315","0.05107146940570011","0.2378717210692961","0.6991114790905936"
"632","1","0.3","200","15","75","false","500","2500","0.33861336830568345","0.31447208229822304","0.3596103859493086","0.07763087859479847","0.44896129955968667","0.5522389796934409"
"631","1","0.3","200","15","75","false","500","3000","0.33743459713900925","0.30614370537140184","0.2859773845136753","0.017589190377957798","0.20218461018505465","0.6381583529780123"
"633","1","0.3","200","15","75","false","500","2500","0.3364833036803865","0.3042820444039395","0.2597124077284573","0.010356525729666267","0.05283709233041961","0.7159436051252859"
"632","1","0.3","200","15","75","false","500","3000","0.3401490362239941","0.31687765842633714","0.33889014465891787","0.11158869677180659","0.4178910605690971","0.4871906766358504"
"629","1","0.3","200","15","50","false","500","3000","0.5981316907046051","0.9756205617005909","0.33149789049205536","0.011689955746933869","0.14739291891542533","0.8354107968138056"
"633","1","0.3","200","15","75","false","500","3000","0.33749686990050276","0.3051170830930094","0.2738927248380237","0.008996639459615569","0.019707716555285817","0.7929738184991698"
"630","1","0.3","200","15","50","false","500","2500","0.5999162893353057","0.9766615451732745","0.4038688611822059","0.0888511773894841","0.2160122708475135","0.9067431353096226"
"634","1","0.3","200","15","75","false","500","2500","0.3359101120184657","0.3056002372720361","0.26800944752336464","0.019037984270508953","0.033750873791343554","0.7512394845082427"
"634","1","0.3","200","15","75","false","500","3000","0.33678601607991243","0.30651187570277233","0.2918186738177684","0.020786614762439235","0.07245717014824392","0.7822122365426211"
"630","1","0.3","200","15","50","false","500","3000","0.5997057566944836","0.9769703028213794","0.40090333992989796","0.12152679146683515","0.18584519794558052","0.8953380303772775"
"635","1","0.3","200","15","75","false","500","2500","0.3379957428045785","0.3085049207455452","0.3850990323278537","0.0700073745940455","0.4034080992650942","0.6818816231244218"
"636","1","0.3","200","15","75","false","500","2500","0.3361519595536416","0.30299412444338103","0.3125490867509887","0.10018651938252651","0.1327912402839196","0.7046695005865193"
"638","1","0.3","200","15","75","false","500","2500","0.33760575836948026","0.30980007500784745","0.37854270418698466","0.15463903083348085","0.2871322659400244","0.6938568157874484"
"635","1","0.3","200","15","75","false","500","3000","0.33863627795663254","0.311539555534719","0.3388381660463261","0.060687781128347607","0.2985584179486689","0.6572682990619616"
"636","1","0.3","200","15","75","false","500","3000","0.3368323662221005","0.30301735197827095","0.3050749787948078","0.07494916702957564","0.13627358444381588","0.7040021849110324"
"637","1","0.3","200","15","75","false","500","2500","0.3390267131122781","0.3153015025094192","0.36362560661395055","0.10581866606893779","0.21358764994166632","0.7714705038312459"
"638","1","0.3","200","15","75","false","500","3000","0.3383944353402875","0.3098316916357332","0.3760294800972301","0.10854275403413494","0.21674877396931003","0.8027969122882471"
"637","1","0.3","200","15","75","false","500","3000","0.3394631096789025","0.316012025046246","0.3976391186816226","0.15002738322732867","0.2757174212954988","0.7671725515220401"
"639","1","0.3","200","15","75","false","500","2500","0.33818711250294864","0.31113574770736824","0.31423088163524554","0.09547851891484659","0.16382360079314867","0.6833905251977416"
"640","1","0.3","200","15","75","false","500","2500","0.3382009331238426","0.31286665577653716","0.357829103413444","0.030403076766949557","0.3228215704881349","0.7202626629852468"
"639","1","0.3","200","15","75","false","500","3000","0.33826038487779975","0.3110956770617877","0.38186719602149155","0.15086688326193134","0.23319186121382193","0.7615428435887208"
"640","1","0.3","200","15","75","false","500","3000","0.3375595734843923","0.308427652606188","0.31143944456991524","0.0493930135595031","0.3699072528337511","0.5150180673164911"
"641","1","0.3","200","15","75","false","500","2500","0.33861032223489557","0.31403956147489104","0.44757804146166985","0.1844737667644524","0.5257290093582746","0.6325313482622817"
"642","1","0.3","200","15","75","false","500","2500","0.3358823388548627","0.300637447731072","0.3059906721385539","0.058232883541380676","0.11497830658305705","0.7447608262912252"
"643","1","0.3","200","15","75","false","500","2500","0.33786821402745637","0.3079778553510065","0.3757024641347768","0.19969231701021498","0.41032230365037176","0.5170927717437436"
"641","1","0.3","200","15","75","false","500","3000","0.3396950827875983","0.3178131830144979","0.40364481552531634","0.09849117075718773","0.5034435994969504","0.6089996763218105"
"642","1","0.3","200","15","75","false","500","3000","0.3363440632918582","0.30167803635268353","0.2788584312735413","0.046564133635597284","0.08925292907678808","0.7007582311082378"
"643","1","0.3","200","15","75","false","500","3000","0.3385817762979793","0.3095976196690257","0.36350194075517767","0.10079105157182912","0.44982630970556703","0.5398884609881378"
"644","1","0.3","200","15","75","false","500","2500","0.33532419878571723","0.2984231239498786","0.3979471046208614","0.09955149318034315","0.47317648486677877","0.6211133358154629"
"645","1","0.3","200","15","75","false","500","2500","0.33876731761638784","0.31442597279073303","0.3201198488479057","0.1550830870086946","0.20073024340560508","0.6045462161294182"
"644","1","0.3","200","15","75","false","500","3000","0.3358907656082733","0.2979098925906755","0.440881397664141","0.1411346205767391","0.37456487948510037","0.8069446929305837"
"646","1","0.3","200","15","75","false","500","2500","0.3365771438651453","0.3018107423359041","0.2825428365483805","0.01936423818990117","0.03168044494906232","0.7965838265061765"
"645","1","0.3","200","15","75","false","500","3000","0.3392439686722533","0.3147825369286047","0.3014412545400395","0.10377622411996348","0.1448853728818666","0.6556621666182865"
"646","1","0.3","200","15","75","false","500","3000","0.3373588917398424","0.30596979130504887","0.26778168187913","0.01112782497126909","0.028201748974825223","0.7640154716912952"
"647","1","0.3","200","15","75","false","500","2500","0.33613422963434847","0.3012634701915949","0.2880745253104007","0.021516265210130888","0.0877792499397322","0.7549280607813375"
"648","1","0.3","200","15","75","false","500","2500","0.3361828245862443","0.30110188048634323","0.3730094274862699","0.08340800151226416","0.3176899809871088","0.7179302999594357"
"649","1","0.3","200","15","75","false","500","2500","0.3359014543747251","0.30233667665368286","0.3716478738320886","0.07087301522055516","0.30699529968079436","0.737075306594916"
"647","1","0.3","200","15","75","false","500","3000","0.33653125665164346","0.30092831257508373","0.2850910887813734","0.02865242281920063","0.043012491119458846","0.7836083524054626"
"648","1","0.3","200","15","75","false","500","3000","0.33674811892439566","0.30101442992632527","0.34233520201731993","0.12257461388700168","0.2056125561612183","0.6988184360037388"
"649","1","0.3","200","15","75","false","500","3000","0.33669947662615796","0.30208527458790596","0.34760580846388417","0.03533795923352491","0.2820200403716721","0.7254594257864573"
"651","1","0.3","200","15","75","false","500","2500","0.33671274829981696","0.3064261689878417","0.31775025628977016","0.08848995664828661","0.13163873502584988","0.7331220771951735"
"650","1","0.3","200","15","75","false","500","2500","0.3336940272436071","0.29211545156451896","0.3943717949064203","0.0199140629525912","0.5521559488093896","0.6110453729572806"
"652","1","0.3","200","15","75","false","500","2500","0.33774738489319134","0.3098472277444152","0.27216715625768134","0.022930090114294727","0.12125345977216877","0.6723179188865815"
"651","1","0.3","200","15","75","false","500","3000","0.33728369253392254","0.3074921788389686","0.3199470409642344","0.03929904501918781","0.12306363808135745","0.7974784397921586"
"650","1","0.3","200","15","75","false","500","3000","0.33479554969435255","0.2940784915964909","0.3909362386568327","0.011577466249779006","0.5235083914988516","0.6377228582218669"
"652","1","0.3","200","15","75","false","500","3000","0.3381150607648782","0.3078830858826057","0.2804974287617228","0.0119986732031644","0.11633054432888637","0.7131630687531169"
"653","1","0.3","200","15","75","false","500","2500","0.33813246226963656","0.31267175201174896","0.46707310378341166","0.3393347313362063","0.4100901266753597","0.6517944533386691"
"654","1","0.3","200","15","75","false","500","2500","0.33701508644027306","0.3046710834491649","0.4035303201799942","0.05990043925953566","0.484219755590827","0.6664707656896189"
"655","1","0.3","200","15","75","false","500","2500","0.3399926172435468","0.31921685812417394","0.33674205966655696","0.033847083480649666","0.2523191426773557","0.7240599528416638"
"653","1","0.3","200","15","75","false","500","3000","0.3390395352865139","0.31197664900731614","0.47192399803088775","0.3310009731137339","0.47758929784868176","0.6071817231302492"
"654","1","0.3","200","15","75","false","500","3000","0.33757154814884005","0.30650473888458474","0.3320932006778218","0.019735160337344754","0.3552637512423081","0.6212806904538124"
"655","1","0.3","200","15","75","false","500","3000","0.3396313843541375","0.31601892741912246","0.3142152495730692","0.09788027351861935","0.16951137664804442","0.6752540985525446"
"656","1","0.3","200","15","75","false","500","2500","0.33523865406565595","0.29877033423601873","0.47797517205960904","0.06482834805390825","0.6106332119539748","0.7584639561709446"
"658","1","0.3","200","15","75","false","500","2500","0.33590093941144455","0.2992248224387443","0.30440135511703714","0.02469739157386486","0.27898202227000785","0.6095246515072389"
"656","1","0.3","200","15","75","false","500","3000","0.3363825703252158","0.30095607405650887","0.43648597278151247","0.12406145537766973","0.4037452674169247","0.7816511955499449"
"661","1","0.3","200","15","90","false","500","2500","0.12707760133931884","0.021866504277515124","0.04028345668969156","0.023634223307847837","0.037614484902724635","0.05960166185850218"
"658","1","0.3","200","15","75","false","500","3000","0.33705255752462415","0.30372494912209924","0.31142686962036203","0.00949904274513761","0.18941867515913408","0.7353628909568141"
"657","1","0.3","200","15","75","false","500","2500","0.33516009299079036","0.29851249827654097","0.27129625884324154","0.009246322139428685","0.053526504543014525","0.7511159498472816"
"660","1","0.3","200","15","75","false","500","2500","0.3379676750578842","0.3106796794170788","0.34134254126063623","0.009984237775792312","0.23641548732310938","0.7776278986830062"
"659","1","0.3","200","15","75","false","500","2500","0.33710772209962486","0.3065706254279553","0.348662606886477","0.21420513048740153","0.3560689646471815","0.4757137255248482"
"661","1","0.3","200","15","90","false","500","3000","0.1279101991580729","0.022145756393485524","0.05035589256009274","0.028321797542773364","0.04850897771432851","0.07423690242317625"
"657","1","0.3","200","15","75","false","500","3000","0.3362356067848662","0.30201818051128987","0.28077796949521394","0.006792279808601974","0.03379352481601793","0.8017481038610209"
"659","1","0.3","200","15","75","false","500","3000","0.3380931030954948","0.30636812286647064","0.38974335427577506","0.2203074383999603","0.3921986392031624","0.5567239852242034"
"660","1","0.3","200","15","75","false","500","3000","0.339314321046545","0.31429449744252086","0.30310520468222873","0.014248974285731282","0.17181770035425786","0.7232489394066972"
"662","1","0.3","200","15","90","false","500","2500","0.12687861245515794","0.021309660702505128","0.01878284683086028","0.004433498469554033","0.012379407126380373","0.039535634896646375"
"663","1","0.3","200","15","90","false","500","2500","0.1281264829789009","0.021845057824653614","0.05523341797492776","0.02173707493891297","0.03729120135494083","0.10667197763092971"
"662","1","0.3","200","15","90","false","500","3000","0.12770456001926916","0.021680104782902162","0.01826413953240683","0.003385366023552237","0.02000534735505226","0.031401705218615954"
"664","1","0.3","200","15","90","false","500","2500","0.1286095526446921","0.022384527424284227","0.016405585562276497","0.006163891329486496","0.013002795428554965","0.030050069928787913"
"663","1","0.3","200","15","90","false","500","3000","0.1283443291277197","0.02169922406864495","0.053886198213734096","0.008335531749588012","0.04004865788822144","0.11327440500339271"
"664","1","0.3","200","15","90","false","500","3000","0.12853410936102683","0.022314953861176365","0.03222435739843933","0.008712061548558105","0.03301775628072145","0.054943254366038446"
"667","1","0.3","200","15","90","false","500","2500","0.12707568217542856","0.0215752272623338","0.03337730887155115","0.006336511768329544","0.027910455487097096","0.06588495935922689"
"666","1","0.3","200","15","90","false","500","2500","0.1302814772206703","0.023573879370279147","0.036361504854891216","0.020031226922639273","0.03573839315314149","0.05331489448889287"
"665","1","0.3","200","15","90","false","500","2500","0.12833477328181495","0.02201637373489744","0.04389919619963666","0.005441446858287232","0.03971602758479838","0.0865401141558243"
"667","1","0.3","200","15","90","false","500","3000","0.12757534472691642","0.02218215078588035","0.06395670662552072","0.026570300343012086","0.05364461662024083","0.11165520291330916"
"666","1","0.3","200","15","90","false","500","3000","0.13015325092912017","0.022745333339273373","0.0216351100221428","0.003726773992743988","0.013618966737353043","0.047559589336331295"
"665","1","0.3","200","15","90","false","500","3000","0.12876781934799372","0.022209144166081208","0.025931541260123595","0.01274249594946218","0.020743837351684377","0.04430829047922408"
"668","1","0.3","200","15","90","false","500","2500","0.12611921522020564","0.021247541135781818","0.09437721018627264","0.04855423554154351","0.07672494226339482","0.1578524527538795"
"669","1","0.3","200","15","90","false","500","2500","0.12823304162759094","0.021931553573916494","0.023883084180495385","0.005521665399162339","0.02350839760640301","0.042619189535920934"
"670","1","0.3","200","15","90","false","500","2500","0.1292357426667916","0.021979046659894298","0.04895345279992054","0.006031470299483918","0.03590306928858631","0.10492581881169141"
"668","1","0.3","200","15","90","false","500","3000","0.12717995054069703","0.021686663973109654","0.03516439930338144","0.011845974816965713","0.03355513239413194","0.06009209069904648"
"669","1","0.3","200","15","90","false","500","3000","0.1286152149657902","0.022112554829211945","0.03499598107893676","0.006567300506501301","0.017149392610627957","0.08127125011968102"
"670","1","0.3","200","15","90","false","500","3000","0.12939947099713736","0.022200257900463427","0.038006837373572196","0.01020794179377746","0.022181279773062508","0.08163129055387666"
"671","1","0.3","200","15","90","false","500","2500","0.12682680757307066","0.02148485118678507","0.01877588673156069","0.00819863629796537","0.01535786684396341","0.03277115705275323"
"672","1","0.3","200","15","90","false","500","2500","0.12759792654372304","0.021802215550698226","0.04899502381193322","0.03018525429192015","0.04690632981804186","0.06989348732583767"
"671","1","0.3","200","15","90","false","500","3000","0.12714148009213114","0.021571382155365946","0.005721677453970287","0.0021612039726100693","0.004489348003825648","0.01051448038547513"
"672","1","0.3","200","15","90","false","500","3000","0.12745905475361163","0.0216685388827985","0.04508188767755941","0.02490183715885235","0.04472441751701981","0.06561940835680617"
"673","1","0.3","200","15","90","false","500","2500","0.1280438672928691","0.0220797654619673","0.02939123395883376","0.007850700122270475","0.030322227549072746","0.05000077420515799"
"673","1","0.3","200","15","90","false","500","3000","0.12826934907633722","0.021441657667144374","0.04231188816263376","0.012109972770503952","0.04738107850151495","0.06744461321588227"
"674","1","0.3","200","15","90","false","500","2500","0.12638188168517853","0.0219325785572369","0.04241864891057355","0.014604057357823054","0.04763033470811129","0.06502155466578645"
"675","1","0.3","200","15","90","false","500","2500","0.12855028143455408","0.022052528376302574","0.04611518381994231","0.02108758521054332","0.04363679285035843","0.07362117339892507"
"676","1","0.3","200","15","90","false","500","2500","0.12871721071015035","0.022901321246063807","0.05089655511680766","0.01497845303079709","0.02555882895404871","0.112152383365577"
"674","1","0.3","200","15","90","false","500","3000","0.12662173307531502","0.021151615857385328","0.03945885979753621","0.00937588559321766","0.02287812897461121","0.0861225648247798"
"675","1","0.3","200","15","90","false","500","3000","0.12899676049606737","0.022056468303535894","0.051990069748693656","0.021887676928131455","0.05400597227020738","0.08007656004774216"
"676","1","0.3","200","15","90","false","500","3000","0.12925367252459125","0.02232874479249382","0.0437641755417519","0.020335647099675055","0.04321870395309747","0.06773817557248335"
"677","1","0.3","200","15","90","false","500","2500","0.12824510778127482","0.021942985516856146","0.04436181658580008","0.013274261430352968","0.03413122963802074","0.08567995868902636"
"678","1","0.3","200","15","90","false","500","2500","0.12827033882597724","0.021624546028347885","0.015895158100261514","0.007998595783192066","0.014864051333414419","0.024822827184178123"
"677","1","0.3","200","15","90","false","500","3000","0.1287444759409631","0.02214693099279473","0.02846087322365499","0.007149924003903315","0.027714546668024618","0.05051814899903703"
"678","1","0.3","200","15","90","false","500","3000","0.12861128333943386","0.022189535568554766","0.03607802464882371","0.010551504520293832","0.02328060043814105","0.07440196898803626"
"679","1","0.3","200","15","90","false","500","2500","0.1280377557788861","0.02171023820265599","0.03959091663920195","0.021108111711196764","0.03819992253125997","0.05946471567514916"
"680","1","0.3","200","15","90","false","500","2500","0.12696956548612467","0.02216561801201902","0.027343351838058833","0.009069643213335086","0.019044685491839526","0.05391572680900188"
"681","1","0.3","200","15","90","false","500","2500","0.12841382812959443","0.02234301730836007","0.02216987764047275","0.004023808135870744","0.025283725459582095","0.03720209932596539"
"679","1","0.3","200","15","90","false","500","3000","0.1286351409552068","0.021404703608836586","0.026591711265655644","0.011344019010114717","0.02133927947535946","0.047091835311492705"
"682","1","0.3","200","15","90","false","500","2500","0.12701991941047935","0.021214827931026897","0.03226963277479395","0.015064752950947216","0.023329373017960172","0.05841477235547436"
"680","1","0.3","200","15","90","false","500","3000","0.127591877196658","0.021888587950893695","0.035209297964056675","0.00383792350061787","0.040679724753609696","0.06111024563794236"
"681","1","0.3","200","15","90","false","500","3000","0.1290941446586838","0.022382847031299974","0.029163626383066108","0.0038792736159163014","0.017592919746714657","0.06601868578656739"
"682","1","0.3","200","15","90","false","500","3000","0.127420683732762","0.02129195547598176","0.047750227717171495","0.007246779464702466","0.017675787100998774","0.11832811658581348"
"683","1","0.3","200","15","90","false","500","2500","0.12848881481455782","0.022478151170261244","0.0347054406211738","0.014022359251584349","0.035708107246975596","0.054385855364961454"
"684","1","0.3","200","15","90","false","500","2500","0.1290698018240889","0.02213631759519429","0.023587168293755276","0.013448462715555562","0.02165056391575001","0.03566247824996027"
"683","1","0.3","200","15","90","false","500","3000","0.12893829548431554","0.02235579920604242","0.03295715099567691","0.014953987634563954","0.03418734418410862","0.04973012116835808"
"684","1","0.3","200","15","90","false","500","3000","0.12907925418132266","0.022061854299800166","0.01595583348606724","0.006709088696076855","0.01497444712592509","0.02618396463619982"
"687","1","0.3","200","15","90","false","500","2500","0.1281569547455485","0.02202186452017921","0.028811264900935638","0.005147589672289847","0.014486466125766845","0.06679973890474986"
"686","1","0.3","200","15","90","false","500","2500","0.12962704349064938","0.021904739963115805","0.025157635804799964","0.01055140490587676","0.025163035989536026","0.0397584665189871"
"685","1","0.3","200","15","90","false","500","2500","0.1279466319954971","0.022270655019670082","0.029053635930480482","0.0037230101818691293","0.012680827184758554","0.07075707042481384"
"688","1","0.3","200","15","90","false","500","2500","0.13078737987642047","0.022300200988601627","0.028405973743901098","0.0118100639280192","0.030517133629074916","0.04289072367460907"
"687","1","0.3","200","15","90","false","500","3000","0.12811641574519053","0.021977224819084255","0.030383319295172018","0.006862148646751574","0.03585132156964302","0.04843648766912143"
"686","1","0.3","200","15","90","false","500","3000","0.12960003698439368","0.02243891561879187","0.0417712452789168","0.013991957336000138","0.034548341842061805","0.07677343665868842"
"685","1","0.3","200","15","90","false","500","3000","0.1287189536820145","0.021683490734083342","0.0532446913702444","0.032217930328263165","0.05514410680726051","0.07237203697520948"
"688","1","0.3","200","15","90","false","500","3000","0.1307525563161233","0.022435961113036484","0.040942939342357425","0.016378063244110314","0.03789196590067214","0.06855878888228986"
"689","1","0.3","200","15","90","false","500","2500","0.12819810963998354","0.02203929807217852","0.035931214612799835","0.005933359574038385","0.02774212797475144","0.07411815628960959"
"690","1","0.3","200","15","90","false","500","2500","0.1284655210075199","0.02226743546152605","0.04456531345703659","0.019869686094865193","0.03832644056092368","0.07549981371532093"
"689","1","0.3","200","15","90","false","500","3000","0.12855991283495175","0.02176338967754302","0.038852159894805685","0.004696647658771293","0.015743063371339048","0.09611676865430685"
"690","1","0.3","200","15","90","false","500","3000","0.1293582153824006","0.022898079686687004","0.06749616775207612","0.03600828098759242","0.06305556794674093","0.1034246543218952"
"692","1","0.3","200","15","100","false","500","2500","0.0014847173620394334","0.011056903381040244","0.04128886612888683","0.018213585882809098","0.042727636514984325","0.06292537598886701"
"691","1","0.3","200","15","100","false","500","2500","0.001481490475229025","0.011371488176680189","0.047644883465336255","0.012993154510045925","0.038585986191963066","0.09135550969399973"
"694","1","0.3","200","15","100","false","500","2500","0.0014823453787824639","0.010722678104669097","0.06199581250423052","0.008709913429891424","0.02460509392758239","0.15267243015521817"
"695","1","0.3","200","15","100","false","500","2500","0.0014889350769865814","0.010932082450919525","0.03612226567726509","0.017155459367162354","0.03405282517238436","0.057158512492248445"
"696","1","0.3","200","15","100","false","500","2500","0.0014825507398986216","0.01118648459283919","0.027924179880724324","0.013359369292896548","0.023333830966272534","0.04707933938300389"
"693","1","0.3","200","15","100","false","500","2500","0.0014767310135430241","0.010341912421508937","0.055224624524829125","0.013242876069449823","0.0506086912346116","0.10182230627042593"
"691","1","0.3","200","15","100","false","500","3000","0.0012120639542262711","0.011116363011888036","0.04909751000655602","0.008400446576178788","0.033448392983763786","0.10544369045972544"
"692","1","0.3","200","15","100","false","500","3000","0.0012138362542625518","0.011022591721699676","0.04187389738994143","0.01666246178727549","0.03889145502081954","0.07006777536172905"
"694","1","0.3","200","15","100","false","500","3000","0.0012134113518001608","0.011388952375116683","0.017961292977587875","0.00590436506038021","0.01321445849743833","0.034765055374945106"
"695","1","0.3","200","15","100","false","500","3000","0.0012171399441066684","0.010735944700106085","0.056502314155186854","0.030978263815617923","0.0496625443023257","0.08886613434761699"
"696","1","0.3","200","15","100","false","500","3000","0.0012116530869614537","0.010700495832494387","0.04445812240588105","0.0188791171931936","0.04396520307154507","0.07053004695290457"
"693","1","0.3","200","15","100","false","500","3000","0.001206101066522175","0.010919786155212236","0.03009025884493449","0.016291063584085233","0.02628999112976348","0.04768972182095468"
"697","1","0.3","200","15","100","false","500","2500","0.0014756170853536714","0.01163952292504395","0.026427582906595883","0.009530717373924306","0.023879131078554824","0.04587290026730849"
"698","1","0.3","200","15","100","false","500","2500","0.001476387905003722","0.010647181365634749","0.05083729099853864","0.024205445283515127","0.05416255522530257","0.0741438724867982"
"699","1","0.3","200","15","100","false","500","2500","0.0014846622455950724","0.011210664288212957","0.01721225157367033","0.007612400900393527","0.016138521808960957","0.02788583201165652"
"700","1","0.3","200","15","100","false","500","2500","0.001480348560608316","0.011117044759384917","0.029421691324204153","0.010101424091217562","0.018980041734801615","0.05918360814659318"
"701","1","0.3","200","15","100","false","500","2500","0.0014803249986273706","0.011280424142553714","0.04551962245460551","0.008907863667127267","0.023778682274295908","0.10387232142239348"
"698","1","0.3","200","15","100","false","500","3000","0.0012079100561546438","0.011704125963695017","0.03830725102632585","0.013354187083629012","0.03057105722052798","0.07099650877482064"
"697","1","0.3","200","15","100","false","500","3000","0.0012083538447730522","0.011008208334831585","0.04352339964163641","0.02123249143571322","0.038400088301608064","0.07093761918758798"
"699","1","0.3","200","15","100","false","500","3000","0.001214806580059501","0.010769368508779196","0.036957425144086974","0.015172413021756563","0.036729613762593864","0.05897024864791042"
"700","1","0.3","200","15","100","false","500","3000","0.0012095299299517226","0.011059612019353657","0.04741253707434735","0.004640872906584499","0.04507704102666848","0.09251969728978895"
"701","1","0.3","200","15","100","false","500","3000","0.001211863602033428","0.010901917131796115","0.0724839200056207","0.0172708103113884","0.038179044209503174","0.16200190549597068"
"702","1","0.3","200","15","100","false","500","2500","0.0014735686254302531","0.01073970605470512","0.027340925489479556","0.018127571163057615","0.02525215580750953","0.038643049497871486"
"702","1","0.3","200","15","100","false","500","3000","0.001205741559930189","0.011245759745017384","0.04090685120306595","0.01659989117515232","0.039759423352615016","0.06636123908143057"
"703","1","0.3","200","15","100","false","500","2500","0.0014804140900518585","0.011108691158349133","0.04021746187403409","0.01440335972679382","0.028254407828431933","0.07799461806687645"
"704","1","0.3","200","15","100","false","500","2500","0.0014809567079170668","0.011051541815344401","0.04676733309331439","0.02350403221256999","0.04888060003406914","0.06791736703330385"
"705","1","0.3","200","15","100","false","500","2500","0.0014790679823582314","0.011079578058053709","0.02714145301175719","0.004281542240698103","0.013987234113059854","0.0631555826815137"
"706","1","0.3","200","15","100","false","500","2500","0.0014860734599133482","0.010720993045859361","0.050979786309874285","0.03288289863752032","0.05033999027404668","0.06971647001805575"
"707","1","0.3","200","15","100","false","500","2500","0.0014844767618012412","0.010971778052192935","0.012270903071873628","0.003715462015892374","0.00790639146090566","0.025190855738822786"
"703","1","0.3","200","15","100","false","500","3000","0.0012115099790034444","0.010955361073733736","0.043935014207531584","0.005882588456332658","0.029893670591570776","0.09602878357469137"
"704","1","0.3","200","15","100","false","500","3000","0.001213694630636913","0.01113265715690767","0.048033435257295296","0.03014438336145907","0.04401372059955771","0.069942201810869"
"705","1","0.3","200","15","100","false","500","3000","0.0012111574250341089","0.011087000551398303","0.011108566546302994","0.0027190452923686386","0.010645950396646661","0.019960703949893653"
"706","1","0.3","200","15","100","false","500","3000","0.0012150360433422463","0.011035747690737546","0.03139470339447705","0.0048941458993107066","0.014779593063699786","0.07451037122042072"
"707","1","0.3","200","15","100","false","500","3000","0.0012156335700879318","0.010816612597716652","0.04392705752556857","0.01189017320704527","0.03565063332248285","0.08424036604717736"
"708","1","0.3","200","15","100","false","500","2500","0.0014785582758018642","0.010774251747022791","0.033686093495848994","0.013949961834625156","0.036220919976013746","0.050887398676908065"
"708","1","0.3","200","15","100","false","500","3000","0.001209435792521429","0.011138656580842511","0.04236291846257127","0.01419535156408894","0.031558687647939065","0.08133471617568601"
"710","1","0.3","200","15","100","false","500","2500","0.0014801859418588199","0.010846321765703779","0.029469209161608462","0.003992164230778501","0.012147294063654413","0.07226816919039251"
"711","1","0.3","200","15","100","false","500","2500","0.0014879527416910706","0.010750431420234335","0.06129607161714548","0.017876328639788","0.0592260996955724","0.10678578651607601"
"709","1","0.3","200","15","100","false","500","2500","0.0014874709879572298","0.01150756006357143","0.044396328854625515","0.015676504774636616","0.033014845006566325","0.08449763678267354"
"712","1","0.3","200","15","100","false","500","2500","0.0014894157048970613","0.01105718832525795","0.041309619290134776","0.0117288839947177","0.035789356590319635","0.07641061728536708"
"713","1","0.3","200","15","100","false","500","2500","0.0014835085460441569","0.011401646696073457","0.047577098703009225","0.029744436982476218","0.04594660764181441","0.06704025148473712"
"710","1","0.3","200","15","100","false","500","3000","0.0012099450084122072","0.011103894228691943","0.02176900605439352","0.0032002737033354186","0.01458203298398904","0.04752471147585598"
"711","1","0.3","200","15","100","false","500","3000","0.0012153330707365764","0.01082341792988174","0.035585204363766845","0.011426795503563101","0.03506194355661546","0.060266874031122034"
"709","1","0.3","200","15","100","false","500","3000","0.0012137203394058543","0.011040527377042706","0.049166790814825154","0.02522255982889725","0.049517310499180386","0.07276050211639765"
"712","1","0.3","200","15","100","false","500","3000","0.001218161881375629","0.010927768372993812","0.01697950220025954","0.004842110278848699","0.013519189216031546","0.032577207105898356"
"713","1","0.3","200","15","100","false","500","3000","0.0012111072076587289","0.011023687975780051","0.015966191512412853","0.005969062485241819","0.014998748901931416","0.026930763150065273"
"714","1","0.3","200","15","100","false","500","2500","0.0014861494609096472","0.011116418791755562","0.029309688267016052","0.006855634203876462","0.02965350096006697","0.0514199296371048"
"714","1","0.3","200","15","100","false","500","3000","0.001213665474385655","0.011126050142800445","0.04541566762290763","0.008712198947774884","0.035265350286745926","0.09226945363420201"
"715","1","0.3","200","15","100","false","500","2500","0.0014831728204461867","0.011201904241596356","0.025127895983226303","0.005786892599632348","0.02398282029129528","0.04561397505875119"
"716","1","0.3","200","15","100","false","500","2500","0.0014824711400335268","0.010977401558362476","0.04112519602624468","0.01377382644960876","0.026463098231720095","0.0831386633974052"
"717","1","0.3","200","15","100","false","500","2500","0.001488588274035432","0.010831669764197452","0.04304952020740335","0.02337891628551853","0.03892319519453952","0.06684644914215193"
"718","1","0.3","200","15","100","false","500","2500","0.001475650325423573","0.011003707906446485","0.04488189579101005","0.01520498107122471","0.03515187475085035","0.08428883155095522"
"719","1","0.3","200","15","100","false","500","2500","0.0014864204643988237","0.011073322987336721","0.022001866342870546","0.008806532600354985","0.01960939532414835","0.03758967110410827"
"715","1","0.3","200","15","100","false","500","3000","0.0012122223234008892","0.011220683763088006","0.03422282369536709","0.016335357092460343","0.033034859075245976","0.053298254918394815"
"716","1","0.3","200","15","100","false","500","3000","0.001212906324857192","0.010626298699783618","0.028068029837826528","0.006910418755821222","0.023188065384014425","0.054105605373643936"
"717","1","0.3","200","15","100","false","500","3000","0.0012158807611354165","0.010626575151415152","0.015757608751872307","0.009577004325943748","0.015345146830368547","0.022350675099304627"
"718","1","0.3","200","15","100","false","500","3000","0.001208473864288401","0.010839012879074827","0.03306621686812118","0.019920916600002968","0.0285479333230366","0.0507298006813239"
"719","1","0.3","200","15","100","false","500","3000","0.001215151933641117","0.01132063969050858","0.04130727156386425","0.00664031914230772","0.01758513997924614","0.09969635557003899"
"720","1","0.3","200","15","100","false","500","2500","0.0014798983163080693","0.010944604130966644","0.03135562336927434","0.011662955864351841","0.03307619673445556","0.049327717509015684"
"720","1","0.3","200","15","100","false","500","3000","0.0012115562139884898","0.011023597244489843","0.03856036175141947","0.013661285390202628","0.039234526268897583","0.06278527359515824"
"721","1","0.4","200","15","10","false","500","2500","0.7962186171545691","0.9956742800304714","0.3382059298057228","0.006005425028012478","0.026676785854418662","0.9819355785347369"
"722","1","0.4","200","15","10","false","500","2500","0.7996024876523103","0.9960682485445497","0.3487178496678759","0.01568985026451987","0.06152253825957165","0.9689411604795343"
"723","1","0.4","200","15","10","false","500","2500","0.8006486083943701","0.9962026226015047","0.22257718780467253","0.03177072028507447","0.19063874520895951","0.44532209791998284"
"724","1","0.4","200","15","10","false","500","2500","0.8036153763928316","0.9964797366892106","0.34899995015667823","0.024682277726850627","0.04173796117394141","0.980579611569241"
"725","1","0.4","200","15","10","false","500","2500","0.7989331050274447","0.9959233849338226","0.33097627671437585","0.17294678429528507","0.20435815269673907","0.6156238931511031"
"721","1","0.4","200","15","10","false","500","3000","0.7965357868263719","0.9957610182133667","0.3345906887452566","0.00822787543004537","0.015797055248941243","0.9797471355567824"
"722","1","0.4","200","15","10","false","500","3000","0.799666282899225","0.9962388532387956","0.33755758822917514","0.008642718786104113","0.027552913157485884","0.9764771327439369"
"723","1","0.4","200","15","10","false","500","3000","0.7999679952810408","0.9961572433540972","0.24089274965339388","0.044605973701990535","0.14446309639395463","0.533609178864237"
"724","1","0.4","200","15","10","false","500","3000","0.8034433122398412","0.9964525484036935","0.333137144270697","0.0036616033003541073","0.013190864524654526","0.9825589649870811"
"725","1","0.4","200","15","10","false","500","3000","0.7988615588883772","0.9960360512814189","0.30331063955048965","0.09528241097650589","0.12386639475526232","0.6907831129197028"
"726","1","0.4","200","15","10","false","500","2500","0.8008487341596032","0.9960316366563653","0.36392812749046854","0.005207970429584529","0.1300890082332757","0.9564874038085472"
"726","1","0.4","200","15","10","false","500","3000","0.8009279412955499","0.9961753918503232","0.3386756250859201","0.01144859870786497","0.0697674642771987","0.9348108122727002"
"727","1","0.4","200","15","10","false","500","2500","0.7986519649458333","0.9960805588713427","0.3675240791207855","0.036112245907914994","0.41112478667105856","0.6553352047833819"
"728","1","0.4","200","15","10","false","500","2500","0.7970135399365019","0.9955608894525894","0.31696934014723804","0.023470018354841107","0.041812563940479774","0.8856254381463937"
"729","1","0.4","200","15","10","false","500","2500","0.7959733758858213","0.9953006390100008","0.3521107086097339","0.017058488330771646","0.05908214681459604","0.9801914906838329"
"730","1","0.4","200","15","10","false","500","2500","0.7979532576637954","0.9960281071490183","0.35578639320765704","0.03857330750831931","0.1500326998427947","0.8787531722718588"
"731","1","0.4","200","15","10","false","500","2500","0.7967633989459176","0.9956370445852999","0.34509611660934036","0.03246472067306672","0.1348353961664892","0.8679882329884666"
"727","1","0.4","200","15","10","false","500","3000","0.7989204467280181","0.9960816314118934","0.3097414083047432","0.04876553748348356","0.304492356095023","0.5759663313357236"
"728","1","0.4","200","15","10","false","500","3000","0.7976579497747704","0.9956861514647614","0.3021678031570241","0.004870767161309932","0.02657427411803723","0.875058368191724"
"729","1","0.4","200","15","10","false","500","3000","0.7967282248243387","0.9957962882981578","0.3381218901299714","0.007380045296750686","0.026569096871056894","0.9804165282221043"
"730","1","0.4","200","15","10","false","500","3000","0.798442546242959","0.9961592127416716","0.34986954270452153","0.023804785061095547","0.16730549668455247","0.858498346367917"
"731","1","0.4","200","15","10","false","500","3000","0.7982803187152033","0.9960949513485411","0.3329753388664238","0.0496526928932836","0.09795374444923881","0.8513195792567477"
"732","1","0.4","200","15","10","false","500","2500","0.8009018704086815","0.9959930241272033","0.339120483425461","0.013787998224897834","0.02334783915227783","0.9802256128992045"
"732","1","0.4","200","15","10","false","500","3000","0.8007940994454937","0.9962610309771479","0.3490082824025015","0.023357528225951614","0.041510602490285986","0.9821567164912649"
"733","1","0.4","200","15","10","false","500","2500","0.8012505292591995","0.9962522285614472","0.3291947664544629","0.026923297961550748","0.09424818189452738","0.8664128195073103"
"734","1","0.4","200","15","10","false","500","2500","0.8003037836480141","0.9959907093562382","0.31621720900892064","0.2771522187030787","0.3091895049690987","0.3623099033545836"
"735","1","0.4","200","15","10","false","500","2500","0.8014772520106163","0.996127008545193","0.34433549936912927","0.019540941063725233","0.03633324360843488","0.9771323134352254"
"736","1","0.4","200","15","10","false","500","2500","0.7980806843502131","0.9957782829438536","0.34895036790725886","0.019419668474855063","0.04899530707935164","0.9784361281675704"
"737","1","0.4","200","15","10","false","500","2500","0.7954160130079426","0.9958964724547643","0.3364507179687769","0.027168251743581263","0.04392488476583912","0.9382590173969095"
"733","1","0.4","200","15","10","false","500","3000","0.8002822843669097","0.9962421371858038","0.30128638765349824","0.02216096684679604","0.05841412489554289","0.8232840712181556"
"734","1","0.4","200","15","10","false","500","3000","0.7998681884981176","0.9959367410781972","0.28984079228518694","0.22293782045559335","0.27698682213920933","0.3695977342607575"
"735","1","0.4","200","15","10","false","500","3000","0.800804015764737","0.9961688485615936","0.3562631634476424","0.026318570112918046","0.06066132338470123","0.9818095968453048"
"736","1","0.4","200","15","10","false","500","3000","0.7984741883154809","0.9960063513718381","0.3432582709985805","0.007310627097407284","0.043721880922841294","0.9787423049754922"
"737","1","0.4","200","15","10","false","500","3000","0.7963264823165737","0.9959058251571445","0.3404942051468637","0.016199086533025438","0.033639522152174924","0.9716440067553906"
"738","1","0.4","200","15","10","false","500","2500","0.7989643555979994","0.9959557862732615","0.3488989592700283","0.004322149976095799","0.06266810492919171","0.9797066229047958"
"738","1","0.4","200","15","10","false","500","3000","0.7996977919144224","0.9961541040129891","0.34306046897697157","0.013360688182152799","0.03204432215928486","0.9837763965894767"
"739","1","0.4","200","15","10","false","500","2500","0.7965611549158093","0.9957642103642582","0.34834298296632926","0.004871558316481278","0.059896598270695364","0.9802607923118116"
"740","1","0.4","200","15","10","false","500","2500","0.79843269150264","0.9958715919334298","0.378468559325444","0.037701737927753214","0.11155381263957466","0.9861501274090023"
"742","1","0.4","200","15","10","false","500","2500","0.7963771292227914","0.9956091961106434","0.35622739383948965","0.02820524764351522","0.06198962864686623","0.9784873052280869"
"741","1","0.4","200","15","10","false","500","2500","0.8007262733239466","0.9960216346379245","0.3504374383097501","0.03636529947595486","0.10529415312918902","0.9096528623241031"
"743","1","0.4","200","15","10","false","500","2500","0.7980625051888155","0.9957096735929188","0.34487515474061364","0.01610156193263594","0.037935880209082694","0.9805880220801209"
"739","1","0.4","200","15","10","false","500","3000","0.7977304190247683","0.9959308615407411","0.3504344704705615","0.021874723509532894","0.049103691126072956","0.9803249967760768"
"740","1","0.4","200","15","10","false","500","3000","0.7988482770320059","0.995958534801561","0.3695631246483876","0.030556663071609036","0.09615062590029211","0.9819820849732602"
"742","1","0.4","200","15","10","false","500","3000","0.7962912272341592","0.9958459813197238","0.3419742626841034","0.01382739283574278","0.032903636630325674","0.9791917585862411"
"741","1","0.4","200","15","10","false","500","3000","0.8008547744628961","0.9961010720525452","0.3197761791294562","0.004415303145904508","0.07051874436770315","0.8843944898747609"
"743","1","0.4","200","15","10","false","500","3000","0.7986435253853714","0.9960337177985945","0.3566545759026447","0.009377676553088583","0.08067851151464904","0.9799075396401943"
"744","1","0.4","200","15","10","false","500","2500","0.8031836769071613","0.9965760641849976","0.33281112092206283","0.006291614856362985","0.012745279719088393","0.9793964681907381"
"744","1","0.4","200","15","10","false","500","3000","0.8032450620185186","0.9965481787209858","0.33522535172138546","0.007109800447901986","0.015207118613738888","0.983359136102515"
"745","1","0.4","200","15","10","false","500","2500","0.7983018670039204","0.9959046825116739","0.356068577761871","0.06803051671925898","0.10403635425259264","0.8961388623137635"
"746","1","0.4","200","15","10","false","500","2500","0.7997124475324439","0.9961543503072608","0.3108400345247856","0.06168602382939692","0.09364525926606317","0.7771888204788975"
"747","1","0.4","200","15","10","false","500","2500","0.8021339553946892","0.9961849872806352","0.33349950558924096","0.00446008399449127","0.011745243604665057","0.9842931891685662"
"748","1","0.4","200","15","10","false","500","2500","0.8000834610340051","0.9959415541245507","0.32228667433996666","0.14220210967761335","0.31993534685531394","0.5047225664869739"
"749","1","0.4","200","15","10","false","500","2500","0.8023122411593343","0.9961420829834969","0.3580723219866839","0.038370408628372245","0.4794497349186906","0.5563968224129886"
"745","1","0.4","200","15","10","false","500","3000","0.7991530020277637","0.9960472297379462","0.34064741304100304","0.039717534700662104","0.05903337041236652","0.9231913340099825"
"746","1","0.4","200","15","10","false","500","3000","0.7998775055706991","0.996207780067172","0.3178591514637304","0.02673794816152437","0.12939253168721482","0.7974469745424506"
"748","1","0.4","200","15","10","false","500","3000","0.8002288683785841","0.9962852606476913","0.2874719301441479","0.05433952955405781","0.23876610239439705","0.5693101584839896"
"747","1","0.4","200","15","10","false","500","3000","0.8029505929430465","0.9964072891196981","0.3320180823164783","0.005226064478021562","0.01082129988260405","0.9800068825888076"
"749","1","0.4","200","15","10","false","500","3000","0.801919138934302","0.9964561647923015","0.3443339839192891","0.010467107476116443","0.4516773894538849","0.5708574548278655"
"750","1","0.4","200","15","10","false","500","2500","0.8025157947625714","0.9962987533194405","0.24883531077196377","0.1155649805755503","0.20303120309847808","0.42790974864186304"
"750","1","0.4","200","15","10","false","500","3000","0.8011324737367354","0.9962036838059176","0.259409743513176","0.0921776464720137","0.23560634055983115","0.4504452435076831"
"751","1","0.4","200","15","25","false","500","2500","0.8000455297030222","0.9986039770076773","0.3775456422298358","0.07367439261330114","0.11118780361591746","0.9477747304602887"
"752","1","0.4","200","15","25","false","500","2500","0.8002760809666654","0.9987863578276569","0.3693293864444562","0.035911367984802024","0.11462303729759178","0.957453754050972"
"754","1","0.4","200","15","25","false","500","2500","0.797705021827269","0.9985369584162632","0.34518594328180874","0.1203431367073556","0.21939433293727456","0.695820360200795"
"753","1","0.4","200","15","25","false","500","2500","0.8004831347436748","0.9986883923742712","0.3226128197028631","0.038909585612887806","0.09812349582601441","0.8308053776696868"
"755","1","0.4","200","15","25","false","500","2500","0.8036707855964849","0.9987610199667523","0.39875171877837084","0.1701402929755326","0.46915464544463886","0.5569602179149428"
"751","1","0.4","200","15","25","false","500","3000","0.800398887336342","0.9986858920887359","0.3593499597222695","0.051626348192105646","0.08311127773899406","0.9433122532357086"
"752","1","0.4","200","15","25","false","500","3000","0.8007055702940111","0.9988083770321754","0.3741584252570431","0.04069630375277999","0.10358965926641676","0.9781893127519345"
"754","1","0.4","200","15","25","false","500","3000","0.7983594505295314","0.9986400819545781","0.3622529378509032","0.11862910505794896","0.14802183266774205","0.8201078758270198"
"753","1","0.4","200","15","25","false","500","3000","0.8010152070936443","0.9987372853534205","0.3186081619330473","0.009832250355144788","0.028267433465959405","0.9177248019780386"
"755","1","0.4","200","15","25","false","500","3000","0.8025834302904556","0.9987084622221887","0.4006194490836139","0.20713196849919796","0.4661012315095806","0.5286251472420628"
"756","1","0.4","200","15","25","false","500","2500","0.8000039348460583","0.9985300991643302","0.35626391859321427","0.02788258920279178","0.059190306526048946","0.9817188600508001"
"756","1","0.4","200","15","25","false","500","3000","0.8002235942112091","0.9986610995351122","0.3620529639982252","0.04008970445712538","0.0644759177248909","0.9815932698126567"
"758","1","0.4","200","15","25","false","500","2500","0.7999360886304046","0.9986888880838047","0.29442832716779727","0.05267276395579521","0.08890728482751432","0.7417049327200831"
"757","1","0.4","200","15","25","false","500","2500","0.7997985654566716","0.9985805831491791","0.3611759361857258","0.017901523252364607","0.3459582578620747","0.7196680274427392"
"759","1","0.4","200","15","25","false","500","2500","0.8006174809369657","0.9986681051345386","0.3618167242655247","0.0720802222956103","0.12937553604898833","0.8839944144519738"
"760","1","0.4","200","15","25","false","500","2500","0.8014033522335315","0.9987156976072978","0.33514658942675235","0.005159878748362973","0.01839642025818619","0.9818834692737084"
"761","1","0.4","200","15","25","false","500","2500","0.7998738679710129","0.9985686253597915","0.3324863220678654","0.006098931780123873","0.012104031614812596","0.9792560028086577"
"758","1","0.4","200","15","25","false","500","3000","0.8008866389041183","0.9988366067907364","0.33571888510473674","0.024330252938034373","0.0784976142906789","0.9043287880854953"
"757","1","0.4","200","15","25","false","500","3000","0.8000623772453286","0.9986408401967654","0.3807377304259201","0.036329879002424736","0.33795750156477533","0.7679258107105588"
"759","1","0.4","200","15","25","false","500","3000","0.8006211932550223","0.9987002582869114","0.3323953286873827","0.019635349934877533","0.08904845883874898","0.8885021772885231"
"760","1","0.4","200","15","25","false","500","3000","0.8019943076942083","0.9987768153283582","0.3320227529112981","0.002229492542340048","0.01052270661763802","0.9833160595739165"
"761","1","0.4","200","15","25","false","500","3000","0.8000681043934144","0.9986285713793054","0.3504294051304601","0.018745680052290183","0.05128619337128137","0.9812563419678075"
"762","1","0.4","200","15","25","false","500","2500","0.8001724171381951","0.9986318767267516","0.3547750984054809","0.03308237418697885","0.05660220432663369","0.9746407167028297"
"762","1","0.4","200","15","25","false","500","3000","0.8000328619243467","0.9987240722936818","0.34706409787837295","0.0114395054114781","0.052023935736846036","0.9777288524867916"
"763","1","0.4","200","15","25","false","500","2500","0.7976873583511758","0.9986156031915372","0.33604252776196714","0.007047588090019196","0.020453273101222916","0.9806267220946577"
"764","1","0.4","200","15","25","false","500","2500","0.7982163690057562","0.9986332179154728","0.37839379833749276","0.02385891133162113","0.25975163594121375","0.8515708477396426"
"765","1","0.4","200","15","25","false","500","2500","0.7966431813400026","0.9985456674228977","0.31968190503840377","0.04387475031958361","0.24107741204982042","0.674093552745808"
"766","1","0.4","200","15","25","false","500","2500","0.8000936628345792","0.9987289709768808","0.3340591497477771","0.00784580490143031","0.02076183706388854","0.9735698072780107"
"767","1","0.4","200","15","25","false","500","2500","0.8010868448238571","0.9987804492131303","0.36627827942653995","0.013345561509023426","0.10565754604835623","0.9798317307222398"
"763","1","0.4","200","15","25","false","500","3000","0.7995919826694361","0.9986181073327255","0.3563201773249407","0.012698781847842164","0.07457180125340195","0.9816899488735751"
"764","1","0.4","200","15","25","false","500","3000","0.7987768232398198","0.9986294163425474","0.376655227308208","0.06220958019859538","0.17459494537522915","0.8931611563507966"
"765","1","0.4","200","15","25","false","500","3000","0.7984643157949018","0.998694028012967","0.33737435852935704","0.054124404222729565","0.24911546203310905","0.7088832093322318"
"766","1","0.4","200","15","25","false","500","3000","0.799723556710762","0.9986425855578965","0.35028827058387624","0.011764966670688217","0.05918587536516702","0.9799139697157723"
"767","1","0.4","200","15","25","false","500","3000","0.800838418223572","0.9987819214487491","0.34987005511967745","0.004170010443012879","0.06873915046191367","0.9767010044541047"
"768","1","0.4","200","15","25","false","500","2500","0.7995557671324023","0.998592626388092","0.35466765403827694","0.01129584106844241","0.07344334190816583","0.9792637791382199"
"768","1","0.4","200","15","25","false","500","3000","0.8001028438367617","0.998671849652025","0.34237528787832616","0.0041989637204803126","0.04091594600399261","0.9820109539105035"
"769","1","0.4","200","15","25","false","500","2500","0.8016520496790994","0.9986311799987886","0.3664917558549286","0.0170929141635805","0.1031356781785427","0.9792466752226607"
"770","1","0.4","200","15","25","false","500","2500","0.7979299600535356","0.998569860109538","0.34105647544711826","0.007547032496993108","0.03422474684804164","0.9813976469963187"
"771","1","0.4","200","15","25","false","500","2500","0.7968250010885642","0.9985219603777558","0.39854450233336264","0.021976835048700807","0.5568773612377269","0.6167793107136605"
"772","1","0.4","200","15","25","false","500","2500","0.7972774278448673","0.9985985195261937","0.3518395126789489","0.033915080641609564","0.07089825486246693","0.9507052025327698"
"773","1","0.4","200","15","25","false","500","2500","0.7996595390822671","0.9986087927504419","0.3563773486200239","0.031134058077787675","0.06050174890753594","0.9774962388747461"
"769","1","0.4","200","15","25","false","500","3000","0.8016834643989611","0.9987715081480361","0.34934215757923504","0.01794441897650246","0.048384050880954155","0.9816980028802456"
"770","1","0.4","200","15","25","false","500","3000","0.7979966909654664","0.9986412549855784","0.35030389828377234","0.007518208355424827","0.0645683346510171","0.978825151844874"
"771","1","0.4","200","15","25","false","500","3000","0.7971075082626566","0.9985750326570756","0.34557125169456787","0.004654545718221789","0.34735274183114573","0.684706467534336"
"772","1","0.4","200","15","25","false","500","3000","0.7974525292326772","0.9985894108354983","0.35338036274567447","0.003158643351957231","0.10231131346664836","0.954671131418418"
"773","1","0.4","200","15","25","false","500","3000","0.7992225266198872","0.9986187974509537","0.3488624605264457","0.01820704628650087","0.05040183570693315","0.9779784995859017"
"774","1","0.4","200","15","25","false","500","2500","0.7998220688778899","0.998693803197619","0.3570926039031027","0.023725955891640192","0.47812936550334384","0.5694224903143237"
"774","1","0.4","200","15","25","false","500","3000","0.8003579717358523","0.9987407715055968","0.31895693884256443","0.016393947502911257","0.42332368942540877","0.5171531795993742"
"775","1","0.4","200","15","25","false","500","2500","0.8033095132278901","0.9987701334845751","0.341633891883349","0.006673995964345414","0.037843798211536994","0.9803838814741642"
"776","1","0.4","200","15","25","false","500","2500","0.8007780539913577","0.9985938015492282","0.34267649755326723","0.01563311739950481","0.0431679060675839","0.9692284691927119"
"777","1","0.4","200","15","25","false","500","2500","0.7987018838053771","0.9984934600008131","0.34231853906314635","0.014721339476241697","0.03101288619871081","0.9812213915144845"
"778","1","0.4","200","15","25","false","500","2500","0.7980263624511248","0.9984892752330554","0.3394340990352499","0.0118947426175621","0.027827370226875925","0.9785801842613102"
"775","1","0.4","200","15","25","false","500","3000","0.8037641812955482","0.9989150086411315","0.3513837276704484","0.007856933870886689","0.06908279504291029","0.9772114540975478"
"779","1","0.4","200","15","25","false","500","2500","0.7989472129117023","0.9986147712789518","0.38191674815312676","0.04155441643313541","0.41574319293942075","0.6884526350868247"
"776","1","0.4","200","15","25","false","500","3000","0.8015317285957297","0.998684067118769","0.32494642365761106","0.006298618474578339","0.016385651681002752","0.9521550008172515"
"777","1","0.4","200","15","25","false","500","3000","0.7992453730685172","0.9985831028307215","0.3322767923983572","0.0039483055852690485","0.013495944520809523","0.9793861270889929"
"778","1","0.4","200","15","25","false","500","3000","0.7981608142389018","0.9986940922071119","0.3360945842070672","0.005816898422535096","0.02586660955343117","0.9766002446452362"
"779","1","0.4","200","15","25","false","500","3000","0.798743705560891","0.9986120264570058","0.3647343714752528","0.03327066692928939","0.4654991641271273","0.5954332833693423"
"780","1","0.4","200","15","25","false","500","2500","0.8000273672339496","0.9986811161061271","0.37506086277180173","0.044131954219512874","0.19961195943847665","0.8814386746574134"
"781","1","0.4","200","15","50","false","500","2500","0.5883429979047043","0.9458791520581906","0.3909882758345203","0.07589265718621573","0.24927798371323762","0.8477941866041089"
"782","1","0.4","200","15","50","false","500","2500","0.5910482558176393","0.9488411614386535","0.3294704010573221","0.006187948042826632","0.014073277474813486","0.9681499776543241"
"780","1","0.4","200","15","25","false","500","3000","0.8006398836306088","0.9987421342528069","0.3875592355943696","0.02771694826039799","0.1884610145648171","0.9464997439578944"
"783","1","0.4","200","15","50","false","500","2500","0.5922583804135821","0.9500350228146826","0.33327251124705776","0.002834938843788088","0.01716773187000053","0.9798148630273822"
"784","1","0.4","200","15","50","false","500","2500","0.5920117556077529","0.9482311482243017","0.40113204016153675","0.06375864091794975","0.2547644392847528","0.8848730402819067"
"781","1","0.4","200","15","50","false","500","3000","0.5896676630546756","0.9486703413214497","0.36196577745204994","0.04761785298044223","0.21484306145736035","0.8234364179183477"
"782","1","0.4","200","15","50","false","500","3000","0.5920495000230337","0.9503094225082412","0.34305018651500047","0.020861119538998208","0.03563511550525275","0.9726543245007465"
"785","1","0.4","200","15","50","false","500","2500","0.5906492853745142","0.9469505310694613","0.3291654975973901","0.012505201659086841","0.14188302403508468","0.8331082670979998"
"783","1","0.4","200","15","50","false","500","3000","0.592593185955748","0.9504257707943587","0.3363272798995513","0.0061204321593200245","0.03134599521604888","0.9715154123232818"
"784","1","0.4","200","15","50","false","500","3000","0.5927096395888852","0.9491516491523162","0.3768790635326207","0.06396267407742483","0.14145983278934743","0.9252146837310882"
"785","1","0.4","200","15","50","false","500","3000","0.5918110597779468","0.9498786613156521","0.31422931971033546","0.012360386897606289","0.13822788156699142","0.7920996906664088"
"786","1","0.4","200","15","50","false","500","2500","0.5899273657068941","0.9457814986521895","0.42327553321766476","0.13957884705738602","0.43094899573220213","0.6992987568634054"
"787","1","0.4","200","15","50","false","500","2500","0.591016461210738","0.9464082001498025","0.3336630200149722","0.06945980816877045","0.08957503178384178","0.8419542200923056"
"788","1","0.4","200","15","50","false","500","2500","0.5895304316211877","0.9465220170163868","0.391726065585008","0.059234358808418014","0.14140118111393413","0.9745426568326697"
"789","1","0.4","200","15","50","false","500","2500","0.5886658598831539","0.9461081597310288","0.4072374008584898","0.029764031505967764","0.5472361630883884","0.6447120079811145"
"790","1","0.4","200","15","50","false","500","2500","0.5899263660702041","0.9464595127453865","0.3547103358725759","0.014739387010652113","0.07418667169000775","0.975204948917068"
"786","1","0.4","200","15","50","false","500","3000","0.5914935894596033","0.9483903571944023","0.45990219891197986","0.21048416835094477","0.44553409286629936","0.7236883355186948"
"787","1","0.4","200","15","50","false","500","3000","0.591673344841699","0.948810004648265","0.3289639775500591","0.02730662833537651","0.049417620781622214","0.9101676835331765"
"788","1","0.4","200","15","50","false","500","3000","0.5898615216763035","0.9478167492290508","0.37285555547229554","0.035242091390410846","0.11310060244952556","0.9702239725769489"
"791","1","0.4","200","15","50","false","500","2500","0.5910897663157892","0.9482671455744296","0.41584827773416827","0.06861087156390754","0.22372003932795123","0.9552139223106438"
"789","1","0.4","200","15","50","false","500","3000","0.589308577614475","0.9482247431485644","0.4632777923590469","0.10870060919336018","0.6122968672724395","0.6688359006113423"
"790","1","0.4","200","15","50","false","500","3000","0.5902939527652594","0.9480617919639847","0.36649345307738596","0.007705272469645423","0.12053881437358056","0.9712362723889305"
"791","1","0.4","200","15","50","false","500","3000","0.5921104003587834","0.9504541842937099","0.3736908347073268","0.040307731981530405","0.14208792991786756","0.9386768422225843"
"793","1","0.4","200","15","50","false","500","2500","0.5877632500806175","0.9438533104787606","0.3692488064638054","0.00917135972039212","0.1298793845240667","0.9686956751469545"
"792","1","0.4","200","15","50","false","500","2500","0.5877876770720445","0.9441909943155399","0.33734274100518435","0.02077527376834946","0.032917100459991716","0.958335848787209"
"794","1","0.4","200","15","50","false","500","2500","0.5911121609452258","0.947934190430398","0.32101722160661467","0.007344465706773954","0.02087572898637066","0.9348314701266992"
"795","1","0.4","200","15","50","false","500","2500","0.5893405269677033","0.9460873806218045","0.3711317786147908","0.017389466999098723","0.12068666029167548","0.9753192085535948"
"796","1","0.4","200","15","50","false","500","2500","0.5898902538101655","0.9457878210749877","0.34757416881155345","0.007074506570807868","0.06584725245851276","0.96980074740534"
"793","1","0.4","200","15","50","false","500","3000","0.5890392226596461","0.9469057337586502","0.33141245698278693","0.004339474553113995","0.06310336683544836","0.9267945295597987"
"792","1","0.4","200","15","50","false","500","3000","0.5885680281524999","0.9456238055401794","0.3423810544849177","0.012290027686237135","0.04258558947887512","0.9722675462896385"
"794","1","0.4","200","15","50","false","500","3000","0.5916986528121855","0.9494402514894171","0.33825606640572076","0.01488263980277409","0.03100987352043629","0.9688756858939502"
"797","1","0.4","200","15","50","false","500","2500","0.5885407062900744","0.9435642024132496","0.3298351399983163","0.006314871939798912","0.014825391758288798","0.9683651562968577"
"795","1","0.4","200","15","50","false","500","3000","0.590120574659213","0.9472675428076526","0.344213578465598","0.011147445150477515","0.04685603104038113","0.9746372592059336"
"796","1","0.4","200","15","50","false","500","3000","0.5909133442101804","0.9477806924735876","0.33878502740849903","0.0038186545987426487","0.0366006106261508","0.9759358170006017"
"797","1","0.4","200","15","50","false","500","3000","0.5899774664838138","0.9461653658862179","0.33387382818505507","0.007245899145737339","0.020001189424236603","0.9743743959851878"
"798","1","0.4","200","15","50","false","500","2500","0.5894970958404004","0.946534538142811","0.40086886064518346","0.024628772978494404","0.32725508821539506","0.8507227207416582"
"799","1","0.4","200","15","50","false","500","2500","0.5896856895469395","0.9464332087141288","0.3401214316135307","0.0023991037148389936","0.04739817914803194","0.9705670119777201"
"800","1","0.4","200","15","50","false","500","2500","0.5889391276218559","0.945604410909353","0.47156288974567645","0.026485761121506517","0.623108519377151","0.7650943887383704"
"801","1","0.4","200","15","50","false","500","2500","0.5919395418049287","0.948142678404916","0.3774036907972013","0.030719199416910814","0.18973450415776535","0.9117573688169279"
"802","1","0.4","200","15","50","false","500","2500","0.5906998934935888","0.9467138482054219","0.35512696111208836","0.06614812666831614","0.20446459249683538","0.7947681641711131"
"798","1","0.4","200","15","50","false","500","3000","0.5909238803129457","0.948667358811907","0.40398994669397653","0.0491534123954414","0.23375761508198237","0.9290588126045008"
"799","1","0.4","200","15","50","false","500","3000","0.5906810194786436","0.9478767656871429","0.33725743389266805","0.009304206200957716","0.031849320793427435","0.970618774683616"
"800","1","0.4","200","15","50","false","500","3000","0.5898970756073839","0.9474119846408777","0.44317461737059327","0.054645550508156775","0.5496027277620787","0.7252755738415458"
"803","1","0.4","200","15","50","false","500","2500","0.5935284237371464","0.9507896405411181","0.395847215083212","0.05262667992005499","0.2113950711180344","0.9235198942115485"
"801","1","0.4","200","15","50","false","500","3000","0.5925471428583331","0.9505647590679348","0.3378938335484199","0.031133605268491973","0.06266937218038418","0.919878523196382"
"802","1","0.4","200","15","50","false","500","3000","0.5915817891763967","0.9484340325491616","0.33720622818096974","0.036901389990345736","0.14573804788473393","0.8289792466678298"
"803","1","0.4","200","15","50","false","500","3000","0.5929264528061554","0.9514674782264622","0.4071169071947179","0.03731203618210213","0.25259384001369384","0.9314448453883559"
"804","1","0.4","200","15","50","false","500","2500","0.5934257960328538","0.9519667666225828","0.35035729601250476","0.020565849214473873","0.06393768009910974","0.9665683587239268"
"806","1","0.4","200","15","50","false","500","2500","0.5877843475408051","0.9433276297811097","0.3694192292493868","0.007600494322419752","0.15846004067394617","0.9421971527517937"
"805","1","0.4","200","15","50","false","500","2500","0.5913438599713211","0.9484768780147651","0.33455766070589626","0.00979705612752309","0.022609049606952945","0.9712668763832099"
"807","1","0.4","200","15","50","false","500","2500","0.5858445902862844","0.9397432160112202","0.33770467306990126","0.011053615956474689","0.03897387543061678","0.9630865278226077"
"808","1","0.4","200","15","50","false","500","2500","0.5897605358312011","0.946839065601747","0.35209995517763215","0.04020843027145392","0.05741897190478336","0.958672463356659"
"804","1","0.4","200","15","50","false","500","3000","0.5936493414290294","0.9530925652621645","0.3555311165177929","0.03517601144563003","0.0607260091259319","0.9706913289818158"
"806","1","0.4","200","15","50","false","500","3000","0.5883320351251838","0.9449330743528227","0.3612600001986672","0.006369795683909144","0.12051276629305294","0.9568974386190383"
"805","1","0.4","200","15","50","false","500","3000","0.5908416992376079","0.9481508324002275","0.33503291230497123","0.0059567515225230055","0.024416964157026204","0.9747250212353605"
"809","1","0.4","200","15","50","false","500","2500","0.5873664479771509","0.9451266524036804","0.37889425197953736","0.170572763078035","0.43871537442538816","0.527394618435189"
"807","1","0.4","200","15","50","false","500","3000","0.5873287504916321","0.9431954607919781","0.3490008519902371","0.03109495859642661","0.049166347897764154","0.9667412494765208"
"808","1","0.4","200","15","50","false","500","3000","0.5904377864385922","0.9483359745925509","0.35252864715805005","0.021926479930064413","0.06317319418959522","0.9724862673544913"
"809","1","0.4","200","15","50","false","500","3000","0.5887159845886425","0.9470213698684025","0.3751453299986857","0.13150045607378108","0.34852592445230984","0.6454096094699663"
"811","1","0.4","200","15","75","false","500","2500","0.29097820025093246","0.10639417155884376","0.08577103274963677","0.06229645878091233","0.08603531290844771","0.10898132655955033"
"812","1","0.4","200","15","75","false","500","2500","0.28819905930987977","0.1031400793261395","0.18845333669827913","0.14044664882533447","0.19763155085084974","0.22728181041865342"
"813","1","0.4","200","15","75","false","500","2500","0.2872122348308733","0.10231231146373582","0.14867645750713665","0.045845973088237395","0.10720441620697213","0.2929789832262003"
"811","1","0.4","200","15","75","false","500","3000","0.29172625499939764","0.10779880664242193","0.1835112927119641","0.08668751654545401","0.20308911593726212","0.26075724565317654"
"812","1","0.4","200","15","75","false","500","3000","0.2894635039883187","0.10468522614562473","0.14066167712482155","0.04943520626512588","0.14606902404600894","0.22648080106332955"
"813","1","0.4","200","15","75","false","500","3000","0.2881289440974798","0.10220534452978937","0.09889973462062682","0.04554134023642329","0.10463491590412392","0.146522947721333"
"814","1","0.4","200","15","75","false","500","2500","0.2875543791921866","0.1032808970176697","0.03260445906841675","0.002621903831906708","0.03189428375627195","0.06329718961707162"
"815","1","0.4","200","15","75","false","500","2500","0.2899072968126871","0.10613640969372538","0.04130032869668649","0.020938455321903162","0.03827222268977935","0.06469030807837708"
"814","1","0.4","200","15","75","false","500","3000","0.28821577525948505","0.10326710458196744","0.033348826722810435","0.0052019722690710936","0.028351202143559552","0.06649330575580065"
"815","1","0.4","200","15","75","false","500","3000","0.2912532703310246","0.10706610646285747","0.04779962084922375","0.01958901101925339","0.04528395642075266","0.07852589510766529"
"810","1","0.4","200","15","50","false","500","2500","0.5932639787809341","0.9511978407029404","0.3939842400233788","0.13839780566199364","0.1871695270349852","0.8563853873731557"
"816","1","0.4","200","15","75","false","500","2500","0.2890421515345532","0.10240143811876339","0.03461001851433317","0.0036272567452968374","0.02080716917378331","0.07939562962391948"
"817","1","0.4","200","15","75","false","500","2500","0.2911772344721477","0.10859515553734982","0.07053501175469477","0.017671617673854174","0.0553335533780852","0.13859986421214485"
"818","1","0.4","200","15","75","false","500","2500","0.288048645184468","0.1043768486900337","0.19060823886959735","0.04381158403456601","0.1871429654245056","0.3408701671497202"
"816","1","0.4","200","15","75","false","500","3000","0.28993716678071996","0.10491484529278955","0.02904811227314236","0.004362311830982144","0.021629433558914855","0.06115259142953012"
"817","1","0.4","200","15","75","false","500","3000","0.2914871709244024","0.10851552627118417","0.05506577988980912","0.030820593565262847","0.05279107400147892","0.08158567210268568"
"818","1","0.4","200","15","75","false","500","3000","0.28847622076077334","0.1029839650991054","0.16169412596459856","0.0654548143259141","0.10797785184152008","0.31164971172636197"
"810","1","0.4","200","15","50","false","500","3000","0.593340591130941","0.952372014657996","0.35812236422365007","0.1019643778481545","0.15348619279746728","0.8189165220253279"
"819","1","0.4","200","15","75","false","500","2500","0.29050274437897783","0.10506224658057473","0.13774892106035908","0.023236673345503507","0.1163453207277699","0.2736647691078035"
"820","1","0.4","200","15","75","false","500","2500","0.2882114087215291","0.10241436236437382","0.0777654835619279","0.01202625323389321","0.035733473471044046","0.18553672398084647"
"819","1","0.4","200","15","75","false","500","3000","0.29059592390042804","0.10518071712691186","0.11641708755622777","0.043286848559821386","0.11808342066681139","0.18788099344205103"
"820","1","0.4","200","15","75","false","500","3000","0.2891619259188522","0.10248050338317016","0.10143846977443638","0.018788687266318316","0.06397913116163635","0.22154759089535486"
"821","1","0.4","200","15","75","false","500","2500","0.28841232745231654","0.10472284015095995","0.1204365269151422","0.0752389555554557","0.12603044741412517","0.1600401777758459"
"822","1","0.4","200","15","75","false","500","2500","0.29064233951718077","0.1075469316127208","0.0333163540229768","0.012308862983645828","0.024441378093781434","0.06319882099150312"
"823","1","0.4","200","15","75","false","500","2500","0.28974621847707277","0.10585818932822137","0.10961787961477475","0.031192554305430165","0.09870004894738726","0.1989610355915064"
"824","1","0.4","200","15","75","false","500","2500","0.2886887362176367","0.10518243197136519","0.08842513722378856","0.056533875346221736","0.09085676274681814","0.1178847735783256"
"821","1","0.4","200","15","75","false","500","3000","0.28849304544804144","0.10285193522856144","0.12580840139988164","0.05833581663687336","0.12253130591838132","0.19655808164439"
"822","1","0.4","200","15","75","false","500","3000","0.29084777659112676","0.10630558024854078","0.06265297230923296","0.029657905951785822","0.04428824703199969","0.11401276394391349"
"823","1","0.4","200","15","75","false","500","3000","0.2901658879611276","0.10518307889851825","0.06091848595206119","0.012611771199526946","0.0645923450185206","0.10555134163813588"
"824","1","0.4","200","15","75","false","500","3000","0.2889836313744494","0.10440711257046076","0.1237690947403333","0.08313651118728739","0.131253199391365","0.15691757364234765"
"825","1","0.4","200","15","75","false","500","2500","0.28915769209416015","0.10487901272034028","0.25756550586559496","0.20637755075571998","0.25859006003115553","0.3077289068099094"
"826","1","0.4","200","15","75","false","500","2500","0.2891747837894223","0.10550118784510863","0.13353404238421288","0.07396993217318175","0.13927300379863589","0.18735919118082175"
"825","1","0.4","200","15","75","false","500","3000","0.29010736255920605","0.10642528184220537","0.19019130715478574","0.14803313629629017","0.18611981403866154","0.23642097112940524"
"826","1","0.4","200","15","75","false","500","3000","0.28997426185240527","0.1064943374897993","0.13746194753151328","0.06428734395594077","0.12408873652608796","0.22400976211251153"
"827","1","0.4","200","15","75","false","500","2500","0.28750746529710525","0.10173853110448117","0.020576944928346372","0.0052947988435653225","0.017189526722144906","0.03924650921932891"
"828","1","0.4","200","15","75","false","500","2500","0.2894123734006796","0.10438240035869695","0.03935176859758183","0.005517665806467477","0.04391150463276687","0.06862613535351104"
"830","1","0.4","200","15","75","false","500","2500","0.28915986619182665","0.10316269453163299","0.030875196986617108","0.004253655217150466","0.03514932368345915","0.053222612059241774"
"829","1","0.4","200","15","75","false","500","2500","0.28851571622244787","0.10470428381788033","0.13379334137945897","0.03558032520360776","0.13876005999210864","0.22703963894266022"
"827","1","0.4","200","15","75","false","500","3000","0.288558820447603","0.10300844111088231","0.014440137752618968","0.008491515954577296","0.013945554876699765","0.020883342426579854"
"828","1","0.4","200","15","75","false","500","3000","0.29039458958998954","0.10603823683700107","0.03300100481786201","0.010452199509103807","0.03267755615443427","0.05587325879004788"
"830","1","0.4","200","15","75","false","500","3000","0.28989350783841916","0.102941956734069","0.05352413600591637","0.023890421298476513","0.052108758203085415","0.08457322851618719"
"831","1","0.4","200","15","75","false","500","2500","0.28642213572460307","0.10051752965933758","0.027354480144766793","0.012391177438689694","0.024669968622979474","0.045002294372631285"
"829","1","0.4","200","15","75","false","500","3000","0.28915932778564074","0.10423974623269822","0.10204618826052085","0.010459834533314071","0.10466641482867262","0.1910123154195758"
"832","1","0.4","200","15","75","false","500","2500","0.2897932474755406","0.1053559260674655","0.08243362515099305","0.030739197959814793","0.08082918037921275","0.13573249711395152"
"831","1","0.4","200","15","75","false","500","3000","0.28766618703224417","0.1009407611374637","0.023342068588738392","0.006982752242546844","0.01679652990720091","0.04624692361646735"
"832","1","0.4","200","15","75","false","500","3000","0.29036753728186143","0.10564348902911594","0.1655619542848942","0.027932620026320194","0.19219633539971342","0.2765569074286491"
"833","1","0.4","200","15","75","false","500","2500","0.2894376805243741","0.10425003455418243","0.04852603557716428","0.030290284426545952","0.04997525827282276","0.06531256403212385"
"835","1","0.4","200","15","75","false","500","2500","0.28798250802638015","0.10324253532579866","0.01455521386995127","0.005207718751560864","0.010502703090315436","0.027955219767977543"
"834","1","0.4","200","15","75","false","500","2500","0.28843308102352866","0.1035895846742322","0.11224566263267294","0.08644737175235016","0.10870747881116391","0.1415821373345047"
"836","1","0.4","200","15","75","false","500","2500","0.2891238290580961","0.10400349862630982","0.07893969783054455","0.013164267788205501","0.0874682186937989","0.1361866070096291"
"833","1","0.4","200","15","75","false","500","3000","0.29006164753099084","0.10483649501325573","0.04374692068637014","0.02200040661908128","0.04029179730531147","0.06894855813471754"
"835","1","0.4","200","15","75","false","500","3000","0.2890214903549692","0.10424268690483722","0.036879998323376205","0.010498597977644368","0.022055984689688758","0.07808541230279556"
"836","1","0.4","200","15","75","false","500","3000","0.2894579976065184","0.10452938557987884","0.06491882519594466","0.017055235514554977","0.06752253531893626","0.1101787047543428"
"834","1","0.4","200","15","75","false","500","3000","0.28926630604424186","0.10451605524455444","0.11757302312942615","0.06578355357605166","0.11883572086742712","0.16809979494479982"
"837","1","0.4","200","15","75","false","500","2500","0.29016460079581363","0.10555749430131178","0.03622830584815516","0.008502505593273252","0.020948698314555682","0.0792337136366366"
"838","1","0.4","200","15","75","false","500","2500","0.2904501939359813","0.10620155266040132","0.07685690596118509","0.05336117244902386","0.07251196683357776","0.10469757860095384"
"837","1","0.4","200","15","75","false","500","3000","0.29099924623530277","0.10577601818551814","0.032418704217124845","0.011581869630961037","0.02687118690225889","0.05880305611815465"
"838","1","0.4","200","15","75","false","500","3000","0.29060040822749694","0.10617847491125208","0.06359306661192371","0.019702954591566152","0.07105857687347071","0.10001766837073446"
"839","1","0.4","200","15","75","false","500","2500","0.2889167603298562","0.10550284021140953","0.18659147242428117","0.0371017609987669","0.23313493977005129","0.28953771650402493"
"841","1","0.4","200","15","90","false","500","2500","0.11010337136145092","0.01614956882646773","0.035607136679012","0.01883026608933297","0.03311748838513939","0.05487365556256358"
"842","1","0.4","200","15","90","false","500","2500","0.10903314324493517","0.016201548989650046","0.01872747945715723","0.0075122573515724565","0.018756222760205502","0.029913958259693733"
"840","1","0.4","200","15","75","false","500","2500","0.2893720484799783","0.10519172671962927","0.09416010369219589","0.028192892198993853","0.10440378138996223","0.1498836374876318"
"839","1","0.4","200","15","75","false","500","3000","0.2904450196682583","0.10454103506360843","0.23290017991073095","0.015878725927598574","0.32191563917330407","0.3609061746312899"
"841","1","0.4","200","15","90","false","500","3000","0.1109423176088748","0.016451511205610694","0.02487987654483626","0.005536974052129213","0.022285169937470452","0.046817485644909326"
"843","1","0.4","200","15","90","false","500","2500","0.10902135116240687","0.01585045722283821","0.024568004468549762","0.0030199219793434515","0.008198630573270372","0.06248546085303538"
"842","1","0.4","200","15","90","false","500","3000","0.1099706945779489","0.016481471024070517","0.022019936394910625","0.0049257851598774405","0.014407389902008549","0.04672663412284592"
"840","1","0.4","200","15","75","false","500","3000","0.289943295174308","0.10541400199514007","0.1482846892827956","0.05620462253824444","0.12663527375174768","0.2620141715583949"
"844","1","0.4","200","15","90","false","500","2500","0.10900586596620285","0.01639074540231008","0.034281709102671004","0.018335321197512508","0.031685879609565835","0.05282392650093469"
"843","1","0.4","200","15","90","false","500","3000","0.10905928945429294","0.016283330274519163","0.027134580332780548","0.011744950448300378","0.02164845576964639","0.04801033478039482"
"844","1","0.4","200","15","90","false","500","3000","0.10907705351159128","0.01627471915587228","0.04849716844655209","0.013669558453784729","0.04548220101632008","0.08633974586955163"
"845","1","0.4","200","15","90","false","500","2500","0.10870051656132186","0.016617721676378976","0.047093583380197264","0.014355783087109704","0.0503751287442162","0.0765498383092658"
"846","1","0.4","200","15","90","false","500","2500","0.10992805063356664","0.016360147465370227","0.03729290766373227","0.008577629329258677","0.028474466283993787","0.07482662737794456"
"847","1","0.4","200","15","90","false","500","2500","0.1101306243941886","0.016682101861761268","0.049456678040570176","0.014082007048419089","0.050654417185243314","0.08363360988804798"
"845","1","0.4","200","15","90","false","500","3000","0.10902347987638578","0.01639319044933004","0.03501098829814398","0.007458022431342488","0.02886665508936911","0.06870828737372027"
"848","1","0.4","200","15","90","false","500","2500","0.11099952559847498","0.016333547301096804","0.03915766497079061","0.016900025924981382","0.03614368089580091","0.06442928809158953"
"846","1","0.4","200","15","90","false","500","3000","0.10988922954719092","0.016132221771345552","0.009763186947666612","0.0041059022435802495","0.009093879911086948","0.016089778688332636"
"849","1","0.4","200","15","90","false","500","2500","0.10994116762202999","0.016762506397425818","0.05152787087148211","0.0165065862584202","0.057488795809282754","0.08058823054674354"
"847","1","0.4","200","15","90","false","500","3000","0.11064233616508044","0.01674175132176564","0.014192358754854648","0.006257394492879832","0.013121349783012897","0.023198331988671196"
"848","1","0.4","200","15","90","false","500","3000","0.11145834795877631","0.016251242740710662","0.017657989717525937","0.004763486757444284","0.011330107548284958","0.03688037484684852"
"850","1","0.4","200","15","90","false","500","2500","0.11091859157149148","0.01704836834198139","0.016023084545851617","0.00643671128570295","0.015259710575350532","0.02637283177650136"
"849","1","0.4","200","15","90","false","500","3000","0.11020128322667107","0.016400881677318024","0.040348043254078265","0.028840937290006252","0.037469993375020404","0.0547331990972081"
"850","1","0.4","200","15","90","false","500","3000","0.110590498998053","0.01653661926528087","0.01747410248582158","0.006601616599228899","0.015244677950878763","0.030576012907357036"
"851","1","0.4","200","15","90","false","500","2500","0.10821317485372718","0.01623703638508568","0.026683286436904957","0.005732841746073975","0.02055958806282835","0.0537574295018125"
"852","1","0.4","200","15","90","false","500","2500","0.10863086270778913","0.01640421316450244","0.02142170124497444","0.010863683194939959","0.019337207795938526","0.03406421274404476"
"851","1","0.4","200","15","90","false","500","3000","0.10850563670267856","0.01650073145574703","0.020934216482276554","0.006762755659519867","0.019374180191161883","0.03666571359614795"
"853","1","0.4","200","15","90","false","500","2500","0.11066915744411279","0.016279719709345216","0.04988458429306771","0.008023733800766387","0.04374159674183527","0.09788842233660132"
"852","1","0.4","200","15","90","false","500","3000","0.10871058133165036","0.01583311928262865","0.028457981276000962","0.008503091826818247","0.025952382891588858","0.0509184691095957"
"854","1","0.4","200","15","90","false","500","2500","0.11182340394885663","0.016986327512118756","0.03987237434275369","0.01395630287480024","0.03645765477913037","0.06920316537433029"
"855","1","0.4","200","15","90","false","500","2500","0.1100511839129709","0.016073741172168973","0.03484558608808956","0.008295095030810544","0.0188808753785598","0.0773607878548984"
"853","1","0.4","200","15","90","false","500","3000","0.11119314151855271","0.016875532713460203","0.0331344435292947","0.01491521801107734","0.03313911564414417","0.05134899693266263"
"854","1","0.4","200","15","90","false","500","3000","0.11223643694826296","0.016794942422269376","0.017212774760362044","0.005309103972163928","0.017063225113371563","0.029265995195550638"
"856","1","0.4","200","15","90","false","500","2500","0.11121128362145331","0.01670767397569915","0.014266412388063384","0.0025567019614315604","0.01263392844728356","0.027608606755475017"
"855","1","0.4","200","15","90","false","500","3000","0.11010653992821434","0.016223299784529494","0.08038454622462277","0.008881126108328022","0.03637973739842296","0.19589277516711728"
"856","1","0.4","200","15","90","false","500","3000","0.11129457563248352","0.01656515623091158","0.08714967920138805","0.05737443733690049","0.07795071845309386","0.12612388181417034"
"857","1","0.4","200","15","90","false","500","2500","0.11069599407332599","0.016271277057455114","0.042789233104103624","0.009722815336181141","0.048014731406476066","0.07063015256965363"
"858","1","0.4","200","15","90","false","500","2500","0.10933193963987983","0.016472534633679196","0.031485799352092995","0.0021119079272355666","0.009953313287601809","0.08239217684144161"
"857","1","0.4","200","15","90","false","500","3000","0.11111743779385173","0.016602720795485977","0.08543747465232221","0.038844436504805714","0.09399997233646916","0.12346801511569165"
"858","1","0.4","200","15","90","false","500","3000","0.10961974969634408","0.01684377581974513","0.013571094413079288","0.004895119442234736","0.00937082574705711","0.026447338049946093"
"860","1","0.4","200","15","90","false","500","2500","0.10992371665896933","0.016243688353905893","0.03742312344566176","0.0064432066862244435","0.04675207586967611","0.059074087781084694"
"859","1","0.4","200","15","90","false","500","2500","0.10913748924838824","0.016479276335324363","0.01951781656361308","0.008759906987001737","0.016913141393209267","0.03288040131062824"
"861","1","0.4","200","15","90","false","500","2500","0.10940897211146941","0.016112114824462585","0.034870162808548155","0.008638685921661334","0.026664587072127852","0.06930721543185525"
"860","1","0.4","200","15","90","false","500","3000","0.11021920929860923","0.016253192257131416","0.014841521777040756","0.007991675444983063","0.01279705166119447","0.023735838224944666"
"859","1","0.4","200","15","90","false","500","3000","0.10967075360350835","0.016740215732374955","0.01243393742542016","0.0022121312267552205","0.010623191295547896","0.02446648975395737"
"862","1","0.4","200","15","90","false","500","2500","0.1095845483484659","0.016198949853367683","0.05234791066334259","0.026962261373930586","0.04585950517236698","0.08422196544373023"
"861","1","0.4","200","15","90","false","500","3000","0.1098820965543496","0.01636454757745204","0.025271997507821015","0.0041669008474342515","0.017563604056382194","0.05408548761964661"
"862","1","0.4","200","15","90","false","500","3000","0.10959788351952161","0.016396344335191604","0.022468343495091213","0.013965281423110645","0.02204467630687132","0.031395072755291624"
"863","1","0.4","200","15","90","false","500","2500","0.11008517747235123","0.016965846302221244","0.038245902211621566","0.01647767551524814","0.03208258366886152","0.06617744745075502"
"864","1","0.4","200","15","90","false","500","2500","0.10845989028939172","0.01632148086603846","0.0239960961287106","0.009674360555289668","0.01876617592803605","0.043547751902806055"
"863","1","0.4","200","15","90","false","500","3000","0.1103111050209241","0.016354144305602645","0.026702442781314183","0.015197270728001734","0.026463721673905205","0.038446335942035684"
"865","1","0.4","200","15","90","false","500","2500","0.10968586254948529","0.016730864104106465","0.033233491570883296","0.005502849073217871","0.014168913533310186","0.08002871210612174"
"864","1","0.4","200","15","90","false","500","3000","0.10929564083007606","0.016250940573171453","0.022356988595646523","0.006799271408735179","0.020745539624856237","0.039526154753348114"
"866","1","0.4","200","15","90","false","500","2500","0.10970279044054686","0.01662921071401291","0.047898585744064893","0.01367383937187602","0.03531781118999391","0.09470410667032463"
"867","1","0.4","200","15","90","false","500","2500","0.10973003937926558","0.016431196371295764","0.00902748714779059","0.0022504951245673915","0.0075045652189732895","0.017327401099831077"
"865","1","0.4","200","15","90","false","500","3000","0.11043779342101905","0.016434887497893406","0.038103095090646105","0.012797065239671796","0.022288322532210414","0.07922389750005626"
"866","1","0.4","200","15","90","false","500","3000","0.11034466731493611","0.016332339369851647","0.04164336937569672","0.004439969034902649","0.016987563832441238","0.10350257525974638"
"868","1","0.4","200","15","90","false","500","2500","0.11067148898970595","0.016811988012344008","0.035084727655778476","0.007349233749163581","0.025513711435614796","0.07239123778255686"
"867","1","0.4","200","15","90","false","500","3000","0.1099261816377461","0.01600800187959625","0.029364227742668555","0.006293878538863087","0.018371081270404044","0.06342772341873856"
"868","1","0.4","200","15","90","false","500","3000","0.11130098529111167","0.01664295412402047","0.026583863393799482","0.004729245649143231","0.025575579819810332","0.04944676471244489"
"869","1","0.4","200","15","90","false","500","2500","0.10882752994238538","0.01635417172972978","0.015870928383974813","0.00403083935915824","0.013354503866594158","0.030227441926172077"
"870","1","0.4","200","15","90","false","500","2500","0.1091863525371736","0.01625036830181055","0.03718476711158772","0.012064868430179291","0.03736889096942994","0.06212054193515379"
"869","1","0.4","200","15","90","false","500","3000","0.10956965785438308","0.01594968166091178","0.01038927923533604","0.002761195415228157","0.009620643064670831","0.01878599922610913"
"870","1","0.4","200","15","90","false","500","3000","0.10939875615998468","0.016091273614718075","0.0260685382170051","0.007869797944196868","0.020451947150513582","0.04988386955630481"
"871","1","0.4","200","15","100","false","500","2500","0.001481989374165229","0.010878405297680678","0.03683215518000192","0.023961714339855857","0.038233161174290514","0.04830159002585955"
"872","1","0.4","200","15","100","false","500","2500","0.0014873788885680695","0.011015112193096012","0.04359816838427399","0.022852379064599235","0.042304551368580856","0.06563757471964182"
"873","1","0.4","200","15","100","false","500","2500","0.0014840562457684777","0.011120275850151897","0.0316755679488578","0.020486647771242514","0.029182390446293904","0.045357665629037"
"874","1","0.4","200","15","100","false","500","2500","0.0014751695180638296","0.010965789669759229","0.01807885915755235","0.0032267926040303483","0.01536923869530181","0.03564054617332483"
"871","1","0.4","200","15","100","false","500","3000","0.0012108010316248645","0.011052574115804613","0.012659770960925333","0.0067939695205594475","0.012102797137275488","0.01908254622494111"
"873","1","0.4","200","15","100","false","500","3000","0.0012137235746775884","0.011202662166612289","0.03264716435047276","0.012309311894777457","0.03537747116391257","0.05025470999272825"
"872","1","0.4","200","15","100","false","500","3000","0.0012160613731076867","0.010863091848950462","0.018387732982213616","0.005269463058062836","0.019106245507225495","0.0307874903813525"
"874","1","0.4","200","15","100","false","500","3000","0.001207800823634117","0.01093337191072392","0.020417245012266074","0.003594821725813076","0.019722135205509292","0.037934778105475894"
"875","1","0.4","200","15","100","false","500","2500","0.001486330620643687","0.01065263529485379","0.025087457496179858","0.004941118765130886","0.014976984177145146","0.05534426954626359"
"876","1","0.4","200","15","100","false","500","2500","0.0014794293033840043","0.010617832293014672","0.08107128446841919","0.007322664192317149","0.059263121823031194","0.17662806738990944"
"875","1","0.4","200","15","100","false","500","3000","0.0012154745792038128","0.010876661739353704","0.018008492906870913","0.0048280892233079934","0.012892316688678837","0.03630507280862591"
"876","1","0.4","200","15","100","false","500","3000","0.0012095133711390285","0.011282345066697605","0.04890825343124045","0.01033557420440291","0.03991418447512981","0.09647500161418887"
"877","1","0.4","200","15","100","false","500","2500","0.0014859217499453004","0.010743124150786279","0.024704313830611283","0.004483399304471817","0.026092867079373225","0.04353667510798877"
"878","1","0.4","200","15","100","false","500","2500","0.0014848979641500287","0.01129886613391273","0.021711834934474112","0.006962897135796113","0.021595119419858616","0.0365774882477676"
"879","1","0.4","200","15","100","false","500","2500","0.001479755269523258","0.010994066816740686","0.015847106565487996","0.003656444132320815","0.010779490626457154","0.033105384937686055"
"880","1","0.4","200","15","100","false","500","2500","0.0014783658168897123","0.011416595468768321","0.029430758639660583","0.00431673468201319","0.01296229858841244","0.07101324264855607"
"877","1","0.4","200","15","100","false","500","3000","0.0012140750281957053","0.010656640717679987","0.020069942927913066","0.005820439950451988","0.014829309419560488","0.039560079413726704"
"878","1","0.4","200","15","100","false","500","3000","0.001212114186926153","0.010896696852687444","0.04247613328530348","0.020946984842357772","0.04441311436139149","0.06206830065216106"
"879","1","0.4","200","15","100","false","500","3000","0.0012097017111561627","0.010745046209132738","0.026612911546112682","0.00805851638245438","0.021210358566541507","0.05056985968934206"
"880","1","0.4","200","15","100","false","500","3000","0.0012085774516791862","0.011019049653710254","0.01736382058728972","0.008190072492509056","0.015921260202741292","0.027980129066618856"
"881","1","0.4","200","15","100","false","500","2500","0.00148299487704767","0.010893950998763528","0.02827527443270769","0.009085905750286926","0.01988813064913045","0.055851786898705715"
"882","1","0.4","200","15","100","false","500","2500","0.0014895461557454404","0.010805472255589425","0.04808658169489686","0.01631037752256498","0.04719735686815146","0.08075201069397382"
"881","1","0.4","200","15","100","false","500","3000","0.0012120806872019199","0.011377637828345166","0.030613618148523442","0.015144017523237718","0.028099091940944405","0.04859774498138834"
"882","1","0.4","200","15","100","false","500","3000","0.0012171612334409612","0.011183427255756795","0.040943193389530515","0.005712217964581959","0.03657598501904998","0.08054137718495946"
"883","1","0.4","200","15","100","false","500","2500","0.0014812115120384334","0.011082433721643047","0.00986969596402287","0.0038436149186821945","0.007534736861173649","0.018230736112212775"
"884","1","0.4","200","15","100","false","500","2500","0.0014839496806533154","0.011194074366308936","0.018160503230011584","0.00895290860102637","0.017929208105541022","0.027599392983467346"
"885","1","0.4","200","15","100","false","500","2500","0.0014816096809002765","0.011083969228800932","0.03505612856025325","0.015953778524494252","0.03600662030911136","0.053207986847154144"
"886","1","0.4","200","15","100","false","500","2500","0.001490618913892878","0.010820517574890645","0.02215224790618694","0.006214456028626771","0.019834647429720454","0.04040764026021368"
"883","1","0.4","200","15","100","false","500","3000","0.0012114011802188058","0.011138604964642734","0.013755782050974448","0.0048768939951695425","0.010726683824317554","0.025663768333436195"
"884","1","0.4","200","15","100","false","500","3000","0.0012137932222880642","0.011181034087048684","0.025882949545112215","0.006838738149875159","0.02303409256537614","0.04777601792008539"
"885","1","0.4","200","15","100","false","500","3000","0.0012124521442846896","0.011150286720164273","0.02674021620147721","0.008650428296992725","0.01972582007442484","0.05184440023301414"
"886","1","0.4","200","15","100","false","500","3000","0.0012188824995953214","0.01108908610628379","0.0200909414778443","0.005627226435262307","0.0131684820496391","0.04147711594863145"
"887","1","0.4","200","15","100","false","500","2500","0.001482762095474662","0.010901237857801555","0.049936708689278346","0.020609468603103483","0.034794748869913655","0.09440590859481776"
"888","1","0.4","200","15","100","false","500","2500","0.001476366294468915","0.01084538782271016","0.015401506356045409","0.003918576974087672","0.01280334287233763","0.02948259922171099"
"887","1","0.4","200","15","100","false","500","3000","0.0012116348342884637","0.011106150202312596","0.031242112054866693","0.012976576739491614","0.026661587501150698","0.05408817192395786"
"888","1","0.4","200","15","100","false","500","3000","0.001208151161959107","0.011085547727740367","0.015145882254325045","0.005009807285219357","0.0111965511304534","0.029231288347302323"
"889","1","0.4","200","15","100","false","500","2500","0.0014827630659370852","0.01124982553329582","0.03045731481839029","0.010836900743429235","0.022080144556736164","0.05845489915500542"
"890","1","0.4","200","15","100","false","500","2500","0.0014792727713157229","0.010915672560376587","0.04164742838707626","0.017430200908442228","0.0434284013259875","0.06408368292679907"
"891","1","0.4","200","15","100","false","500","2500","0.001487981916724286","0.01107934491762849","0.0325303229326117","0.015358799343448509","0.02796760548997694","0.0542645639644096"
"892","1","0.4","200","15","100","false","500","2500","0.0014827605679461396","0.010992073744115627","0.03049740043426045","0.00569399999394249","0.020675511947131783","0.06512268936170701"
"889","1","0.4","200","15","100","false","500","3000","0.0012116225922397792","0.010730047636131603","0.018750019263441234","0.006775109154690672","0.014973921191123856","0.034501027444509176"
"890","1","0.4","200","15","100","false","500","3000","0.0012101338493863687","0.011103579950260395","0.028477125951885434","0.013756184841694451","0.023012074115809193","0.04866311889815276"
"891","1","0.4","200","15","100","false","500","3000","0.0012159391594630336","0.011079239545641712","0.019863229751377425","0.007281690288939287","0.01972225990068582","0.03258573906450718"
"892","1","0.4","200","15","100","false","500","3000","0.0012122470848090912","0.010964802353357834","0.020477642892764897","0.0025181739725003253","0.013186363286289625","0.04572839141950469"
"893","1","0.4","200","15","100","false","500","2500","0.0014806553766984181","0.010998600872146592","0.009787005252402529","0.0037543295022758015","0.007631648512657685","0.017975037742274103"
"894","1","0.4","200","15","100","false","500","2500","0.0014838485370589664","0.011153277726353446","0.04883508208803144","0.02172913955720341","0.049058738589080254","0.07571736811781068"
"893","1","0.4","200","15","100","false","500","3000","0.001211608407094399","0.011106121935626703","0.025638365685846775","0.004262734312745412","0.021385037600938055","0.0512673251438568"
"894","1","0.4","200","15","100","false","500","3000","0.001214156259742743","0.011142623624774344","0.02394779335836605","0.00447483486778062","0.024373961458959606","0.04299458374835786"
"895","1","0.4","200","15","100","false","500","2500","0.0014809994656787284","0.010829191497856862","0.029210916223157593","0.008809539044721818","0.023497594183546952","0.05532561544120409"
"896","1","0.4","200","15","100","false","500","2500","0.0014798646353338905","0.01115570543428666","0.020550322203319087","0.007425515672964117","0.015093647381863319","0.03913180355512989"
"897","1","0.4","200","15","100","false","500","2500","0.0014814209236871307","0.010997727481123116","0.03589482186394139","0.020500931336761972","0.03214427917444341","0.055039255080618694"
"898","1","0.4","200","15","100","false","500","2500","0.0014813126550358006","0.011112225860749957","0.05784489870472066","0.02824633628278169","0.05655589306776223","0.08873246676361803"
"895","1","0.4","200","15","100","false","500","3000","0.0012111460663258363","0.010655545566742336","0.012928858710435075","0.004301547641646605","0.011090592441259145","0.023394436048399518"
"896","1","0.4","200","15","100","false","500","3000","0.001210937352514582","0.010932999184432485","0.027690392363766574","0.007887321792265502","0.022165721160713973","0.05301813413832025"
"897","1","0.4","200","15","100","false","500","3000","0.0012098473796722145","0.011112589321898536","0.013185332371215507","0.004659866557463642","0.010001073106202704","0.024895057449980194"
"898","1","0.4","200","15","100","false","500","3000","0.0012115377520303934","0.011179787630158946","0.031105561465934465","0.009334947348572193","0.03260205112323501","0.05137968592599617"
"899","1","0.4","200","15","100","false","500","2500","0.0014850133952528613","0.01116005197595851","0.01620916665748296","0.005822544438513956","0.010571364257215898","0.032233591276719"
"900","1","0.4","200","15","100","false","500","2500","0.0014826622982651622","0.01071887574947174","0.02389780411257857","0.008428402262880578","0.01887561542193203","0.044389394652923075"
"899","1","0.4","200","15","100","false","500","3000","0.001212729490443762","0.010967456740611283","0.035621161037525925","0.004930506592202508","0.009799487320707302","0.09213348919966793"
"900","1","0.4","200","15","100","false","500","3000","0.0012141708537934473","0.010919974646039741","0.0184470589066421","0.007937154593970779","0.015220064377442917","0.032183957748512626"
"901","1","0.5","200","15","10","false","500","2500","0.8975985589773361","0.9996907603948658","0.3348652554173701","0.010769607044754489","0.01841702883418912","0.9754091303731649"
"903","1","0.5","200","15","10","false","500","2500","0.8999974941100296","0.9996750863482856","0.2775112345664228","0.04344967636920568","0.3339577924392353","0.4551262348908284"
"902","1","0.5","200","15","10","false","500","2500","0.8993641273931985","0.9996781330283253","0.331816886937595","0.0032215135728979986","0.015703859308022747","0.9765252879318609"
"904","1","0.5","200","15","10","false","500","2500","0.8985314395620394","0.99970272593383","0.333914152751681","0.005631744756399862","0.018269431953985997","0.9778412815446553"
"901","1","0.5","200","15","10","false","500","3000","0.8981987453807149","0.999698124995397","0.36475965788967224","0.04697610606542039","0.0740703726894875","0.9732324949141055"
"903","1","0.5","200","15","10","false","500","3000","0.8996863876509811","0.9996406296787202","0.30733149185840913","0.05398892994766116","0.3046672813483892","0.5633382642791758"
"902","1","0.5","200","15","10","false","500","3000","0.8995721270198375","0.9996530670669612","0.3350193081467511","0.006232156294673442","0.018442972574745597","0.9803827955708342"
"905","1","0.5","200","15","10","false","500","2500","0.903290177558323","0.9997219597557847","0.3354191992888261","0.0063071776864245","0.020783272699696945","0.9791671474803547"
"904","1","0.5","200","15","10","false","500","3000","0.8992608057434682","0.9996873151990782","0.33313725831314844","0.005849022325957012","0.01393508857336432","0.9796276640401212"
"906","1","0.5","200","15","10","false","500","2500","0.8965579804979629","0.9996524060109326","0.33889327705043676","0.013767430520682028","0.023723550484726456","0.9791888501459015"
"905","1","0.5","200","15","10","false","500","3000","0.9030929361605576","0.9997579109605662","0.3529194479700693","0.02936720736267086","0.04540044409091284","0.9839906924566232"
"906","1","0.5","200","15","10","false","500","3000","0.8970125303807205","0.9996385463382835","0.3310009703164174","0.004162454109419463","0.012235628272539472","0.9766048285672906"
"907","1","0.5","200","15","10","false","500","2500","0.8977256337069631","0.9996852460024441","0.33109544311222733","0.004750036507994912","0.010305286854933532","0.978231005973753"
"908","1","0.5","200","15","10","false","500","2500","0.8970188916258536","0.9996308988626402","0.4759641703592069","0.006890294565974429","0.646235685277726","0.7747665312339219"
"909","1","0.5","200","15","10","false","500","2500","0.898025896481212","0.99966728694275","0.3302130807667017","0.008102413474027279","0.03073329663220172","0.9518035321938745"
"910","1","0.5","200","15","10","false","500","2500","0.8970653610113817","0.9996184109860148","0.3400171568857187","0.013961246754605368","0.0291633575691519","0.9769268663333966"
"907","1","0.5","200","15","10","false","500","3000","0.8990702899169237","0.9997369471158394","0.334485946120265","0.0076050075226570665","0.018823620020347622","0.9770292108177885"
"908","1","0.5","200","15","10","false","500","3000","0.8970432882518379","0.9996410606749598","0.48203141232168334","0.03508047457825617","0.604347465625542","0.8066662967612509"
"909","1","0.5","200","15","10","false","500","3000","0.8990048721283265","0.9997174383384518","0.34246373323760726","0.017425702238541663","0.033669051759288776","0.97629644571499"
"911","1","0.5","200","15","10","false","500","2500","0.8968090040783651","0.9996636543200209","0.33309660687245923","0.004064688062950065","0.01962299042207572","0.9756021421323504"
"912","1","0.5","200","15","10","false","500","2500","0.8949751583235347","0.9996442978755454","0.3474484254803952","0.003854342578982466","0.33879108627126425","0.6996998475909397"
"910","1","0.5","200","15","10","false","500","3000","0.8977361265241398","0.9997071961199951","0.3481615297323297","0.010850764902095017","0.05343437643510567","0.980199447859786"
"911","1","0.5","200","15","10","false","500","3000","0.8967518032470163","0.9996752543964443","0.35225511040396784","0.00964277727270278","0.06800295560840665","0.979119598330792"
"912","1","0.5","200","15","10","false","500","3000","0.8951038267414687","0.9996243730875379","0.3238046055435331","0.010612420099704513","0.2723322268020281","0.6884691697288662"
"913","1","0.5","200","15","10","false","500","2500","0.9007716341437171","0.9996782241542029","0.3361906589728103","0.04603201456438067","0.3750318744430435","0.5875080879110067"
"915","1","0.5","200","15","10","false","500","2500","0.8995089726957433","0.9996707031756731","0.35344308490980364","0.031810367459294546","0.050369186365204634","0.9781497009049085"
"914","1","0.5","200","15","10","false","500","2500","0.9000727838351461","0.999651617155144","0.3464746128357854","0.019068657292688904","0.042740126504542376","0.9776150547101218"
"916","1","0.5","200","15","10","false","500","2500","0.8986240977216524","0.9996797539429572","0.37069881554591066","0.13376575030880766","0.44320121997296563","0.5351294763559591"
"913","1","0.5","200","15","10","false","500","3000","0.9007194946761073","0.9996822291218129","0.3501118924713169","0.03378635745799244","0.3852071788769094","0.6313421410790496"
"915","1","0.5","200","15","10","false","500","3000","0.899899224509064","0.9996737349290994","0.35029613929627984","0.02287902053765939","0.051721893326569054","0.9762875040246104"
"914","1","0.5","200","15","10","false","500","3000","0.900004879713212","0.9997212864893844","0.34664099557615","0.014612957351445396","0.044939333908180105","0.9803706954688228"
"917","1","0.5","200","15","10","false","500","2500","0.9000547419506182","0.999664242168811","0.2977709259908006","0.027669612940911973","0.21350472336826154","0.6521384416632307"
"918","1","0.5","200","15","10","false","500","2500","0.89699343737918","0.9995986801038325","0.34269450831931625","0.019255258053191233","0.03248543723039618","0.9763428296743599"
"916","1","0.5","200","15","10","false","500","3000","0.8995901636181549","0.9996961859636602","0.31382176922010396","0.07167160992573741","0.3572061358679614","0.5125875618666129"
"917","1","0.5","200","15","10","false","500","3000","0.9003508707076023","0.9997347641811072","0.32789392992045585","0.04625498399388398","0.2867543922769685","0.6506724134905152"
"918","1","0.5","200","15","10","false","500","3000","0.8976222812682555","0.9996683783346813","0.3394188635210825","0.013324081653508917","0.026699067043158532","0.9782334418665775"
"919","1","0.5","200","15","10","false","500","2500","0.8974274990441417","0.9996161244154494","0.3352982009079899","0.0057412046674654715","0.02204057931880298","0.9781128187377001"
"920","1","0.5","200","15","10","false","500","2500","0.8974038914590342","0.9996679759368426","0.3340421611481139","0.007151003217564945","0.01868873921668501","0.9762867410100904"
"921","1","0.5","200","15","10","false","500","2500","0.8961755654406524","0.9996411550143085","0.34089112585701387","0.012090238889696956","0.02895705735375534","0.9816260813275876"
"922","1","0.5","200","15","10","false","500","2500","0.8969743256325473","0.9996199801185393","0.37076699081152714","0.14103182183187435","0.2165978309717969","0.7546713196309092"
"919","1","0.5","200","15","10","false","500","3000","0.8981489661400935","0.9997067349484648","0.3471662090207196","0.02288577951384139","0.039873473370850905","0.978739374177465"
"920","1","0.5","200","15","10","false","500","3000","0.8993389483611346","0.9996720342604604","0.34338433776884214","0.01784505006354157","0.037276033532106116","0.9750319297108783"
"921","1","0.5","200","15","10","false","500","3000","0.8969404167077516","0.9996808356065345","0.3615007727396478","0.023831951774224005","0.08405164883274466","0.9766187176119727"
"923","1","0.5","200","15","10","false","500","2500","0.8950767237313811","0.9996077398775216","0.32856018857779107","0.007239801173143033","0.01545099157333417","0.9629897729868945"
"924","1","0.5","200","15","10","false","500","2500","0.8992483317971524","0.9996957630291565","0.3355060026186496","0.008831247457257867","0.019158239296041567","0.9785285211026475"
"922","1","0.5","200","15","10","false","500","3000","0.8970481643477651","0.9996685143188668","0.36869206507627283","0.0995763646737181","0.20536707893830797","0.8011327516167925"
"923","1","0.5","200","15","10","false","500","3000","0.8961920783589559","0.9996452007521965","0.34001468514442423","0.010302539481532966","0.03388510368327495","0.9758564122684645"
"924","1","0.5","200","15","10","false","500","3000","0.8991234014580352","0.9997053465551999","0.34543326267613","0.021854631303839647","0.03298010400283542","0.9814650527217134"
"925","1","0.5","200","15","10","false","500","2500","0.8984341699450811","0.9996074827104526","0.31160493421078334","0.018987553375574725","0.38190614380367754","0.5339211054530988"
"926","1","0.5","200","15","10","false","500","2500","0.8978099626591174","0.9996593858807179","0.3911732800945444","0.007891836057549149","0.18853816639440094","0.9770898378316837"
"927","1","0.5","200","15","10","false","500","2500","0.8930649803604324","0.9996444507282672","0.34155088351370294","0.013546984110618061","0.033759376810046676","0.9773462896204441"
"925","1","0.5","200","15","10","false","500","3000","0.8982806535670287","0.9996333681284187","0.28777624215253456","0.007192166190954349","0.281836644367217","0.5742999158994324"
"928","1","0.5","200","15","10","false","500","2500","0.8957693101085936","0.9996060635738687","0.3223613352801834","0.022706238254396702","0.4278993358551486","0.5164784317310053"
"926","1","0.5","200","15","10","false","500","3000","0.8986519145560016","0.9996681380141846","0.37757375446523317","0.028469352442951318","0.13041714847731234","0.973834762475435"
"929","1","0.5","200","15","10","false","500","2500","0.8997516215865626","0.9997145364297529","0.4203318133694772","0.01634089050181543","0.3940523073783156","0.8506022422283038"
"927","1","0.5","200","15","10","false","500","3000","0.8935939940944123","0.9996454211859876","0.3398366492463438","0.01603773990865762","0.02721556323953057","0.97625664459084"
"930","1","0.5","200","15","10","false","500","2500","0.8950021666807589","0.999648771813369","0.349623847596576","0.024016800889527578","0.08356915059453071","0.9412855913056694"
"928","1","0.5","200","15","10","false","500","3000","0.8952552366464167","0.9996122173093316","0.3256727905143494","0.04643915349741312","0.3900587022209597","0.5405205158246749"
"929","1","0.5","200","15","10","false","500","3000","0.8990247338663219","0.9997136850496033","0.3864162137924843","0.005096512127166692","0.24040115760800304","0.9137509716422765"
"930","1","0.5","200","15","10","false","500","3000","0.894966241047038","0.9996593823956939","0.3556279865800294","0.021077067308381103","0.0757180460093498","0.9700888464223562"
"931","1","0.5","200","15","25","false","500","2500","0.744926901056603","0.992250337356801","0.3419950653969828","0.014377985332673038","0.036116779483411715","0.975490431374864"
"932","1","0.5","200","15","25","false","500","2500","0.7467644959578245","0.9925451755672589","0.4698953034526766","0.02467092964092767","0.6363312526488463","0.7486837280682564"
"931","1","0.5","200","15","25","false","500","3000","0.7450168119206739","0.992411867522037","0.3393593398953613","0.012868290959214521","0.02993482107440179","0.9752749076524686"
"933","1","0.5","200","15","25","false","500","2500","0.7424777063490372","0.9918067522795737","0.3532007456102686","0.014066567638483993","0.06981431170882405","0.9757213574834956"
"934","1","0.5","200","15","25","false","500","2500","0.7468591929144427","0.992634223140301","0.3764204297130707","0.05991343529448198","0.14658058594954365","0.9227672678951861"
"932","1","0.5","200","15","25","false","500","3000","0.7479690514529359","0.9931853155135367","0.39223837920354343","0.047387446294625796","0.4958191236387672","0.6335085676772385"
"935","1","0.5","200","15","25","false","500","2500","0.744778347562145","0.9921654072890168","0.3784694664216491","0.08686214623042512","0.3540428796819337","0.6945033733525897"
"933","1","0.5","200","15","25","false","500","3000","0.7438909319271738","0.992220335518679","0.3368093771263059","0.009302786275744903","0.02303103879481618","0.978094306308355"
"936","1","0.5","200","15","25","false","500","2500","0.7462320188371465","0.9925378958156765","0.35776261696918243","0.007436659841216266","0.09236409880221173","0.9734870922641176"
"934","1","0.5","200","15","25","false","500","3000","0.7472046683505639","0.9928337668488194","0.35829519592754294","0.03562788536224984","0.09772319580977826","0.9415345066105999"
"935","1","0.5","200","15","25","false","500","3000","0.7470729237248468","0.9927082735175732","0.3991082663472402","0.07085086694762202","0.41164752526676285","0.7148264068273351"
"936","1","0.5","200","15","25","false","500","3000","0.7471501706078267","0.9929072631849337","0.36083890943583474","0.009138520263827221","0.10031270234937663","0.9730655056942992"
"937","1","0.5","200","15","25","false","500","2500","0.7455489258710145","0.9923980893898096","0.331964526095088","0.007416658869760359","0.016225068801236725","0.9722518506142667"
"938","1","0.5","200","15","25","false","500","2500","0.7440107527731368","0.9922428864058097","0.3343664528562959","0.0073376778626961375","0.014062712328008972","0.9816989683781813"
"937","1","0.5","200","15","25","false","500","3000","0.7454219921745706","0.9924711820001816","0.33283835436639764","0.0058006284401563345","0.01740380023769485","0.97531063442134"
"939","1","0.5","200","15","25","false","500","2500","0.7454026411239362","0.9922008267906343","0.3233287442055995","0.02605662247831477","0.232862706014647","0.7110669041238394"
"940","1","0.5","200","15","25","false","500","2500","0.7466691064523677","0.9925440609968615","0.34571482980129736","0.012915772848892577","0.055192167522968905","0.9690365490320282"
"938","1","0.5","200","15","25","false","500","3000","0.7445033448251481","0.9925227726765611","0.3316841452118841","0.0037104278599178974","0.014301015026154261","0.9770409927495796"
"941","1","0.5","200","15","25","false","500","2500","0.7468222797491034","0.9922872463865254","0.343719736349577","0.012844727247312886","0.04339944273528988","0.9749150390661256"
"942","1","0.5","200","15","25","false","500","2500","0.7464392734457516","0.9923791933894985","0.3452613460477989","0.007624014683261412","0.05295537184665734","0.9752046516134772"
"940","1","0.5","200","15","25","false","500","3000","0.7471501159752325","0.9929858290061958","0.3410011849193553","0.009967672093437095","0.03942798116622087","0.973607901498408"
"939","1","0.5","200","15","25","false","500","3000","0.7457982275749906","0.9924113418851866","0.3397083406548309","0.008270124450036236","0.19709530618436288","0.8137595913300922"
"941","1","0.5","200","15","25","false","500","3000","0.7469308459876169","0.9925972235364175","0.36280471274999293","0.005438985207286873","0.10213222367577326","0.9808429293669177"
"942","1","0.5","200","15","25","false","500","3000","0.7475096096692713","0.9928799488903236","0.3401006779655407","0.008367328897740315","0.03503833590106702","0.9768963690978126"
"943","1","0.5","200","15","25","false","500","2500","0.7467805822021285","0.9923109343130919","0.3566467585900068","0.01383598242695041","0.08831815187147532","0.9677861414715938"
"944","1","0.5","200","15","25","false","500","2500","0.7452594251208783","0.9922403370318795","0.2985264536565683","0.022611644245609748","0.34957696166671665","0.5233907550573778"
"943","1","0.5","200","15","25","false","500","3000","0.746645167181656","0.9926774642262233","0.359719620818852","0.007819342266972052","0.09473471097170487","0.9766048092178746"
"945","1","0.5","200","15","25","false","500","2500","0.7462461207017214","0.9925962933263212","0.33953367305928994","0.009202572018086854","0.028577181175633758","0.9808212659841474"
"946","1","0.5","200","15","25","false","500","2500","0.7481437339904441","0.9924421446430545","0.3455631612286421","0.01386675538096723","0.044307120935550094","0.9785156073694076"
"944","1","0.5","200","15","25","false","500","3000","0.7464101622028134","0.9926872731093397","0.3050754472715404","0.009324132490787562","0.3586711105575941","0.5472310987662389"
"947","1","0.5","200","15","25","false","500","2500","0.7441416098346022","0.9919398315961367","0.34381551917625697","0.01851082646334158","0.04207909488510128","0.9708566361803254"
"948","1","0.5","200","15","25","false","500","2500","0.74430581618101","0.9924281433415378","0.338233001240053","0.02875698537222858","0.0699573820810387","0.9159846362668913"
"945","1","0.5","200","15","25","false","500","3000","0.7459916881863383","0.9927547243372574","0.34152234358164785","0.014055336481713513","0.030192127538271968","0.9803195667249547"
"946","1","0.5","200","15","25","false","500","3000","0.7484159132476108","0.9930005420663149","0.33620086703172325","0.006676017918938674","0.027501745079183106","0.9744248380970467"
"947","1","0.5","200","15","25","false","500","3000","0.7454449215558436","0.9926589521907949","0.3431337509463898","0.013909006219841001","0.04127064706818048","0.974221599551148"
"948","1","0.5","200","15","25","false","500","3000","0.7456198592991851","0.9926831248296177","0.3372132736498165","0.022847407146363078","0.09472978911455043","0.8940626246885354"
"949","1","0.5","200","15","25","false","500","2500","0.7479206851834158","0.9928982930987661","0.36384291485648845","0.036688542632271635","0.09138133092222475","0.9634588710149676"
"950","1","0.5","200","15","25","false","500","2500","0.7434895927259304","0.991640504899486","0.32857885572491374","0.002520693219105768","0.008269852541715401","0.9749460214139182"
"949","1","0.5","200","15","25","false","500","3000","0.748165986665454","0.9931330952043477","0.3417294759023097","0.010138658345899082","0.03922925623104528","0.9758205131299823"
"951","1","0.5","200","15","25","false","500","2500","0.7452558367831194","0.9923290622906223","0.40448767807982283","0.07360609400798726","0.1648633912494339","0.9749935489820482"
"952","1","0.5","200","15","25","false","500","2500","0.7449797612612308","0.9920425685539566","0.36306523862636947","0.05709765683745268","0.08049394515997503","0.9516041138816784"
"950","1","0.5","200","15","25","false","500","3000","0.7434230586967312","0.9918453506406925","0.3313115073964426","0.005102975798419547","0.01308476618039746","0.975746780210509"
"953","1","0.5","200","15","25","false","500","2500","0.7447662323164586","0.9921153149647765","0.3432150544284736","0.022880174712458654","0.03548594165353043","0.97127904691943"
"954","1","0.5","200","15","25","false","500","2500","0.7456269108080322","0.9923682016200884","0.3652574840174378","0.01993604566224496","0.34665596658984965","0.7291804398002202"
"951","1","0.5","200","15","25","false","500","3000","0.7463097481958556","0.9928199127778728","0.36183963385410955","0.04141334649359688","0.06816746813660443","0.975938086932124"
"952","1","0.5","200","15","25","false","500","3000","0.7457812591961593","0.992805656581977","0.3629313041406428","0.01876050708281691","0.09966318094247033","0.9703702243966426"
"953","1","0.5","200","15","25","false","500","3000","0.7446037170362022","0.9924292288872714","0.3498659106912253","0.028826152011890895","0.04446746755500057","0.9763041125067822"
"954","1","0.5","200","15","25","false","500","3000","0.7462576852939913","0.9925049429206908","0.3319106763016705","0.041262457017026695","0.26906073529752483","0.6854088365904613"
"955","1","0.5","200","15","25","false","500","2500","0.7428496098221752","0.9919851562627053","0.36756401704698566","0.24425641083671662","0.4112642335198242","0.4471714067844171"
"956","1","0.5","200","15","25","false","500","2500","0.7464557400412101","0.9923743525034071","0.3702831524516992","0.05241440688210718","0.08984104767492279","0.9685940027980655"
"955","1","0.5","200","15","25","false","500","3000","0.7426888902468399","0.9922415594274925","0.3489755806051692","0.15763229821710173","0.3743139758115005","0.514980467786905"
"957","1","0.5","200","15","25","false","500","2500","0.7472047630139023","0.9926146071654712","0.3416052460098073","0.016258457638321958","0.03763245485392004","0.9709248255371793"
"958","1","0.5","200","15","25","false","500","2500","0.7457695110829501","0.9925058281098788","0.3708056871396273","0.01227780363717616","0.18499724342157817","0.9151420143601248"
"956","1","0.5","200","15","25","false","500","3000","0.7473946264559668","0.9928995343447381","0.361349635318097","0.01059192808158936","0.09556337920573564","0.9778935986669636"
"959","1","0.5","200","15","25","false","500","2500","0.7441985184499145","0.9919136564643404","0.37633113778790284","0.029074315646641778","0.12566646824973385","0.9742526294673304"
"960","1","0.5","200","15","25","false","500","2500","0.7477346636049433","0.9928960591609948","0.3377020188752336","0.03474222366069607","0.13128928990418529","0.8470745430608204"
"957","1","0.5","200","15","25","false","500","3000","0.7472536996597423","0.993026017140455","0.3394479918259314","0.011647179076181886","0.03192153863462024","0.9747752577669909"
"958","1","0.5","200","15","25","false","500","3000","0.7455220850075328","0.9922823656076188","0.36474716119851847","0.011057959914418526","0.13655075908387812","0.9466327645972594"
"959","1","0.5","200","15","25","false","500","3000","0.744882305927932","0.9924759933742516","0.3781209864767766","0.006995089660297313","0.1632394640870654","0.9641284056829657"
"960","1","0.5","200","15","25","false","500","3000","0.7472083451702872","0.992910981648116","0.3421505027101837","0.057283109730556496","0.1271636616470221","0.8420047367529739"
"961","1","0.5","200","15","50","false","500","2500","0.4928750029512945","0.5942904142417467","0.6013811272516657","0.05246669097482663","0.8415461791836013","0.9101305115965697"
"961","1","0.5","200","15","50","false","500","3000","0.4927625592671666","0.5935758811360838","0.6081112570154522","0.03434141982193329","0.8708146246982543","0.9191777265261678"
"962","1","0.5","200","15","50","false","500","2500","0.492316826029963","0.5911734550255832","0.4148353833194946","0.24775544939338925","0.40530223582138625","0.5914484647437089"
"963","1","0.5","200","15","50","false","500","2500","0.4924999591572841","0.592016017617428","0.5167504087567186","0.007315859815596944","0.7337731211025318","0.8091622453520287"
"964","1","0.5","200","15","50","false","500","2500","0.4926286221812359","0.5937212757769035","0.4230248465666361","0.08188442975277538","0.5617096668587008","0.6254804430884303"
"962","1","0.5","200","15","50","false","500","3000","0.4927996773100115","0.5931598628211133","0.37045462999567086","0.1750723256890063","0.3679185805489344","0.568372983749073"
"963","1","0.5","200","15","50","false","500","3000","0.49281289431241326","0.5931369797552534","0.5108865771068614","0.015092409182971486","0.7246217585572479","0.7929455635803652"
"965","1","0.5","200","15","50","false","500","2500","0.4911580439918046","0.5841507816124062","0.41159013702285957","0.004166250316677467","0.3552180417854047","0.8753861189664969"
"966","1","0.5","200","15","50","false","500","2500","0.4888554296857637","0.5742562646266611","0.46808744468157937","0.021895562149861648","0.6061792475078799","0.7761875243869977"
"964","1","0.5","200","15","50","false","500","3000","0.49316595535014185","0.5944441302624319","0.4360632871083485","0.11729666307683266","0.5629784068423223","0.6279147914058906"
"965","1","0.5","200","15","50","false","500","3000","0.4923950055059242","0.5909612616506924","0.37453296605190245","0.020531452876856496","0.2187983347603835","0.8842691105184673"
"966","1","0.5","200","15","50","false","500","3000","0.48891435974698805","0.5751543189374977","0.44620794597181557","0.012050384662697344","0.6104256280250598","0.7161478252276896"
"967","1","0.5","200","15","50","false","500","2500","0.49122118790004476","0.5862128386009232","0.3630376834957035","0.021308618390679428","0.16376771305169258","0.9040367190447386"
"967","1","0.5","200","15","50","false","500","3000","0.49142204697017466","0.5857216198027204","0.33477114528912977","0.006383479783161182","0.09676153266967928","0.9011684234145495"
"968","1","0.5","200","15","50","false","500","2500","0.4923022764235661","0.5908946645244114","0.4118025902873524","0.024751001843013706","0.3707895105129468","0.8398672585060978"
"969","1","0.5","200","15","50","false","500","2500","0.48931073328048635","0.5775246623829825","0.5077012520630502","0.010319518623832583","0.6284810239872138","0.8843032135781039"
"968","1","0.5","200","15","50","false","500","3000","0.4931400618843513","0.5939492312473992","0.3835869156370004","0.009485441633644051","0.2617945866626391","0.8794807186147187"
"970","1","0.5","200","15","50","false","500","2500","0.4927317884241257","0.5937217023646177","0.3199932369888838","0.008654623728027085","0.063640198569851","0.8876848886687723"
"969","1","0.5","200","15","50","false","500","3000","0.4898971913082289","0.5805158209729899","0.5043383523813609","0.011247336430386307","0.6288640806764738","0.8729036400372231"
"971","1","0.5","200","15","50","false","500","2500","0.49111235126198916","0.5851984982305276","0.38111125626666187","0.07320107251398467","0.49067302227059023","0.5794596740154107"
"972","1","0.5","200","15","50","false","500","2500","0.4905075905538765","0.583842335756169","0.38720651791649063","0.1416718179246524","0.25200921370980284","0.7679385221150159"
"970","1","0.5","200","15","50","false","500","3000","0.49289433445566877","0.5936776365495348","0.3287664145749039","0.03538246146436718","0.06848076335316013","0.8824360189071832"
"971","1","0.5","200","15","50","false","500","3000","0.4922752469505177","0.5904524448256491","0.3344082218458783","0.029338421579839766","0.4414563368401638","0.5324299071176323"
"972","1","0.5","200","15","50","false","500","3000","0.49201078458994385","0.5907965785547964","0.4074409099031511","0.10649717355117141","0.2777761649784625","0.838049391179818"
"973","1","0.5","200","15","50","false","500","2500","0.4888909127400837","0.5756389911992474","0.3271392821822895","0.13778057221931633","0.20813857432598284","0.6354987000015689"
"973","1","0.5","200","15","50","false","500","3000","0.4897723755132559","0.579355531624647","0.3473101964205811","0.08400595580266336","0.3078428770651269","0.6500817563939524"
"974","1","0.5","200","15","50","false","500","2500","0.49079839961970595","0.584652922564783","0.41036332231511496","0.015115324062517877","0.35287637967583896","0.8630982632069868"
"975","1","0.5","200","15","50","false","500","2500","0.49072054927565945","0.5840068566728158","0.4369012441556546","0.06556261996565277","0.5868575270200156","0.6582835854812958"
"974","1","0.5","200","15","50","false","500","3000","0.4912334393438427","0.5850703235190436","0.4358905043912428","0.038759418911243584","0.4149991783869745","0.8539129158755098"
"976","1","0.5","200","15","50","false","500","2500","0.49205039035054055","0.5906397788703227","0.39570178381830695","0.18177883409685094","0.4724507024361188","0.5328758149219491"
"975","1","0.5","200","15","50","false","500","3000","0.4920440511109574","0.5886366440811964","0.3622250748707164","0.06492715911999157","0.48784999486535674","0.5338980706267997"
"977","1","0.5","200","15","50","false","500","2500","0.49055634176837587","0.5830196459470084","0.3767535659353801","0.019015491886734494","0.23955306592711822","0.8716921399922869"
"978","1","0.5","200","15","50","false","500","2500","0.4893275787289586","0.5775927409733504","0.3307053630695049","0.030062201028974177","0.059749468442621446","0.9023044197369181"
"976","1","0.5","200","15","50","false","500","3000","0.4936024706067731","0.5966550962352625","0.39989777984309927","0.17832744086878113","0.4083819400036528","0.6129839586568644"
"977","1","0.5","200","15","50","false","500","3000","0.49170364224876567","0.5870506949498231","0.36834906483849345","0.028269600425467608","0.19031758663483186","0.8864600074551812"
"978","1","0.5","200","15","50","false","500","3000","0.48964134539792414","0.5791553609403072","0.3124548561762025","0.010734566263423805","0.03188078003865982","0.8947492222265235"
"979","1","0.5","200","15","50","false","500","2500","0.4889171484742922","0.5765161503921735","0.3480005435077664","0.08627495306361356","0.44387647098724514","0.5138502064724407"
"979","1","0.5","200","15","50","false","500","3000","0.48962764175513507","0.5786809416347172","0.3348138870337497","0.08790999721500432","0.38702274131866143","0.5295089225675823"
"980","1","0.5","200","15","50","false","500","2500","0.4905717028005921","0.5846671108482686","0.33812800300087714","0.04612516280953711","0.07490629877352073","0.893352547419575"
"981","1","0.5","200","15","50","false","500","2500","0.4918075792700524","0.5899675342216903","0.3840349150870032","0.18492220599877038","0.4232971281227943","0.5438854111394452"
"980","1","0.5","200","15","50","false","500","3000","0.49157873459345414","0.5880472691049481","0.3326974558196411","0.01946412981573022","0.06048318619728034","0.9181450514459125"
"982","1","0.5","200","15","50","false","500","2500","0.49136945094065687","0.5873141355000987","0.33131604540546655","0.22130819482709374","0.2879743864179611","0.48466555497134517"
"981","1","0.5","200","15","50","false","500","3000","0.49258686123562395","0.5933315353682928","0.35650963087077736","0.05775164881040315","0.4349446644117689","0.5768325793901603"
"983","1","0.5","200","15","50","false","500","2500","0.4914223041352776","0.587084859245835","0.5016154905341876","0.036172758180098165","0.6017683571339755","0.8669053562884882"
"984","1","0.5","200","15","50","false","500","2500","0.4916061628316299","0.5877690159574575","0.3622348100733379","0.050364397552696547","0.14746905598127932","0.8888709766860398"
"982","1","0.5","200","15","50","false","500","3000","0.49202668105625036","0.5894717969978148","0.3752885777064635","0.27098961402971095","0.34842088752859174","0.5064552315610861"
"983","1","0.5","200","15","50","false","500","3000","0.4916350704394674","0.5893245661740066","0.5013541874389653","0.038900326401900574","0.615104870099705","0.8500573658152888"
"984","1","0.5","200","15","50","false","500","3000","0.4921669712876431","0.5893058435891533","0.34459660193843583","0.062448398368452916","0.13536017733857647","0.8359812301082771"
"985","1","0.5","200","15","50","false","500","2500","0.49017013968591877","0.5816846098671777","0.33760465333118905","0.017536498885934816","0.1099978551725674","0.8852796059350596"
"985","1","0.5","200","15","50","false","500","3000","0.49061774588308305","0.5830533486841468","0.3223041027372467","0.02020473244747681","0.06536634289147522","0.8813412328727868"
"986","1","0.5","200","15","50","false","500","2500","0.49329906343377194","0.594249721593199","0.4004956201194606","0.08970314562789439","0.4151713417448027","0.6966123729856857"
"987","1","0.5","200","15","50","false","500","2500","0.49067043481487355","0.5837176380706686","0.3593211745883504","0.016967825180867854","0.16875762849159626","0.8922380700925877"
"986","1","0.5","200","15","50","false","500","3000","0.49372246242491524","0.5967557579259344","0.40108570471155813","0.12589329347781752","0.30421074439520573","0.7731530762616511"
"988","1","0.5","200","15","50","false","500","2500","0.49214691344646816","0.591350878249159","0.3395190479583969","0.04050449646163794","0.06861616578455386","0.9094364816289953"
"987","1","0.5","200","15","50","false","500","3000","0.49247270649448505","0.5916962478474762","0.3250967949754054","0.010375281110273332","0.07363033284777938","0.8912847709681636"
"989","1","0.5","200","15","50","false","500","2500","0.4905883760199376","0.5818544212648449","0.3354742089178529","0.027530589009456333","0.07430135186032703","0.9045906858837756"
"990","1","0.5","200","15","50","false","500","2500","0.4916272615948108","0.5885763709523293","0.34931856988989446","0.10365107119508894","0.15815637119923495","0.7861482672753602"
"991","1","0.5","200","15","75","false","500","2500","0.2408396196238152","0.044630828131322874","0.022544992528733484","0.0033596573537666877","0.010145897217080193","0.054129423015353464"
"988","1","0.5","200","15","50","false","500","3000","0.4936249756009017","0.5960201124947294","0.33682346239044547","0.010504402869660905","0.0684574831868878","0.9315085011147876"
"991","1","0.5","200","15","75","false","500","3000","0.2418429400883998","0.04532697902168917","0.014083340158211699","0.004215848299276","0.011504163092912507","0.026530009082446702"
"989","1","0.5","200","15","50","false","500","3000","0.4912188879822807","0.584886750567332","0.3072182882640275","0.013081723306285311","0.02297531805617792","0.8855978234296167"
"990","1","0.5","200","15","50","false","500","3000","0.4927316159254683","0.5915951755016234","0.3220039715410264","0.05260646053819284","0.10252338967846383","0.8108820644064224"
"992","1","0.5","200","15","75","false","500","2500","0.2410961799981257","0.045136192974643136","0.031133427094215654","0.008739801319481879","0.029700715408307647","0.054959764554857425"
"992","1","0.5","200","15","75","false","500","3000","0.24193532066389112","0.04461950453306201","0.03488507287263579","0.024548298147713834","0.03296376684619911","0.04714315362399448"
"993","1","0.5","200","15","75","false","500","2500","0.2405524141256084","0.044165160934149544","0.025867785907391652","0.006985246809958392","0.022627171450874176","0.047990939461342356"
"993","1","0.5","200","15","75","false","500","3000","0.2413202536183794","0.04391031930892228","0.04026912041991542","0.018768796935429658","0.02755651338374054","0.07448205094057603"
"995","1","0.5","200","15","75","false","500","2500","0.24000573680274717","0.04403085443603432","0.021982261168053147","0.003980755563981569","0.01087471525416749","0.05109131268601036"
"994","1","0.5","200","15","75","false","500","2500","0.24061944948984695","0.04448679790437288","0.031042307399721532","0.010816668298514165","0.03182722546932328","0.05048302843132709"
"996","1","0.5","200","15","75","false","500","2500","0.2414826299865852","0.045861510917220516","0.02445948238972684","0.005195255938865449","0.019058916776953667","0.04912427445336143"
"997","1","0.5","200","15","75","false","500","2500","0.24204204946149088","0.045544462796645355","0.07485861868239352","0.012412814791684088","0.05971662733370041","0.15244641392179611"
"995","1","0.5","200","15","75","false","500","3000","0.24032208220263643","0.04368675818646699","0.011028492661607209","0.005204534395643469","0.00912202686653899","0.018758916722639154"
"996","1","0.5","200","15","75","false","500","3000","0.24191932550809206","0.04462059635151796","0.015331283850093394","0.003483736441347296","0.014083941586841276","0.028426173522091515"
"994","1","0.5","200","15","75","false","500","3000","0.24122991514120834","0.04443647065196334","0.018386741593238685","0.0060405006481592935","0.013232799598141077","0.035886924533415694"
"997","1","0.5","200","15","75","false","500","3000","0.24250873109864649","0.04521738382216503","0.06033705196136184","0.005865113844417895","0.019467032682831252","0.15567900935683643"
"998","1","0.5","200","15","75","false","500","2500","0.23958960911578184","0.04397856850945872","0.034515489498927944","0.023592063040920874","0.033779807986084764","0.046174597469778304"
"998","1","0.5","200","15","75","false","500","3000","0.2403278619702928","0.04393443317545389","0.02899631797237442","0.007233414782453803","0.026701131507811542","0.05305440762685787"
"999","1","0.5","200","15","75","false","500","2500","0.2412828477535698","0.04541194377631368","0.03815638914061484","0.01911957121160491","0.0347289422982542","0.060620653911985393"
"999","1","0.5","200","15","75","false","500","3000","0.24219198116192178","0.04507630468365948","0.0459440800529712","0.003364065598144793","0.024982670858902302","0.10948550370186641"
"1000","1","0.5","200","15","75","false","500","2500","0.23951517883328932","0.043845447729387955","0.025885607333689203","0.009754299208989925","0.02652692456777632","0.041375598224301334"
"1001","1","0.5","200","15","75","false","500","2500","0.23920012729580983","0.04357098924693974","0.02974803911522115","0.011406297327274995","0.022570375515563554","0.055267444502824774"
"1002","1","0.5","200","15","75","false","500","2500","0.23944099180858308","0.04352646708764732","0.02437163546192598","0.011487279304433239","0.022159737846793558","0.0394678892345511"
"1003","1","0.5","200","15","75","false","500","2500","0.24139486001990873","0.04458981528638082","0.02587556318791756","0.006000126808622824","0.02106487689450586","0.05056168586062388"
"1000","1","0.5","200","15","75","false","500","3000","0.24090449099282074","0.044489911228679645","0.05458239972985128","0.018701769669704518","0.04447396130129279","0.10057146821855645"
"1001","1","0.5","200","15","75","false","500","3000","0.24006499465943343","0.043880014229962655","0.0208172451850041","0.006953661615585039","0.016524821137041408","0.03897325280238579"
"1002","1","0.5","200","15","75","false","500","3000","0.24066945386891275","0.04408103827645409","0.01418108408284308","0.005114706272366605","0.013522151434039674","0.023906394542122913"
"1003","1","0.5","200","15","75","false","500","3000","0.24152967929248412","0.04492535221657626","0.03320494369320609","0.020235280455054086","0.02917238241268982","0.05020716821187449"
"1004","1","0.5","200","15","75","false","500","2500","0.24128606907838535","0.04491122720945734","0.02574354456426258","0.006478113758510441","0.020408255394206803","0.05034426454007069"
"1004","1","0.5","200","15","75","false","500","3000","0.24140761847968217","0.04412513079352897","0.025197826446845487","0.012016235751013972","0.019213168780003155","0.04436407480951937"
"1005","1","0.5","200","15","75","false","500","2500","0.2416710328058349","0.04550910362396857","0.03299713178662145","0.015451896210464265","0.03088961417599174","0.05264988497340842"
"1005","1","0.5","200","15","75","false","500","3000","0.24190516233104684","0.0450080075991474","0.02450488329234591","0.006343803303127228","0.016805494330102106","0.050365352243808476"
"1006","1","0.5","200","15","75","false","500","2500","0.23987105431197134","0.044105190015542646","0.01774947055391001","0.005223807275399074","0.01573800004545778","0.03228660434087321"
"1007","1","0.5","200","15","75","false","500","2500","0.24122103062389977","0.045165062067814274","0.030595422095601416","0.006737501587912472","0.030614107626505474","0.054434657072386275"
"1009","1","0.5","200","15","75","false","500","2500","0.23973375030327107","0.044040763216980826","0.014439032332772458","0.0049574012930917325","0.010958519915442846","0.027401175789782867"
"1008","1","0.5","200","15","75","false","500","2500","0.23952652096377652","0.04392247085097254","0.032399306596676176","0.006283536220805797","0.02792578793269338","0.06298859563652943"
"1006","1","0.5","200","15","75","false","500","3000","0.24090491672921477","0.044832012732793226","0.009859163111789648","0.002420590656741686","0.007215862114454477","0.01994103656417284"
"1007","1","0.5","200","15","75","false","500","3000","0.24154492743874906","0.044167060396736575","0.03194735968490053","0.010983225159600337","0.036854416837196646","0.04800443705790448"
"1009","1","0.5","200","15","75","false","500","3000","0.2409582200690567","0.043587475513587055","0.0190133677663761","0.008994144389641665","0.019434446935101435","0.028611511974385193"
"1008","1","0.5","200","15","75","false","500","3000","0.2403217068523474","0.044690426613379346","0.027424012296562134","0.009388741636432801","0.022161470989946076","0.050721824263307506"
"1010","1","0.5","200","15","75","false","500","2500","0.2398935200837558","0.04459324696496315","0.015258409951776972","0.005142453861032846","0.014329144124381233","0.02630363186991683"
"1010","1","0.5","200","15","75","false","500","3000","0.24105579709339076","0.04382265650405502","0.04219386275410584","0.018228565878396413","0.033441566066040936","0.07491145631788011"
"1011","1","0.5","200","15","75","false","500","2500","0.2416150854734454","0.045218552787411916","0.01472382438421967","0.004487138320517407","0.014162984269480426","0.025521350562661197"
"1011","1","0.5","200","15","75","false","500","3000","0.24230418711071106","0.04489390270886063","0.03087441507098261","0.015593365538809524","0.029648820042220726","0.04738105963191747"
"1012","1","0.5","200","15","75","false","500","2500","0.24022362862235194","0.044726843679360744","0.03326138846098499","0.008221446713707635","0.029520253788408796","0.062042464880838526"
"1013","1","0.5","200","15","75","false","500","2500","0.24042040406194085","0.044517885744264525","0.02961016620499856","0.005407540714006102","0.024135620592949433","0.059287337308040054"
"1014","1","0.5","200","15","75","false","500","2500","0.239489163238291","0.04358102199572727","0.023200367369487468","0.007463719084672611","0.019562159638841156","0.04257522338494871"
"1015","1","0.5","200","15","75","false","500","2500","0.23945645717985758","0.0433083860855009","0.03138149087051364","0.00520666658459611","0.030451693707139092","0.05848611231980569"
"1012","1","0.5","200","15","75","false","500","3000","0.24113781427015937","0.04463622096776193","0.015569256720796051","0.005816920903509781","0.014525046561714983","0.0263658026971634"
"1013","1","0.5","200","15","75","false","500","3000","0.2414406938471144","0.04448304627011049","0.023863626342468126","0.009593374163645564","0.023839305996820746","0.03815819886693807"
"1014","1","0.5","200","15","75","false","500","3000","0.2400168077515312","0.04477895345037776","0.023743527267786814","0.011639014415280612","0.021935105779289126","0.03765646160879066"
"1015","1","0.5","200","15","75","false","500","3000","0.24005036061654808","0.04421761589366033","0.031430254516138886","0.005323777636303374","0.024499421715802366","0.0644675641963109"
"1016","1","0.5","200","15","75","false","500","2500","0.24033617599419874","0.044316089077231564","0.013545868890864959","0.004449461296281772","0.009998556919195722","0.026189588457117444"
"1016","1","0.5","200","15","75","false","500","3000","0.24065490735324838","0.045473795920744145","0.027458503112256994","0.016701609606228233","0.024892209887978297","0.04078168984256445"
"1017","1","0.5","200","15","75","false","500","2500","0.2403464266250284","0.04392267834521461","0.018174502554385748","0.007650660274596039","0.016788711400345893","0.030084135988215358"
"1017","1","0.5","200","15","75","false","500","3000","0.2411761654601821","0.0435858742817373","0.020336704040416816","0.011464720240047592","0.018580015934434993","0.03096537594676778"
"1018","1","0.5","200","15","75","false","500","2500","0.2388449473160986","0.043467389422073545","0.01720506036296635","0.0030534300084226504","0.010845275453857741","0.037716475626618604"
"1020","1","0.5","200","15","75","false","500","2500","0.23952321168105187","0.04322681358091897","0.01112428576125139","0.00390422674627536","0.010528145152741511","0.018940485384737277"
"1019","1","0.5","200","15","75","false","500","2500","0.23998480568210534","0.0442872760763743","0.03279521215837936","0.008123137411162981","0.03419479397231178","0.05606770509166343"
"1021","1","0.5","200","15","90","false","500","2500","0.09307952994251767","0.013855049974727182","0.03170556649534854","0.0062933750762005055","0.03355358456358576","0.05526973984625923"
"1018","1","0.5","200","15","75","false","500","3000","0.23991276052138846","0.043373114513870756","0.01285262463474881","0.003702195058361943","0.008514472252254362","0.02634120659363012"
"1020","1","0.5","200","15","75","false","500","3000","0.24040566809312333","0.04417402063431023","0.03068917766564045","0.00739162230831933","0.033782144978686444","0.050893765709915446"
"1019","1","0.5","200","15","75","false","500","3000","0.24056763378517446","0.04404040633000275","0.022317510061811024","0.0038982949047475894","0.0149574869693887","0.048096748311296886"
"1021","1","0.5","200","15","90","false","500","3000","0.09319426929851116","0.013616003867041064","0.04265048185837994","0.009432753387060752","0.047065886532145204","0.07145280565593386"
"1022","1","0.5","200","15","90","false","500","2500","0.09090640890696954","0.01366730284171725","0.03126215718428681","0.017122727145908706","0.028853784209859415","0.047809960197092216"
"1022","1","0.5","200","15","90","false","500","3000","0.09100019366790434","0.013766023984047911","0.020232932975885458","0.003755667549963893","0.0168398419590934","0.04010328941859905"
"1023","1","0.5","200","15","90","false","500","2500","0.09087636600359217","0.01362178959655187","0.031009896375419718","0.009681207918710221","0.020220332928886742","0.06312814827866221"
"1023","1","0.5","200","15","90","false","500","3000","0.09113649143959957","0.013847530157591431","0.024714745567913806","0.005097579341697178","0.014426490463316092","0.05462016689872813"
"1024","1","0.5","200","15","90","false","500","2500","0.09073197282839453","0.013607664681334126","0.03044859138679911","0.008144043998899116","0.02476949290743971","0.05843223725405843"
"1026","1","0.5","200","15","90","false","500","2500","0.0908863259333599","0.013576016901551653","0.022044851146373955","0.009828426921674446","0.022892370041321164","0.03341375647612624"
"1025","1","0.5","200","15","90","false","500","2500","0.0920115954700618","0.014361448947433651","0.021912721904854285","0.009033013877072527","0.019440698851865938","0.0372644529856244"
"1027","1","0.5","200","15","90","false","500","2500","0.09022403582941153","0.013716319359833858","0.02027379293735209","0.009340308129857155","0.020041775662726587","0.03143929501947256"
"1024","1","0.5","200","15","90","false","500","3000","0.09113868577104506","0.013908611670063","0.013968852933800692","0.0026131070731902615","0.011973793337332523","0.02731965839087931"
"1026","1","0.5","200","15","90","false","500","3000","0.09145207924336486","0.013949445370272161","0.041408589773711","0.01843332874934115","0.037516489149064865","0.06827595142272692"
"1025","1","0.5","200","15","90","false","500","3000","0.09274183088683799","0.013922411645148932","0.03725728785898428","0.016575721278124834","0.03919353196103212","0.05600261033779594"
"1027","1","0.5","200","15","90","false","500","3000","0.09057472274666342","0.013682691462640659","0.03504374668400925","0.012388474396125332","0.037247887950851676","0.05549487770505066"
"1028","1","0.5","200","15","90","false","500","2500","0.09265048098735587","0.014177336997467292","0.011018777864749368","0.002452270695069378","0.010053885345542829","0.020550177553635883"
"1028","1","0.5","200","15","90","false","500","3000","0.09243967542291098","0.013951843252689672","0.021661235009788202","0.00200405307593036","0.008309943737668852","0.05466970821576547"
"1029","1","0.5","200","15","90","false","500","2500","0.09063608835302643","0.013704904665049585","0.017926438281394952","0.0039040938476845263","0.01407046355673334","0.035804757439767035"
"1029","1","0.5","200","15","90","false","500","3000","0.09075368612564648","0.014274215130882126","0.028887415229535685","0.0052008851280369115","0.017944278234297204","0.06351708232627294"
"1030","1","0.5","200","15","90","false","500","2500","0.0929554394999711","0.014264681976490574","0.02678413715980568","0.01122291783655731","0.022501678586608218","0.04662781505625155"
"1031","1","0.5","200","15","90","false","500","2500","0.09078166193402532","0.013639545204141379","0.0416533974445624","0.013730756444370665","0.03463843451445504","0.07659100137486138"
"1032","1","0.5","200","15","90","false","500","2500","0.09064067070983547","0.013612213316074507","0.026555950517920306","0.003277062598527868","0.020103179078992433","0.05628760987624071"
"1033","1","0.5","200","15","90","false","500","2500","0.09252512520875748","0.013935593585972888","0.010326773256536819","0.0042613960714504686","0.00838790093253536","0.018331022765624573"
"1030","1","0.5","200","15","90","false","500","3000","0.0930655999815279","0.014498530042937547","0.016807560950703387","0.00583637645564823","0.010927195037393799","0.03365911135906813"
"1031","1","0.5","200","15","90","false","500","3000","0.0910729359531601","0.013760542124369366","0.02369286735776928","0.010777737328458893","0.01945584478824488","0.040845019956604015"
"1032","1","0.5","200","15","90","false","500","3000","0.09091654875874454","0.014076921655585365","0.04088377976860315","0.013554618961362869","0.04467985646296965","0.06441686388147697"
"1033","1","0.5","200","15","90","false","500","3000","0.09256622787863991","0.013893600781145564","0.030540082705261144","0.0055078276196550485","0.01681990818195201","0.06929251231417637"
"1034","1","0.5","200","15","90","false","500","2500","0.09103153940811622","0.013827372382750386","0.05232906830374413","0.017611320960387446","0.027807023012241715","0.11156886093860321"
"1034","1","0.5","200","15","90","false","500","3000","0.0912774359938818","0.013783877047514697","0.0689968901611415","0.007033807233649171","0.028795173756013395","0.17116168949376181"
"1035","1","0.5","200","15","90","false","500","2500","0.09157280122108852","0.014064590538856416","0.016586727223681375","0.007347269138340299","0.015505831606986637","0.026907080925717232"
"1035","1","0.5","200","15","90","false","500","3000","0.09174350416362988","0.013711424454272047","0.02381971735599629","0.006231946206061198","0.024496041432694335","0.040731164429233406"
"1036","1","0.5","200","15","90","false","500","2500","0.08971158983870185","0.014115910088291234","0.05143311250176551","0.01945312066791308","0.051538665486139106","0.0833075513512445"
"1037","1","0.5","200","15","90","false","500","2500","0.09211121840382623","0.014142528603552551","0.0365407578157392","0.0061799300291741355","0.03291665550291542","0.07052568791512807"
"1038","1","0.5","200","15","90","false","500","2500","0.09070664196600987","0.013647146053575683","0.04492771168817002","0.026382446147236425","0.040106361081961805","0.06829432783531184"
"1036","1","0.5","200","15","90","false","500","3000","0.09018581742245925","0.013637335446271673","0.02426020465219098","0.012972322917220063","0.02328974365500758","0.0365185473843453"
"1037","1","0.5","200","15","90","false","500","3000","0.0919706277366149","0.013934177424918544","0.04501909241682645","0.016853336417611192","0.03998688457513613","0.07821705625773212"
"1039","1","0.5","200","15","90","false","500","2500","0.09211992155891495","0.013901428702534281","0.028146904907537035","0.016830687512678102","0.02485890442349598","0.04275112278643706"
"1038","1","0.5","200","15","90","false","500","3000","0.09090409216564997","0.013821086457183688","0.07133867298958355","0.0314956421030573","0.06714865875867614","0.1153717181070172"
"1039","1","0.5","200","15","90","false","500","3000","0.09226226766890654","0.013757417436554897","0.02010623856498796","0.006101161403398658","0.01800605683092876","0.036211497460636476"
"1040","1","0.5","200","15","90","false","500","2500","0.09044028765188344","0.013996420703562698","0.06575793757641614","0.030472033729914527","0.04854926750938648","0.11825251148994718"
"1040","1","0.5","200","15","90","false","500","3000","0.0908665069306712","0.01391134429471277","0.04829692832736113","0.012484980441599581","0.04883580738202285","0.08356999715846068"
"1041","1","0.5","200","15","90","false","500","2500","0.09160687101857845","0.01396801177922977","0.029581391379770446","0.009552206193825278","0.03283685463683297","0.046355113308653065"
"1041","1","0.5","200","15","90","false","500","3000","0.09229134649232487","0.014509109724577855","0.060496580314051404","0.033301845887934896","0.06567622096593577","0.08251167408828361"
"1042","1","0.5","200","15","90","false","500","2500","0.09215067806270584","0.014029035874247593","0.048928089799200145","0.00752539038194951","0.042639932048756116","0.09661894696689484"
"1043","1","0.5","200","15","90","false","500","2500","0.09183129364061145","0.013566505336299706","0.02951453428016082","0.005929713949934427","0.01620724445855269","0.06640664443199537"
"1044","1","0.5","200","15","90","false","500","2500","0.0918992984804081","0.013717593489102101","0.016019971474079023","0.0031935820493365474","0.009494195302031478","0.035372137070869045"
"1042","1","0.5","200","15","90","false","500","3000","0.09239920000529814","0.013678929292980696","0.03309799187991582","0.009440717946627512","0.028330047726480206","0.061523209966639736"
"1045","1","0.5","200","15","90","false","500","2500","0.0916487467698984","0.014075593444955722","0.01800146683346674","0.007226899217723772","0.015553602836823022","0.031223898445853368"
"1043","1","0.5","200","15","90","false","500","3000","0.09178793288972367","0.014089012155267228","0.030872344375333698","0.007028320102163154","0.03304191150700795","0.05254680151683003"
"1044","1","0.5","200","15","90","false","500","3000","0.0918957899145503","0.013697553257199646","0.029963757816814634","0.0031932194934828463","0.014938983245500841","0.07175907071146015"
"1045","1","0.5","200","15","90","false","500","3000","0.09177471333502081","0.013927264907614641","0.021886116018913503","0.007353998162848748","0.02187798221824452","0.036426367675647185"
"1046","1","0.5","200","15","90","false","500","2500","0.09056993115264167","0.013695601362072828","0.04247583714122892","0.0229610798012963","0.039580348877647845","0.06488608274474258"
"1046","1","0.5","200","15","90","false","500","3000","0.09087981699673912","0.013550461910640741","0.03376199888433349","0.006446240516619442","0.022217830835536988","0.07262192530084405"
"1047","1","0.5","200","15","90","false","500","2500","0.09205994993395823","0.013813061749810437","0.018752055288607027","0.004276992118206503","0.0163321072410509","0.03564706650656368"
"1047","1","0.5","200","15","90","false","500","3000","0.09235382685656546","0.01429784106057732","0.027820961746739616","0.016291279084976636","0.025920431821520526","0.041251174333721656"
"1048","1","0.5","200","15","90","false","500","2500","0.09004826558019512","0.013541330114356298","0.04083484011884019","0.014202393436605629","0.03694924470830896","0.071352882211606"
"1049","1","0.5","200","15","90","false","500","2500","0.09110904181862553","0.013822399745612538","0.0388535519666526","0.006888794499258253","0.027447481091585617","0.08222438030911365"
"1050","1","0.5","200","15","90","false","500","2500","0.09068501929365344","0.013921535295237365","0.02969310008869902","0.009972438809863402","0.02255788455819293","0.05654897689804066"
"1048","1","0.5","200","15","90","false","500","3000","0.0906345043065739","0.013901439068441157","0.03298361097837633","0.007711609055000873","0.029835866619749338","0.06140335726037888"
"1049","1","0.5","200","15","90","false","500","3000","0.09117948944029426","0.013917615389242943","0.014445883319284305","0.0035518094765333253","0.011287604893189343","0.028498235588130243"
"1050","1","0.5","200","15","90","false","500","3000","0.09075317719620234","0.01360669650668155","0.02603869085124944","0.009051363042568357","0.02147762046865217","0.04758708904252769"
"1051","1","0.5","200","15","100","false","500","2500","0.0014881903418052975","0.010995104754185707","0.03595276712002769","0.009269729348356234","0.03495158330016078","0.06363698871156595"
"1052","1","0.5","200","15","100","false","500","2500","0.0014868730051600906","0.010950722115150063","0.0558412600521362","0.02012976992417849","0.05538264217409449","0.09201136805813566"
"1051","1","0.5","200","15","100","false","500","3000","0.001217100074044113","0.011034892130136599","0.022159371900167417","0.006897214502761199","0.02013957431527236","0.039441326882468764"
"1053","1","0.5","200","15","100","false","500","2500","0.0014857660102580413","0.010753129856469576","0.02116342712389289","0.00808694329855012","0.015906073075235286","0.03949726499789329"
"1052","1","0.5","200","15","100","false","500","3000","0.0012159440860802805","0.011287977150055166","0.041304030103127345","0.012137141959781954","0.031659701566842946","0.08011524678275707"
"1054","1","0.5","200","15","100","false","500","2500","0.0014805058184111613","0.011394702291658907","0.013843639245263287","0.005823879808712673","0.010153230811745172","0.02555380711533192"
"1055","1","0.5","200","15","100","false","500","2500","0.0014797078340113687","0.011038682266244475","0.04463716280976203","0.0076076268403519704","0.017201348552489292","0.10910251303644486"
"1056","1","0.5","200","15","100","false","500","2500","0.0014845996538822002","0.011132199398360453","0.022056883654517034","0.004962385092664532","0.014452191467717868","0.0467560744031688"
"1053","1","0.5","200","15","100","false","500","3000","0.0012132425281687793","0.011183509762770449","0.03311228477494172","0.015105305375017409","0.02465678179890632","0.05957476715090137"
"1054","1","0.5","200","15","100","false","500","3000","0.001211092750113701","0.01088258374537345","0.008566594987863413","0.0034981854842493264","0.006954068296465377","0.015247531182875532"
"1055","1","0.5","200","15","100","false","500","3000","0.0012102701145919055","0.011157462237158654","0.03756567826901022","0.009515240360724257","0.034295084625146084","0.0688867098211603"
"1056","1","0.5","200","15","100","false","500","3000","0.0012162187276147241","0.010935916888271235","0.027964535529544875","0.014548616256577763","0.0279797288010538","0.0413652615310031"
"1057","1","0.5","200","15","100","false","500","2500","0.0014868499089416792","0.01086894482185429","0.031208764394523757","0.006058167775797318","0.012878556624297743","0.0746895687834763"
"1058","1","0.5","200","15","100","false","500","2500","0.0014858631453026692","0.010813436309938034","0.02351083662704996","0.003479452849342858","0.012012962392460738","0.05504009463934619"
"1057","1","0.5","200","15","100","false","500","3000","0.0012149933160528288","0.010860376152807136","0.06409345521596731","0.0228724666202452","0.07228994714840555","0.09711795187925121"
"1058","1","0.5","200","15","100","false","500","3000","0.0012142381136525829","0.011023302053785898","0.010385094094894552","0.004568238997658183","0.008463674556387515","0.01812336873063801"
"1059","1","0.5","200","15","100","false","500","2500","0.0014829218867796036","0.010938839507716578","0.038560975639884885","0.00733201682324942","0.024189660505738262","0.08416124959066718"
"1060","1","0.5","200","15","100","false","500","2500","0.0014935665158488825","0.010706283242327346","0.030288010558781164","0.00847108196019486","0.02557057239799519","0.05682237731815339"
"1062","1","0.5","200","15","100","false","500","2500","0.0014843952735289524","0.011172656905897744","0.035878051816163506","0.008317981215718945","0.02759687249202385","0.07171930174074782"
"1061","1","0.5","200","15","100","false","500","2500","0.0014903105074115701","0.010818614522970223","0.02782506306514809","0.009894039342641677","0.02192302849742647","0.05165812135537617"
"1059","1","0.5","200","15","100","false","500","3000","0.001213159300892931","0.010658794692853307","0.05205769487065255","0.011364571976102345","0.05339037665705694","0.0914181359787983"
"1060","1","0.5","200","15","100","false","500","3000","0.0012208783659900726","0.011324107113572493","0.012552505120952477","0.002896901178901152","0.009818147548612089","0.02494246663534422"
"1062","1","0.5","200","15","100","false","500","3000","0.0012148761860304217","0.010886279873249118","0.028657346016397203","0.011577961738984496","0.021252759235882906","0.05314131707432413"
"1061","1","0.5","200","15","100","false","500","3000","0.0012176735018773208","0.010894770847757286","0.023663193837658428","0.00868506788900044","0.015565673870430832","0.04673883975354403"
"1063","1","0.5","200","15","100","false","500","2500","0.0014889723490473655","0.010872379006277985","0.013442639140330838","0.0044282363403649275","0.012006078869002247","0.023893602211625332"
"1064","1","0.5","200","15","100","false","500","2500","0.0014856028695938905","0.01126165177609642","0.03394177775295197","0.011143530828608037","0.02415149078069819","0.06653031164954959"
"1063","1","0.5","200","15","100","false","500","3000","0.001218546564068152","0.01098409088466357","0.02718672244312354","0.006018358906304855","0.019913697759700182","0.055628110663365614"
"1064","1","0.5","200","15","100","false","500","3000","0.0012162544630813668","0.010638423930528046","0.03400714700839095","0.011268361499855493","0.024743940221265966","0.06600913930405146"
"1065","1","0.5","200","15","100","false","500","2500","0.001484854144766328","0.011084881626751981","0.03226557199573784","0.01448678935841787","0.02553838993762961","0.05677153669116615"
"1066","1","0.5","200","15","100","false","500","2500","0.0014858128621423857","0.010978470274559655","0.03665558473334725","0.0203134858626571","0.03725416425195223","0.05239910408543251"
"1068","1","0.5","200","15","100","false","500","2500","0.0014842997580753233","0.010815746920739302","0.03002588191804948","0.011646408884862014","0.02736610287372148","0.051065133995564865"
"1067","1","0.5","200","15","100","false","500","2500","0.0014796218552664518","0.011040685062239803","0.016460630053054894","0.007086790323121637","0.013800793918912129","0.028494305917130997"
"1065","1","0.5","200","15","100","false","500","3000","0.001212353004681454","0.010933154764322222","0.019850188225787987","0.006143235015595726","0.013192078134549125","0.04021525152721918"
"1066","1","0.5","200","15","100","false","500","3000","0.0012131725356081566","0.010761674741643563","0.02425257159923302","0.01372783651787188","0.020821010927530165","0.038208867352297046"
"1068","1","0.5","200","15","100","false","500","3000","0.0012123967960985008","0.011071947004279317","0.029520523306814227","0.009368284061336017","0.022247900861655345","0.0569453849974513"
"1067","1","0.5","200","15","100","false","500","3000","0.0012095682550072257","0.011022413443303316","0.02262576935612225","0.008814881016591445","0.01851323101616946","0.04054919603560584"
"1069","1","0.5","200","15","100","false","500","2500","0.0014839861051560799","0.01105384898387373","0.0288682433907301","0.014407414911589006","0.02613687866273095","0.04606043659787035"
"1070","1","0.5","200","15","100","false","500","2500","0.0014866574849215183","0.011103708446370382","0.005821212041021206","0.002180210544960507","0.004858461641475041","0.01042496393662802"
"1069","1","0.5","200","15","100","false","500","3000","0.0012122464383584493","0.011006053843306201","0.026884747978262128","0.008678321103401016","0.016391409587511015","0.0555845132438744"
"1070","1","0.5","200","15","100","false","500","3000","0.0012140812229815992","0.010461417992600757","0.013405191884017715","0.003221682273936803","0.008914643040715977","0.028079250337400337"
"1071","1","0.5","200","15","100","false","500","2500","0.001484886540274173","0.011063189412574873","0.008035219837459667","0.002641488676328932","0.006903935624510532","0.01456023521153953"
"1072","1","0.5","200","15","100","false","500","2500","0.001482388906816958","0.01097432823921138","0.041474828131753926","0.014075853957482443","0.041096868985037824","0.06925176145274144"
"1073","1","0.5","200","15","100","false","500","2500","0.001484823344590217","0.011243408979641819","0.017610138249767208","0.004599230522417033","0.010471508956848324","0.03775967527003629"
"1074","1","0.5","200","15","100","false","500","2500","0.0014740678418829504","0.011328161727098595","0.044206251172897566","0.0036965625243441103","0.016600812145718718","0.11232137884863014"
"1071","1","0.5","200","15","100","false","500","3000","0.001213460023523836","0.010480521325438162","0.025875361202012403","0.012032824938174404","0.026170981697506538","0.039422276970356225"
"1072","1","0.5","200","15","100","false","500","3000","0.0012102613914372832","0.010878799260163793","0.03331200357521471","0.013141958652368444","0.023578826641121854","0.0632152254321539"
"1073","1","0.5","200","15","100","false","500","3000","0.0012137795279006083","0.010900541030291302","0.01795627765042802","0.004425886030198788","0.01216091761899183","0.03728202930209339"
"1074","1","0.5","200","15","100","false","500","3000","0.0012062623612358984","0.011002494711107137","0.03495642716091905","0.0035563285847019033","0.025480024312595443","0.07583292858545997"
"1076","1","0.5","200","15","100","false","500","2500","0.0014837042387299837","0.011380212210773802","0.013120145435903985","0.0024527853377312456","0.007381885588813999","0.029525765381166663"
"1075","1","0.5","200","15","100","false","500","2500","0.0014880591758486095","0.010944158833240009","0.025291695794794067","0.00402008755734288","0.019354383584310665","0.05250061624272872"
"1076","1","0.5","200","15","100","false","500","3000","0.001212285715648126","0.010848136245496753","0.015619497129838065","0.005854736008925926","0.012816179473701","0.028187575906887304"
"1077","1","0.5","200","15","100","false","500","2500","0.0014821787361561387","0.011201698947981393","0.03360262536864993","0.0053268267451253995","0.015997934917613376","0.07948311444321104"
"1078","1","0.5","200","15","100","false","500","2500","0.0014827714345852737","0.011113191464997693","0.025433819155284986","0.009903683633011345","0.02543450625625624","0.04096326757658738"
"1075","1","0.5","200","15","100","false","500","3000","0.001214625728552979","0.010945868069829934","0.016237306477753493","0.0039717146570261005","0.013137874666687444","0.031602330109546904"
"1079","1","0.5","200","15","100","false","500","2500","0.0014839823391668717","0.010957914036049999","0.012860580633755715","0.003103154273293259","0.010504509929038163","0.0249740776989357"
"1077","1","0.5","200","15","100","false","500","3000","0.0012122306382188375","0.01077516447647143","0.02745639629103245","0.0049206152690424625","0.02979113809521303","0.047657435508841835"
"1080","1","0.5","200","15","100","false","500","2500","0.0014878729010906519","0.011126355127096947","0.0237820914442193","0.004706756936768776","0.017386921322111414","0.04925259607377768"
"1078","1","0.5","200","15","100","false","500","3000","0.0012142948077715145","0.010973523740909472","0.012511564298656233","0.004872081030885727","0.011783475164985844","0.02087913670009711"
"1079","1","0.5","200","15","100","false","500","3000","0.0012137091183393662","0.010908485098279441","0.046798551739246644","0.019323054434559648","0.045276352108576286","0.07579624867460408"
"1080","1","0.5","200","15","100","false","500","3000","0.001214798287975132","0.01103373333044957","0.030728069219740556","0.0066820081164554864","0.013101038327601445","0.07240116121516459"
