"BehaviorSpace results (NetLogo 7.0.3)","Table version 2.0"
"apple_3.1.0_submission.nlogox"
"model variants"
"09/29/2026 15:14:53:775 +0100"
"min-pxcor","max-pxcor","min-pycor","max-pycor"
"-16","16","-16","16"
"[run number]","model-variant","p-outgroup","pop-size","decision-steepness","social-memory-size","time-series?","ticks-recorded","[step]","mean-js-final"
"5","0","0.2","200","15","10","false","500","2500","0.0801870122422377"
"3","0","0.1","200","15","10","false","500","2500","0.04060736395281579"
"1","0","0.01","200","15","10","false","500","2500","0.06936952701398724"
"5","0","0.2","200","15","10","false","500","3000","0.07063946268083018"
"3","0","0.1","200","15","10","false","500","3000","0.0763700514587457"
"1","0","0.01","200","15","10","false","500","3000","0.12020296755382491"
"7","0","0.3","200","15","10","false","500","2500","0.02415283419367102"
"7","0","0.3","200","15","10","false","500","3000","0.07983256287015482"
"9","0","0.4","200","15","10","false","500","2500","0.03185844263281263"
"9","0","0.4","200","15","10","false","500","3000","0.04056226266415122"
"6","2","0.2","200","15","10","false","500","2500","0.4123660085126256"
"4","2","0.1","200","15","10","false","500","2500","0.18126791874632286"
"2","2","0.01","200","15","10","false","500","2500","0.040452182480464546"
"11","0","0.5","200","15","10","false","500","2500","0.01505391479243737"
"11","0","0.5","200","15","10","false","500","3000","0.018819335176343075"
"4","2","0.1","200","15","10","false","500","3000","0.13874007409496394"
"6","2","0.2","200","15","10","false","500","3000","0.3831514525900525"
"2","2","0.01","200","15","10","false","500","3000","0.027638618972786796"
"8","2","0.3","200","15","10","false","500","2500","0.2980893709599277"
"13","0","0.01","200","15","25","false","500","2500","0.030641271942839894"
"15","0","0.1","200","15","25","false","500","2500","0.09567461548207104"
"13","0","0.01","200","15","25","false","500","3000","0.08401089352873635"
"8","2","0.3","200","15","10","false","500","3000","0.31241880568781144"
"15","0","0.1","200","15","25","false","500","3000","0.06704991826998372"
"10","2","0.4","200","15","10","false","500","2500","0.34105568664322855"
"17","0","0.2","200","15","25","false","500","2500","0.09131082204057589"
"10","2","0.4","200","15","10","false","500","3000","0.3381621128083993"
"17","0","0.2","200","15","25","false","500","3000","0.07566582875183275"
"12","2","0.5","200","15","10","false","500","2500","0.3442979060511364"
"19","0","0.3","200","15","25","false","500","2500","0.024278412229697822"
"14","2","0.01","200","15","25","false","500","2500","0.02200529067032134"
"19","0","0.3","200","15","25","false","500","3000","0.030534293373655718"
"12","2","0.5","200","15","10","false","500","3000","0.3437808944257547"
"14","2","0.01","200","15","25","false","500","3000","0.0637017708080626"
"21","0","0.4","200","15","25","false","500","2500","0.022146546996440176"
"16","2","0.1","200","15","25","false","500","2500","0.12518110860705237"
"21","0","0.4","200","15","25","false","500","3000","0.017214371061183273"
"18","2","0.2","200","15","25","false","500","2500","0.3246105747240106"
"23","0","0.5","200","15","25","false","500","2500","0.01664084854375976"
"23","0","0.5","200","15","25","false","500","3000","0.044920935565267814"
"16","2","0.1","200","15","25","false","500","3000","0.12915105062175616"
"18","2","0.2","200","15","25","false","500","3000","0.3883116430742192"
"20","2","0.3","200","15","25","false","500","2500","0.3619606896528972"
"25","0","0.01","200","15","50","false","500","2500","0.05644459061535436"
"27","0","0.1","200","15","50","false","500","2500","0.08669570315724999"
"25","0","0.01","200","15","50","false","500","3000","0.04967583101905218"
"20","2","0.3","200","15","25","false","500","3000","0.36791038444456237"
"27","0","0.1","200","15","50","false","500","3000","0.04324555588585961"
"22","2","0.4","200","15","25","false","500","2500","0.3246398055037435"
"29","0","0.2","200","15","50","false","500","2500","0.010241648201900018"
"29","0","0.2","200","15","50","false","500","3000","0.013326879282274197"
"22","2","0.4","200","15","25","false","500","3000","0.3387171086049331"
"24","2","0.5","200","15","25","false","500","2500","0.3462162782727528"
"24","2","0.5","200","15","25","false","500","3000","0.36099850539262446"
"31","0","0.3","200","15","50","false","500","2500","0.01855123845309835"
"26","2","0.01","200","15","50","false","500","2500","0.10164215288448716"
"31","0","0.3","200","15","50","false","500","3000","0.020414763460338554"
"26","2","0.01","200","15","50","false","500","3000","0.07593922265405272"
"33","0","0.4","200","15","50","false","500","2500","0.015830087380861266"
"33","0","0.4","200","15","50","false","500","3000","0.01426722830011921"
"28","2","0.1","200","15","50","false","500","2500","0.18357835864327587"
"30","2","0.2","200","15","50","false","500","2500","0.34695950420669525"
"35","0","0.5","200","15","50","false","500","2500","0.0405489126237869"
"28","2","0.1","200","15","50","false","500","3000","0.19757133486925382"
"35","0","0.5","200","15","50","false","500","3000","0.02578482832931214"
"30","2","0.2","200","15","50","false","500","3000","0.3440369795882559"
"32","2","0.3","200","15","50","false","500","2500","0.3331355177326927"
"37","0","0.01","200","15","75","false","500","2500","0.07253782018458188"
"39","0","0.1","200","15","75","false","500","2500","0.040527052079563336"
"37","0","0.01","200","15","75","false","500","3000","0.050067666466450694"
"32","2","0.3","200","15","50","false","500","3000","0.343971911959446"
"39","0","0.1","200","15","75","false","500","3000","0.0445746524571601"
"34","2","0.4","200","15","50","false","500","2500","0.503771209019369"
"34","2","0.4","200","15","50","false","500","3000","0.470442622642918"
"41","0","0.2","200","15","75","false","500","2500","0.01616799827409531"
"36","2","0.5","200","15","50","false","500","2500","0.38290827589788085"
"41","0","0.2","200","15","75","false","500","3000","0.018020512049149374"
"36","2","0.5","200","15","50","false","500","3000","0.35479312680934155"
"43","0","0.3","200","15","75","false","500","2500","0.0758504214281241"
"38","2","0.01","200","15","75","false","500","2500","0.23453713927243003"
"43","0","0.3","200","15","75","false","500","3000","0.03701085708319253"
"45","0","0.4","200","15","75","false","500","2500","0.016622387282474452"
"38","2","0.01","200","15","75","false","500","3000","0.16103388626816917"
"45","0","0.4","200","15","75","false","500","3000","0.03973510750508703"
"40","2","0.1","200","15","75","false","500","2500","0.4051628198999809"
"42","2","0.2","200","15","75","false","500","2500","0.3900092630509933"
"47","0","0.5","200","15","75","false","500","2500","0.012705833807122193"
"40","2","0.1","200","15","75","false","500","3000","0.3918989013156591"
"47","0","0.5","200","15","75","false","500","3000","0.029946145309867087"
"42","2","0.2","200","15","75","false","500","3000","0.36744717434825785"
"44","2","0.3","200","15","75","false","500","2500","0.5886228549089774"
"49","0","0.01","200","15","90","false","500","2500","0.03136866753761809"
"51","0","0.1","200","15","90","false","500","2500","0.10549866603474055"
"44","2","0.3","200","15","75","false","500","3000","0.5283304834027335"
"49","0","0.01","200","15","90","false","500","3000","0.06874646301814667"
"51","0","0.1","200","15","90","false","500","3000","0.09037295415947905"
"46","2","0.4","200","15","75","false","500","2500","0.6118545694706805"
"46","2","0.4","200","15","75","false","500","3000","0.5412146692076479"
"48","2","0.5","200","15","75","false","500","2500","0.5777457851115968"
"53","0","0.2","200","15","90","false","500","2500","0.044723447024458664"
"53","0","0.2","200","15","90","false","500","3000","0.05051465249719736"
"48","2","0.5","200","15","75","false","500","3000","0.5629377381965774"
"55","0","0.3","200","15","90","false","500","2500","0.038833808648285555"
"55","0","0.3","200","15","90","false","500","3000","0.02697033327736414"
"50","2","0.01","200","15","90","false","500","2500","0.43707589413292924"
"57","0","0.4","200","15","90","false","500","2500","0.015125939875440192"
"50","2","0.01","200","15","90","false","500","3000","0.4775298331370969"
"57","0","0.4","200","15","90","false","500","3000","0.028173330854482648"
"52","2","0.1","200","15","90","false","500","2500","0.49779162851244196"
"54","2","0.2","200","15","90","false","500","2500","0.5779048220954616"
"59","0","0.5","200","15","90","false","500","2500","0.034634073842489496"
"52","2","0.1","200","15","90","false","500","3000","0.48355747530021076"
"59","0","0.5","200","15","90","false","500","3000","0.033627596406839586"
"54","2","0.2","200","15","90","false","500","3000","0.5587501555984506"
"56","2","0.3","200","15","90","false","500","2500","0.5246859966601057"
"58","2","0.4","200","15","90","false","500","2500","0.04999005995193292"
"56","2","0.3","200","15","90","false","500","3000","0.5017893048524359"
"58","2","0.4","200","15","90","false","500","3000","0.028864491143444127"
"60","2","0.5","200","15","90","false","500","2500","0.02424405680347996"
"60","2","0.5","200","15","90","false","500","3000","0.03748445580317255"
"63","0","0.1","200","15","100","false","500","2500","0.033156644156424005"
"61","0","0.01","200","15","100","false","500","2500","0.052777932891793826"
"63","0","0.1","200","15","100","false","500","3000","0.04707850461458209"
"61","0","0.01","200","15","100","false","500","3000","0.040900407072690936"
"65","0","0.2","200","15","100","false","500","2500","0.031006562632521457"
"65","0","0.2","200","15","100","false","500","3000","0.014880793473812584"
"62","2","0.01","200","15","100","false","500","2500","0.9716803508641565"
"67","0","0.3","200","15","100","false","500","2500","0.02805600533898249"
"67","0","0.3","200","15","100","false","500","3000","0.026588460249220507"
"62","2","0.01","200","15","100","false","500","3000","0.9800238281568231"
"64","2","0.1","200","15","100","false","500","2500","0.9855374977318974"
"69","0","0.4","200","15","100","false","500","2500","0.024571625312517473"
"69","0","0.4","200","15","100","false","500","3000","0.03045902010919071"
"64","2","0.1","200","15","100","false","500","3000","0.9862493326526928"
"66","2","0.2","200","15","100","false","500","2500","0.9814412556246428"
"68","2","0.3","200","15","100","false","500","2500","0.029357199800059963"
"71","0","0.5","200","15","100","false","500","2500","0.03792496400526031"
"66","2","0.2","200","15","100","false","500","3000","0.983593919962711"
"73","0","0.01","200","15","10","false","500","2500","0.06090938191624846"
"71","0","0.5","200","15","100","false","500","3000","0.043289818513283965"
"73","0","0.01","200","15","10","false","500","3000","0.0742023259932092"
"68","2","0.3","200","15","100","false","500","3000","0.02473906765509719"
"75","0","0.1","200","15","10","false","500","2500","0.03328827167041546"
"75","0","0.1","200","15","10","false","500","3000","0.08302569956955984"
"77","0","0.2","200","15","10","false","500","2500","0.03459895007384562"
"77","0","0.2","200","15","10","false","500","3000","0.025254817474485044"
"70","2","0.4","200","15","100","false","500","2500","0.02661210075359445"
"79","0","0.3","200","15","10","false","500","2500","0.043938806955091114"
"70","2","0.4","200","15","100","false","500","3000","0.019149931384040718"
"72","2","0.5","200","15","100","false","500","2500","0.02272366989350372"
"79","0","0.3","200","15","10","false","500","3000","0.06566169017390776"
"74","2","0.01","200","15","10","false","500","2500","0.11384166718274294"
"76","2","0.1","200","15","10","false","500","2500","0.12458281141821784"
"72","2","0.5","200","15","100","false","500","3000","0.024906581518926788"
"74","2","0.01","200","15","10","false","500","3000","0.06852765883362781"
"81","0","0.4","200","15","10","false","500","2500","0.03491439061073192"
"81","0","0.4","200","15","10","false","500","3000","0.04364016747107729"
"76","2","0.1","200","15","10","false","500","3000","0.13732189195534356"
"78","2","0.2","200","15","10","false","500","2500","0.20367548203859678"
"83","0","0.5","200","15","10","false","500","2500","0.022936478629983596"
"83","0","0.5","200","15","10","false","500","3000","0.041892251330861906"
"85","0","0.01","200","15","25","false","500","2500","0.037807575428479054"
"78","2","0.2","200","15","10","false","500","3000","0.2717413246365929"
"85","0","0.01","200","15","25","false","500","3000","0.05424935697561328"
"80","2","0.3","200","15","10","false","500","2500","0.3471479848143135"
"87","0","0.1","200","15","25","false","500","2500","0.0792469432854301"
"87","0","0.1","200","15","25","false","500","3000","0.10411327314469514"
"80","2","0.3","200","15","10","false","500","3000","0.3523279690933863"
"82","2","0.4","200","15","10","false","500","2500","0.33666205037285973"
"84","2","0.5","200","15","10","false","500","2500","0.32602445360688587"
"89","0","0.2","200","15","25","false","500","2500","0.051170257468610335"
"82","2","0.4","200","15","10","false","500","3000","0.3357517820558584"
"89","0","0.2","200","15","25","false","500","3000","0.056112464108260054"
"84","2","0.5","200","15","10","false","500","3000","0.2989582359678589"
"86","2","0.01","200","15","25","false","500","2500","0.0848481424467079"
"91","0","0.3","200","15","25","false","500","2500","0.04273185719729599"
"88","2","0.1","200","15","25","false","500","2500","0.08946894794257512"
"91","0","0.3","200","15","25","false","500","3000","0.046978201328192346"
"86","2","0.01","200","15","25","false","500","3000","0.0939727703996174"
"93","0","0.4","200","15","25","false","500","2500","0.028544145922809572"
"93","0","0.4","200","15","25","false","500","3000","0.042897247126895924"
"88","2","0.1","200","15","25","false","500","3000","0.057736257375843765"
"90","2","0.2","200","15","25","false","500","2500","0.34091876124860493"
"95","0","0.5","200","15","25","false","500","2500","0.04042752631797459"
"95","0","0.5","200","15","25","false","500","3000","0.028596534186089272"
"97","0","0.01","200","15","50","false","500","2500","0.06109300750304174"
"90","2","0.2","200","15","25","false","500","3000","0.3460382898340992"
"97","0","0.01","200","15","50","false","500","3000","0.08995591066692703"
"92","2","0.3","200","15","25","false","500","2500","0.33286598731330164"
"99","0","0.1","200","15","50","false","500","2500","0.0843734371216757"
"92","2","0.3","200","15","25","false","500","3000","0.38583977642574846"
"99","0","0.1","200","15","50","false","500","3000","0.029984825751066802"
"94","2","0.4","200","15","25","false","500","2500","0.3940207013885636"
"96","2","0.5","200","15","25","false","500","2500","0.3170617069649996"
"94","2","0.4","200","15","25","false","500","3000","0.37151587534943664"
"101","0","0.2","200","15","50","false","500","2500","0.01017836017777912"
"101","0","0.2","200","15","50","false","500","3000","0.032880790728887395"
"96","2","0.5","200","15","25","false","500","3000","0.3214343058365272"
"98","2","0.01","200","15","50","false","500","2500","0.10122123821197467"
"103","0","0.3","200","15","50","false","500","2500","0.023446240117154453"
"103","0","0.3","200","15","50","false","500","3000","0.035399554142461855"
"100","2","0.1","200","15","50","false","500","2500","0.26938829450897145"
"98","2","0.01","200","15","50","false","500","3000","0.08146218615715538"
"105","0","0.4","200","15","50","false","500","2500","0.012127187846978952"
"105","0","0.4","200","15","50","false","500","3000","0.02212217433178281"
"100","2","0.1","200","15","50","false","500","3000","0.2947157257302986"
"107","0","0.5","200","15","50","false","500","2500","0.022236142226829982"
"102","2","0.2","200","15","50","false","500","2500","0.3673117127854923"
"107","0","0.5","200","15","50","false","500","3000","0.021326402160473514"
"109","0","0.01","200","15","75","false","500","2500","0.05562785029436471"
"102","2","0.2","200","15","50","false","500","3000","0.35694814120284857"
"109","0","0.01","200","15","75","false","500","3000","0.056743953695271895"
"104","2","0.3","200","15","50","false","500","2500","0.3656700263924935"
"104","2","0.3","200","15","50","false","500","3000","0.33243215858639086"
"111","0","0.1","200","15","75","false","500","2500","0.01758568285639592"
"106","2","0.4","200","15","50","false","500","2500","0.3458854733010788"
"111","0","0.1","200","15","75","false","500","3000","0.034981495071352814"
"108","2","0.5","200","15","50","false","500","2500","0.3707702050694558"
"106","2","0.4","200","15","50","false","500","3000","0.33373612121609186"
"113","0","0.2","200","15","75","false","500","2500","0.05022058514117728"
"113","0","0.2","200","15","75","false","500","3000","0.07019919250773801"
"108","2","0.5","200","15","50","false","500","3000","0.3541872290675257"
"110","2","0.01","200","15","75","false","500","2500","0.18685793452064045"
"115","0","0.3","200","15","75","false","500","2500","0.03218730113229553"
"115","0","0.3","200","15","75","false","500","3000","0.014560750615802672"
"117","0","0.4","200","15","75","false","500","2500","0.03400260884440648"
"112","2","0.1","200","15","75","false","500","2500","0.3568823437610519"
"110","2","0.01","200","15","75","false","500","3000","0.18402058108791552"
"117","0","0.4","200","15","75","false","500","3000","0.03159527194441779"
"112","2","0.1","200","15","75","false","500","3000","0.3661125936296178"
"119","0","0.5","200","15","75","false","500","2500","0.020668707170035654"
"114","2","0.2","200","15","75","false","500","2500","0.37570085353875016"
"119","0","0.5","200","15","75","false","500","3000","0.03942259429943581"
"121","0","0.01","200","15","90","false","500","2500","0.10933184659680012"
"114","2","0.2","200","15","75","false","500","3000","0.3505471840778142"
"121","0","0.01","200","15","90","false","500","3000","0.0499509185586252"
"116","2","0.3","200","15","75","false","500","2500","0.5435797685304634"
"116","2","0.3","200","15","75","false","500","3000","0.5150655185931226"
"118","2","0.4","200","15","75","false","500","2500","0.5923618638635584"
"123","0","0.1","200","15","90","false","500","2500","0.07540262767114841"
"123","0","0.1","200","15","90","false","500","3000","0.07906132210683826"
"120","2","0.5","200","15","75","false","500","2500","0.6367295137466321"
"118","2","0.4","200","15","75","false","500","3000","0.5926415438914049"
"125","0","0.2","200","15","90","false","500","2500","0.059127095562677354"
"125","0","0.2","200","15","90","false","500","3000","0.03833301858745002"
"120","2","0.5","200","15","75","false","500","3000","0.5921322416193168"
"122","2","0.01","200","15","90","false","500","2500","0.30083864214845224"
"127","0","0.3","200","15","90","false","500","2500","0.05452841495746565"
"127","0","0.3","200","15","90","false","500","3000","0.09374500175921521"
"129","0","0.4","200","15","90","false","500","2500","0.019232243028355252"
"122","2","0.01","200","15","90","false","500","3000","0.32237529011418753"
"124","2","0.1","200","15","90","false","500","2500","0.41998810691665023"
"129","0","0.4","200","15","90","false","500","3000","0.02114778172175345"
"124","2","0.1","200","15","90","false","500","3000","0.39331371771678314"
"131","0","0.5","200","15","90","false","500","2500","0.02405385708548689"
"126","2","0.2","200","15","90","false","500","2500","0.6166343248553277"
"131","0","0.5","200","15","90","false","500","3000","0.017420047575693265"
"126","2","0.2","200","15","90","false","500","3000","0.6546022375533038"
"128","2","0.3","200","15","90","false","500","2500","0.601249975892799"
"128","2","0.3","200","15","90","false","500","3000","0.6096045218330711"
"130","2","0.4","200","15","90","false","500","2500","0.018167823723233376"
"132","2","0.5","200","15","90","false","500","2500","0.010225205328950573"
"133","0","0.01","200","15","100","false","500","2500","0.0205940875077342"
"130","2","0.4","200","15","90","false","500","3000","0.014172321791540444"
"133","0","0.01","200","15","100","false","500","3000","0.04300774067109643"
"132","2","0.5","200","15","90","false","500","3000","0.029052746083092735"
"135","0","0.1","200","15","100","false","500","2500","0.08402909877512056"
"135","0","0.1","200","15","100","false","500","3000","0.07342395441615555"
"137","0","0.2","200","15","100","false","500","2500","0.03336587591371846"
"139","0","0.3","200","15","100","false","500","2500","0.035330367665037846"
"137","0","0.2","200","15","100","false","500","3000","0.032551390534016296"
"134","2","0.01","200","15","100","false","500","2500","0.9874024133299327"
"139","0","0.3","200","15","100","false","500","3000","0.057182766795137174"
"134","2","0.01","200","15","100","false","500","3000","0.9896278036652179"
"136","2","0.1","200","15","100","false","500","2500","0.9694003485351348"
"141","0","0.4","200","15","100","false","500","2500","0.007322514248931526"
"138","2","0.2","200","15","100","false","500","2500","0.030312396696309387"
"136","2","0.1","200","15","100","false","500","3000","0.9520478867420794"
"141","0","0.4","200","15","100","false","500","3000","0.021079726972384086"
"143","0","0.5","200","15","100","false","500","2500","0.011225606204804808"
"140","2","0.3","200","15","100","false","500","2500","0.03959852709629859"
"138","2","0.2","200","15","100","false","500","3000","0.029430360964022104"
"143","0","0.5","200","15","100","false","500","3000","0.021485972275230133"
"145","0","0.01","200","15","10","false","500","2500","0.032518675506990245"
"145","0","0.01","200","15","10","false","500","3000","0.018027090612626306"
"140","2","0.3","200","15","100","false","500","3000","0.04600793226792433"
"147","0","0.1","200","15","10","false","500","2500","0.043007549533156504"
"147","0","0.1","200","15","10","false","500","3000","0.04779702223251493"
"142","2","0.4","200","15","100","false","500","2500","0.03247982464074076"
"149","0","0.2","200","15","10","false","500","2500","0.058176570788974064"
"149","0","0.2","200","15","10","false","500","3000","0.04711101420124767"
"142","2","0.4","200","15","100","false","500","3000","0.013384450547897435"
"151","0","0.3","200","15","10","false","500","2500","0.034215176623183644"
"151","0","0.3","200","15","10","false","500","3000","0.020943357435936245"
"146","2","0.01","200","15","10","false","500","2500","0.04280368953260374"
"144","2","0.5","200","15","100","false","500","2500","0.02363089479713624"
"148","2","0.1","200","15","10","false","500","2500","0.035177907877445805"
"146","2","0.01","200","15","10","false","500","3000","0.06584187001714475"
"144","2","0.5","200","15","100","false","500","3000","0.015667520399629715"
"153","0","0.4","200","15","10","false","500","2500","0.076589458443267"
"148","2","0.1","200","15","10","false","500","3000","0.03662334532232894"
"153","0","0.4","200","15","10","false","500","3000","0.019050849393421776"
"150","2","0.2","200","15","10","false","500","2500","0.3284801131201419"
"155","0","0.5","200","15","10","false","500","2500","0.06748821332999885"
"150","2","0.2","200","15","10","false","500","3000","0.33387794026414397"
"155","0","0.5","200","15","10","false","500","3000","0.036192146470777106"
"157","0","0.01","200","15","25","false","500","2500","0.08612333048602722"
"152","2","0.3","200","15","10","false","500","2500","0.30407227878835996"
"157","0","0.01","200","15","25","false","500","3000","0.07768197587302485"
"152","2","0.3","200","15","10","false","500","3000","0.28044200554042403"
"159","0","0.1","200","15","25","false","500","2500","0.045873436336035536"
"159","0","0.1","200","15","25","false","500","3000","0.04921037433804096"
"154","2","0.4","200","15","10","false","500","2500","0.3450765953477128"
"161","0","0.2","200","15","25","false","500","2500","0.06002075710884699"
"156","2","0.5","200","15","10","false","500","2500","0.33936682652833644"
"161","0","0.2","200","15","25","false","500","3000","0.04747632807917137"
"154","2","0.4","200","15","10","false","500","3000","0.3337640818671472"
"156","2","0.5","200","15","10","false","500","3000","0.3394318602118447"
"158","2","0.01","200","15","25","false","500","2500","0.029009817946799722"
"163","0","0.3","200","15","25","false","500","2500","0.021518313037380457"
"163","0","0.3","200","15","25","false","500","3000","0.04345902884699496"
"160","2","0.1","200","15","25","false","500","2500","0.13072290199191713"
"165","0","0.4","200","15","25","false","500","2500","0.027217063573031636"
"158","2","0.01","200","15","25","false","500","3000","0.04419969251313233"
"165","0","0.4","200","15","25","false","500","3000","0.023497307909452956"
"160","2","0.1","200","15","25","false","500","3000","0.14753546401508982"
"162","2","0.2","200","15","25","false","500","2500","0.25350188558704667"
"167","0","0.5","200","15","25","false","500","2500","0.024048256390646217"
"167","0","0.5","200","15","25","false","500","3000","0.02586769996287976"
"162","2","0.2","200","15","25","false","500","3000","0.2534551204734626"
"169","0","0.01","200","15","50","false","500","2500","0.07564078245387658"
"169","0","0.01","200","15","50","false","500","3000","0.08469596362682234"
"164","2","0.3","200","15","25","false","500","2500","0.3316846775541257"
"171","0","0.1","200","15","50","false","500","2500","0.02874696924317576"
"164","2","0.3","200","15","25","false","500","3000","0.3434248694272673"
"171","0","0.1","200","15","50","false","500","3000","0.09504619033051837"
"166","2","0.4","200","15","25","false","500","2500","0.35574475205053574"
"168","2","0.5","200","15","25","false","500","2500","0.34690768739571776"
"166","2","0.4","200","15","25","false","500","3000","0.33500318266198265"
"173","0","0.2","200","15","50","false","500","2500","0.05283714334245072"
"173","0","0.2","200","15","50","false","500","3000","0.07075581220463377"
"168","2","0.5","200","15","25","false","500","3000","0.3973994481979684"
"170","2","0.01","200","15","50","false","500","2500","0.06672278622394513"
"175","0","0.3","200","15","50","false","500","2500","0.054191153319178655"
"175","0","0.3","200","15","50","false","500","3000","0.08246002447971247"
"177","0","0.4","200","15","50","false","500","2500","0.03878508034208341"
"177","0","0.4","200","15","50","false","500","3000","0.028012721771514724"
"172","2","0.1","200","15","50","false","500","2500","0.2674232972025951"
"170","2","0.01","200","15","50","false","500","3000","0.105822818300875"
"172","2","0.1","200","15","50","false","500","3000","0.24012762087783043"
"174","2","0.2","200","15","50","false","500","2500","0.3971989213342396"
"179","0","0.5","200","15","50","false","500","2500","0.05055276408575611"
"179","0","0.5","200","15","50","false","500","3000","0.04472187971549203"
"174","2","0.2","200","15","50","false","500","3000","0.3648901784488974"
"181","0","0.01","200","15","75","false","500","2500","0.11425584104621536"
"176","2","0.3","200","15","50","false","500","2500","0.34271969573469413"
"181","0","0.01","200","15","75","false","500","3000","0.10514876125193778"
"183","0","0.1","200","15","75","false","500","2500","0.052772778583356224"
"176","2","0.3","200","15","50","false","500","3000","0.3518883703548004"
"183","0","0.1","200","15","75","false","500","3000","0.054222560292872174"
"178","2","0.4","200","15","50","false","500","2500","0.3688372015250141"
"180","2","0.5","200","15","50","false","500","2500","0.4722952056731535"
"178","2","0.4","200","15","50","false","500","3000","0.3973934833489057"
"185","0","0.2","200","15","75","false","500","2500","0.06563377689497957"
"185","0","0.2","200","15","75","false","500","3000","0.05101593705239832"
"180","2","0.5","200","15","50","false","500","3000","0.46244000651886713"
"182","2","0.01","200","15","75","false","500","2500","0.1298063704456016"
"187","0","0.3","200","15","75","false","500","2500","0.11027491728307921"
"187","0","0.3","200","15","75","false","500","3000","0.09079038027931757"
"189","0","0.4","200","15","75","false","500","2500","0.0525274098702295"
"189","0","0.4","200","15","75","false","500","3000","0.03342176611530702"
"182","2","0.01","200","15","75","false","500","3000","0.12330646651825777"
"184","2","0.1","200","15","75","false","500","2500","0.4278265140743249"
"191","0","0.5","200","15","75","false","500","2500","0.03942117919578411"
"184","2","0.1","200","15","75","false","500","3000","0.37767573231778895"
"186","2","0.2","200","15","75","false","500","2500","0.4802082223991721"
"191","0","0.5","200","15","75","false","500","3000","0.0155071119192618"
"186","2","0.2","200","15","75","false","500","3000","0.45174890417422703"
"193","0","0.01","200","15","90","false","500","2500","0.041669254817176496"
"188","2","0.3","200","15","75","false","500","2500","0.38363447247452664"
"193","0","0.01","200","15","90","false","500","3000","0.051016667035706356"
"195","0","0.1","200","15","90","false","500","2500","0.057267959897716894"
"188","2","0.3","200","15","75","false","500","3000","0.3687578316621158"
"195","0","0.1","200","15","90","false","500","3000","0.045108963642410585"
"190","2","0.4","200","15","75","false","500","2500","0.49560758789265413"
"192","2","0.5","200","15","75","false","500","2500","0.6060284256269751"
"190","2","0.4","200","15","75","false","500","3000","0.480896728925388"
"197","0","0.2","200","15","90","false","500","2500","0.07537798579419958"
"197","0","0.2","200","15","90","false","500","3000","0.0741485531217344"
"192","2","0.5","200","15","75","false","500","3000","0.6092593061545861"
"194","2","0.01","200","15","90","false","500","2500","0.339720105031144"
"199","0","0.3","200","15","90","false","500","2500","0.027293947677275665"
"201","0","0.4","200","15","90","false","500","2500","0.05253197891793224"
"199","0","0.3","200","15","90","false","500","3000","0.06447131877031848"
"201","0","0.4","200","15","90","false","500","3000","0.029702910450143737"
"194","2","0.01","200","15","90","false","500","3000","0.26864943864599466"
"196","2","0.1","200","15","90","false","500","2500","0.6072080838461158"
"203","0","0.5","200","15","90","false","500","2500","0.02078520024528692"
"203","0","0.5","200","15","90","false","500","3000","0.026923056957634924"
"198","2","0.2","200","15","90","false","500","2500","0.6157679103857479"
"196","2","0.1","200","15","90","false","500","3000","0.548181490900867"
"198","2","0.2","200","15","90","false","500","3000","0.5792801011644124"
"200","2","0.3","200","15","90","false","500","2500","0.6524886034398331"
"200","2","0.3","200","15","90","false","500","3000","0.5925465048304798"
"202","2","0.4","200","15","90","false","500","2500","0.9593751730362313"
"204","2","0.5","200","15","90","false","500","2500","0.02960129046074396"
"205","0","0.01","200","15","100","false","500","2500","0.041861496050801604"
"202","2","0.4","200","15","90","false","500","3000","0.9252317407657208"
"204","2","0.5","200","15","90","false","500","3000","0.023428253177431576"
"205","0","0.01","200","15","100","false","500","3000","0.029781584579107123"
"207","0","0.1","200","15","100","false","500","2500","0.04978310940418396"
"207","0","0.1","200","15","100","false","500","3000","0.08175224352675223"
"209","0","0.2","200","15","100","false","500","2500","0.02643162196883703"
"211","0","0.3","200","15","100","false","500","2500","0.04698310497618284"
"206","2","0.01","200","15","100","false","500","2500","0.9887826592606147"
"209","0","0.2","200","15","100","false","500","3000","0.03775118414796717"
"211","0","0.3","200","15","100","false","500","3000","0.02252533295664466"
"206","2","0.01","200","15","100","false","500","3000","0.9888378992584552"
"208","2","0.1","200","15","100","false","500","2500","0.8412552104954536"
"210","2","0.2","200","15","100","false","500","2500","0.4110757020081826"
"213","0","0.4","200","15","100","false","500","2500","0.0318907695313757"
"208","2","0.1","200","15","100","false","500","3000","0.8586489092559769"
"213","0","0.4","200","15","100","false","500","3000","0.04470813036922136"
"212","2","0.3","200","15","100","false","500","2500","0.05087487154757466"
"215","0","0.5","200","15","100","false","500","2500","0.034220549610232284"
"210","2","0.2","200","15","100","false","500","3000","0.21479365016129265"
"215","0","0.5","200","15","100","false","500","3000","0.01532791322170569"
"212","2","0.3","200","15","100","false","500","3000","0.03201595065358933"
"217","0","0.01","200","15","10","false","500","2500","0.05362868999944895"
"217","0","0.01","200","15","10","false","500","3000","0.07547135253780873"
"219","0","0.1","200","15","10","false","500","2500","0.05491303637811048"
"219","0","0.1","200","15","10","false","500","3000","0.08129954517441174"
"214","2","0.4","200","15","100","false","500","2500","0.019049605472056343"
"221","0","0.2","200","15","10","false","500","2500","0.03464284400670429"
"221","0","0.2","200","15","10","false","500","3000","0.04967470726841109"
"214","2","0.4","200","15","100","false","500","3000","0.03141343472808053"
"218","2","0.01","200","15","10","false","500","2500","0.13045935084068772"
"223","0","0.3","200","15","10","false","500","2500","0.06068803198125987"
"216","2","0.5","200","15","100","false","500","2500","0.025283119283051082"
"223","0","0.3","200","15","10","false","500","3000","0.05497491381832293"
"220","2","0.1","200","15","10","false","500","2500","0.166403348313867"
"218","2","0.01","200","15","10","false","500","3000","0.07010114295924717"
"216","2","0.5","200","15","100","false","500","3000","0.029598934429870247"
"220","2","0.1","200","15","10","false","500","3000","0.1591328817486394"
"225","0","0.4","200","15","10","false","500","2500","0.016455900087806202"
"222","2","0.2","200","15","10","false","500","2500","0.23289770124148387"
"225","0","0.4","200","15","10","false","500","3000","0.02570851118827575"
"227","0","0.5","200","15","10","false","500","2500","0.029512707415969938"
"227","0","0.5","200","15","10","false","500","3000","0.024463889709477226"
"222","2","0.2","200","15","10","false","500","3000","0.24758184137047018"
"224","2","0.3","200","15","10","false","500","2500","0.37054145561047175"
"229","0","0.01","200","15","25","false","500","2500","0.12526181782670004"
"229","0","0.01","200","15","25","false","500","3000","0.09555275285623105"
"231","0","0.1","200","15","25","false","500","2500","0.038643937782771004"
"224","2","0.3","200","15","10","false","500","3000","0.3432942315979627"
"231","0","0.1","200","15","25","false","500","3000","0.049368467845025056"
"226","2","0.4","200","15","10","false","500","2500","0.31265654785379077"
"233","0","0.2","200","15","25","false","500","2500","0.05973869573119916"
"233","0","0.2","200","15","25","false","500","3000","0.0666289169067853"
"228","2","0.5","200","15","10","false","500","2500","0.32303898283458127"
"226","2","0.4","200","15","10","false","500","3000","0.3132310711227836"
"228","2","0.5","200","15","10","false","500","3000","0.3064410132524759"
"235","0","0.3","200","15","25","false","500","2500","0.04265736915282962"
"230","2","0.01","200","15","25","false","500","2500","0.1476884671823675"
"235","0","0.3","200","15","25","false","500","3000","0.043020186581961405"
"237","0","0.4","200","15","25","false","500","2500","0.018344336413598006"
"230","2","0.01","200","15","25","false","500","3000","0.08603128938968194"
"237","0","0.4","200","15","25","false","500","3000","0.01640376231959125"
"232","2","0.1","200","15","25","false","500","2500","0.14964938778708398"
"234","2","0.2","200","15","25","false","500","2500","0.2796483358429276"
"239","0","0.5","200","15","25","false","500","2500","0.04543359033169673"
"232","2","0.1","200","15","25","false","500","3000","0.16287375206933635"
"239","0","0.5","200","15","25","false","500","3000","0.05170403812638983"
"234","2","0.2","200","15","25","false","500","3000","0.3027849820872249"
"236","2","0.3","200","15","25","false","500","2500","0.35585971993466553"
"241","0","0.01","200","15","50","false","500","2500","0.06242451334680149"
"243","0","0.1","200","15","50","false","500","2500","0.07001496427176498"
"241","0","0.01","200","15","50","false","500","3000","0.05121033379941583"
"243","0","0.1","200","15","50","false","500","3000","0.04932895279649749"
"236","2","0.3","200","15","25","false","500","3000","0.40535564823269277"
"238","2","0.4","200","15","25","false","500","2500","0.3638173002035428"
"238","2","0.4","200","15","25","false","500","3000","0.3448313889232499"
"240","2","0.5","200","15","25","false","500","2500","0.43210614806280856"
"245","0","0.2","200","15","50","false","500","2500","0.029649576585967806"
"245","0","0.2","200","15","50","false","500","3000","0.03780804419485493"
"240","2","0.5","200","15","25","false","500","3000","0.3955170865143215"
"247","0","0.3","200","15","50","false","500","2500","0.07655340726326479"
"247","0","0.3","200","15","50","false","500","3000","0.031947342006110074"
"242","2","0.01","200","15","50","false","500","2500","0.0693887256605483"
"249","0","0.4","200","15","50","false","500","2500","0.0423887721263468"
"249","0","0.4","200","15","50","false","500","3000","0.043401681998279526"
"242","2","0.01","200","15","50","false","500","3000","0.04211708547126113"
"244","2","0.1","200","15","50","false","500","2500","0.3190670560188259"
"246","2","0.2","200","15","50","false","500","2500","0.3436626974573354"
"251","0","0.5","200","15","50","false","500","2500","0.04997465127708463"
"251","0","0.5","200","15","50","false","500","3000","0.04048169456308443"
"244","2","0.1","200","15","50","false","500","3000","0.30965291609219453"
"246","2","0.2","200","15","50","false","500","3000","0.3571691815468237"
"248","2","0.3","200","15","50","false","500","2500","0.33228725783394636"
"253","0","0.01","200","15","75","false","500","2500","0.061991270637020264"
"253","0","0.01","200","15","75","false","500","3000","0.04800421818006504"
"248","2","0.3","200","15","50","false","500","3000","0.3392022657701421"
"255","0","0.1","200","15","75","false","500","2500","0.03758881469847756"
"250","2","0.4","200","15","50","false","500","2500","0.3417723580920138"
"255","0","0.1","200","15","75","false","500","3000","0.04460590921045587"
"250","2","0.4","200","15","50","false","500","3000","0.3512576165557017"
"252","2","0.5","200","15","50","false","500","2500","0.5046834214085806"
"257","0","0.2","200","15","75","false","500","2500","0.08068837689791414"
"257","0","0.2","200","15","75","false","500","3000","0.060184263878926295"
"252","2","0.5","200","15","50","false","500","3000","0.46902328837438056"
"259","0","0.3","200","15","75","false","500","2500","0.054832429716082084"
"259","0","0.3","200","15","75","false","500","3000","0.07094473729711745"
"254","2","0.01","200","15","75","false","500","2500","0.11320248067140015"
"261","0","0.4","200","15","75","false","500","2500","0.026924972974202033"
"261","0","0.4","200","15","75","false","500","3000","0.038002062104949066"
"254","2","0.01","200","15","75","false","500","3000","0.20914317353331502"
"256","2","0.1","200","15","75","false","500","2500","0.40286067764281003"
"258","2","0.2","200","15","75","false","500","2500","0.4484643257837184"
"263","0","0.5","200","15","75","false","500","2500","0.060892957726968074"
"263","0","0.5","200","15","75","false","500","3000","0.03183346351375828"
"256","2","0.1","200","15","75","false","500","3000","0.38699633844841086"
"258","2","0.2","200","15","75","false","500","3000","0.3921389737541258"
"260","2","0.3","200","15","75","false","500","2500","0.4559383329006367"
"265","0","0.01","200","15","90","false","500","2500","0.08890100471147384"
"260","2","0.3","200","15","75","false","500","3000","0.48272196890177593"
"262","2","0.4","200","15","75","false","500","2500","0.5692534098827178"
"265","0","0.01","200","15","90","false","500","3000","0.09426530194272792"
"267","0","0.1","200","15","90","false","500","2500","0.04027829283492833"
"267","0","0.1","200","15","90","false","500","3000","0.059842732467918665"
"262","2","0.4","200","15","75","false","500","3000","0.5245080442260226"
"264","2","0.5","200","15","75","false","500","2500","0.6040504999341031"
"269","0","0.2","200","15","90","false","500","2500","0.0337586185620547"
"269","0","0.2","200","15","90","false","500","3000","0.015510149673306307"
"264","2","0.5","200","15","75","false","500","3000","0.5647922271688783"
"271","0","0.3","200","15","90","false","500","2500","0.010815790218111973"
"271","0","0.3","200","15","90","false","500","3000","0.036092853071421065"
"266","2","0.01","200","15","90","false","500","2500","0.5020672823860025"
"273","0","0.4","200","15","90","false","500","2500","0.017779465755653215"
"266","2","0.01","200","15","90","false","500","3000","0.519015691382386"
"273","0","0.4","200","15","90","false","500","3000","0.027990055843199503"
"268","2","0.1","200","15","90","false","500","2500","0.5011844206023575"
"270","2","0.2","200","15","90","false","500","2500","0.669333115958002"
"275","0","0.5","200","15","90","false","500","2500","0.026547284267111414"
"275","0","0.5","200","15","90","false","500","3000","0.03336984101148721"
"268","2","0.1","200","15","90","false","500","3000","0.49301619356894694"
"270","2","0.2","200","15","90","false","500","3000","0.6644708372024488"
"272","2","0.3","200","15","90","false","500","2500","0.59738460897808"
"274","2","0.4","200","15","90","false","500","2500","0.6042758636214587"
"272","2","0.3","200","15","90","false","500","3000","0.5962050200622182"
"274","2","0.4","200","15","90","false","500","3000","0.5245790801633361"
"276","2","0.5","200","15","90","false","500","2500","0.031765756386259676"
"277","0","0.01","200","15","100","false","500","2500","0.048832641614018436"
"276","2","0.5","200","15","90","false","500","3000","0.033727528769746065"
"279","0","0.1","200","15","100","false","500","2500","0.04296729286041989"
"277","0","0.01","200","15","100","false","500","3000","0.05466189542376734"
"279","0","0.1","200","15","100","false","500","3000","0.055985822546572576"
"281","0","0.2","200","15","100","false","500","2500","0.01670687076040353"
"281","0","0.2","200","15","100","false","500","3000","0.044862154260393965"
"278","2","0.01","200","15","100","false","500","2500","0.9874977478755986"
"283","0","0.3","200","15","100","false","500","2500","0.04912995408299306"
"283","0","0.3","200","15","100","false","500","3000","0.039118703061080916"
"278","2","0.01","200","15","100","false","500","3000","0.9853717253422806"
"280","2","0.1","200","15","100","false","500","2500","0.9323806771614358"
"285","0","0.4","200","15","100","false","500","2500","0.04438839932356329"
"285","0","0.4","200","15","100","false","500","3000","0.06575018685067671"
"280","2","0.1","200","15","100","false","500","3000","0.92316793933976"
"282","2","0.2","200","15","100","false","500","2500","0.07152234108746415"
"284","2","0.3","200","15","100","false","500","2500","0.05737990194627993"
"287","0","0.5","200","15","100","false","500","2500","0.04002027391348503"
"289","0","0.01","200","15","10","false","500","2500","0.038963668112588626"
"289","0","0.01","200","15","10","false","500","3000","0.050992373393822954"
"287","0","0.5","200","15","100","false","500","3000","0.030965530235513954"
"282","2","0.2","200","15","100","false","500","3000","0.06530729261374772"
"284","2","0.3","200","15","100","false","500","3000","0.0700877890398667"
"291","0","0.1","200","15","10","false","500","2500","0.058064272403085405"
"291","0","0.1","200","15","10","false","500","3000","0.05744541122790407"
"293","0","0.2","200","15","10","false","500","2500","0.07969036117476294"
"293","0","0.2","200","15","10","false","500","3000","0.10242347806599895"
"286","2","0.4","200","15","100","false","500","2500","0.014892007364464924"
"286","2","0.4","200","15","100","false","500","3000","0.015634667565760877"
"295","0","0.3","200","15","10","false","500","2500","0.09894677667442989"
"288","2","0.5","200","15","100","false","500","2500","0.02154607666296631"
"295","0","0.3","200","15","10","false","500","3000","0.054253074816927316"
"290","2","0.01","200","15","10","false","500","2500","0.0926712200478715"
"292","2","0.1","200","15","10","false","500","2500","0.314858079762621"
"288","2","0.5","200","15","100","false","500","3000","0.0249329147027078"
"297","0","0.4","200","15","10","false","500","2500","0.03415306960862136"
"290","2","0.01","200","15","10","false","500","3000","0.09622717790824759"
"292","2","0.1","200","15","10","false","500","3000","0.3109644940707984"
"297","0","0.4","200","15","10","false","500","3000","0.03530933685008534"
"294","2","0.2","200","15","10","false","500","2500","0.18383465684658587"
"299","0","0.5","200","15","10","false","500","2500","0.011618097488054908"
"299","0","0.5","200","15","10","false","500","3000","0.009504789476204586"
"301","0","0.01","200","15","25","false","500","2500","0.07091415048175395"
"294","2","0.2","200","15","10","false","500","3000","0.1706961421218721"
"301","0","0.01","200","15","25","false","500","3000","0.05613381605181919"
"296","2","0.3","200","15","10","false","500","2500","0.33182726015294756"
"303","0","0.1","200","15","25","false","500","2500","0.04844345988780837"
"303","0","0.1","200","15","25","false","500","3000","0.06563636669491577"
"296","2","0.3","200","15","10","false","500","3000","0.33777530877050477"
"298","2","0.4","200","15","10","false","500","2500","0.35250621813317623"
"300","2","0.5","200","15","10","false","500","2500","0.3463598678450875"
"305","0","0.2","200","15","25","false","500","2500","0.032984231978026954"
"298","2","0.4","200","15","10","false","500","3000","0.34586664059573424"
"305","0","0.2","200","15","25","false","500","3000","0.02863709529703586"
"300","2","0.5","200","15","10","false","500","3000","0.3356183067551233"
"302","2","0.01","200","15","25","false","500","2500","0.06658377193127404"
"307","0","0.3","200","15","25","false","500","2500","0.029789639974275795"
"304","2","0.1","200","15","25","false","500","2500","0.07912106430920651"
"307","0","0.3","200","15","25","false","500","3000","0.027576761135824353"
"309","0","0.4","200","15","25","false","500","2500","0.018372785099051322"
"302","2","0.01","200","15","25","false","500","3000","0.04097629967564077"
"309","0","0.4","200","15","25","false","500","3000","0.029435201862567213"
"304","2","0.1","200","15","25","false","500","3000","0.09414139208507363"
"306","2","0.2","200","15","25","false","500","2500","0.2726232719170253"
"311","0","0.5","200","15","25","false","500","2500","0.022442039983640447"
"311","0","0.5","200","15","25","false","500","3000","0.018551276584333674"
"313","0","0.01","200","15","50","false","500","2500","0.04257964362512209"
"313","0","0.01","200","15","50","false","500","3000","0.05518583813642515"
"306","2","0.2","200","15","25","false","500","3000","0.28146844990865266"
"308","2","0.3","200","15","25","false","500","2500","0.32900959218010606"
"315","0","0.1","200","15","50","false","500","2500","0.03213798260430347"
"308","2","0.3","200","15","25","false","500","3000","0.311185477943909"
"315","0","0.1","200","15","50","false","500","3000","0.07004969662635"
"310","2","0.4","200","15","25","false","500","2500","0.3664210848771859"
"312","2","0.5","200","15","25","false","500","2500","0.29472370409815235"
"310","2","0.4","200","15","25","false","500","3000","0.35437804884347984"
"317","0","0.2","200","15","50","false","500","2500","0.028922245800551465"
"317","0","0.2","200","15","50","false","500","3000","0.04918183247348352"
"312","2","0.5","200","15","25","false","500","3000","0.29733643068496673"
"319","0","0.3","200","15","50","false","500","2500","0.016863250441203015"
"314","2","0.01","200","15","50","false","500","2500","0.04276000771969427"
"319","0","0.3","200","15","50","false","500","3000","0.03630471682250872"
"316","2","0.1","200","15","50","false","500","2500","0.20314743755953185"
"321","0","0.4","200","15","50","false","500","2500","0.04478457679859357"
"321","0","0.4","200","15","50","false","500","3000","0.03351584461568378"
"314","2","0.01","200","15","50","false","500","3000","0.09382609554163387"
"316","2","0.1","200","15","50","false","500","3000","0.19034581330293038"
"318","2","0.2","200","15","50","false","500","2500","0.3701398174304996"
"323","0","0.5","200","15","50","false","500","2500","0.022748870228074973"
"323","0","0.5","200","15","50","false","500","3000","0.019988747778626286"
"325","0","0.01","200","15","75","false","500","2500","0.06399560858043161"
"318","2","0.2","200","15","50","false","500","3000","0.3416660282451348"
"325","0","0.01","200","15","75","false","500","3000","0.06788848033821447"
"320","2","0.3","200","15","50","false","500","2500","0.34219391424471907"
"320","2","0.3","200","15","50","false","500","3000","0.34300354331223065"
"327","0","0.1","200","15","75","false","500","2500","0.0657994855681343"
"322","2","0.4","200","15","50","false","500","2500","0.3782741731450992"
"327","0","0.1","200","15","75","false","500","3000","0.0704231822744473"
"324","2","0.5","200","15","50","false","500","2500","0.3800498257141162"
"322","2","0.4","200","15","50","false","500","3000","0.36298856856725265"
"329","0","0.2","200","15","75","false","500","2500","0.07570591377369676"
"329","0","0.2","200","15","75","false","500","3000","0.07853812145944039"
"324","2","0.5","200","15","50","false","500","3000","0.3713321213272303"
"331","0","0.3","200","15","75","false","500","2500","0.016649802673441738"
"326","2","0.01","200","15","75","false","500","2500","0.24366970108480385"
"331","0","0.3","200","15","75","false","500","3000","0.02832604901196362"
"333","0","0.4","200","15","75","false","500","2500","0.061644511064164485"
"328","2","0.1","200","15","75","false","500","2500","0.3650078872350045"
"333","0","0.4","200","15","75","false","500","3000","0.04923862302392947"
"326","2","0.01","200","15","75","false","500","3000","0.16315693254802477"
"328","2","0.1","200","15","75","false","500","3000","0.3533288635174184"
"335","0","0.5","200","15","75","false","500","2500","0.050540501708155945"
"330","2","0.2","200","15","75","false","500","2500","0.405211559879808"
"335","0","0.5","200","15","75","false","500","3000","0.04451343902605755"
"330","2","0.2","200","15","75","false","500","3000","0.3534883730188911"
"337","0","0.01","200","15","90","false","500","2500","0.07813400726685521"
"337","0","0.01","200","15","90","false","500","3000","0.0927503048746509"
"332","2","0.3","200","15","75","false","500","2500","0.4910573409401744"
"332","2","0.3","200","15","75","false","500","3000","0.4557218666112648"
"339","0","0.1","200","15","90","false","500","2500","0.01185081023359635"
"334","2","0.4","200","15","75","false","500","2500","0.5735148520642027"
"339","0","0.1","200","15","90","false","500","3000","0.010628474391538844"
"336","2","0.5","200","15","75","false","500","2500","0.5144764242932112"
"334","2","0.4","200","15","75","false","500","3000","0.5586957569968627"
"341","0","0.2","200","15","90","false","500","2500","0.04176585367105099"
"341","0","0.2","200","15","90","false","500","3000","0.039934413938791435"
"336","2","0.5","200","15","75","false","500","3000","0.4739660397575511"
"343","0","0.3","200","15","90","false","500","2500","0.06447980126145204"
"338","2","0.01","200","15","90","false","500","2500","0.39020385942871916"
"343","0","0.3","200","15","90","false","500","3000","0.05049916100788185"
"345","0","0.4","200","15","90","false","500","2500","0.041418402840408076"
"338","2","0.01","200","15","90","false","500","3000","0.3684528289387898"
"340","2","0.1","200","15","90","false","500","2500","0.4741348087679617"
"345","0","0.4","200","15","90","false","500","3000","0.045046763237978064"
"340","2","0.1","200","15","90","false","500","3000","0.5005405330696792"
"342","2","0.2","200","15","90","false","500","2500","0.5891843548405571"
"347","0","0.5","200","15","90","false","500","2500","0.050914613007383126"
"347","0","0.5","200","15","90","false","500","3000","0.02109249833410264"
"342","2","0.2","200","15","90","false","500","3000","0.5577889056027481"
"344","2","0.3","200","15","90","false","500","2500","0.5607828257090063"
"346","2","0.4","200","15","90","false","500","2500","0.026722164715306043"
"344","2","0.3","200","15","90","false","500","3000","0.5029703560857675"
"346","2","0.4","200","15","90","false","500","3000","0.019276425311789188"
"348","2","0.5","200","15","90","false","500","2500","0.044830568664106285"
"349","0","0.01","200","15","100","false","500","2500","0.06657854966027331"
"349","0","0.01","200","15","100","false","500","3000","0.06011163533667305"
"348","2","0.5","200","15","90","false","500","3000","0.03784105829737968"
"351","0","0.1","200","15","100","false","500","2500","0.07910713691825667"
"351","0","0.1","200","15","100","false","500","3000","0.1067236002171539"
"353","0","0.2","200","15","100","false","500","2500","0.04975061067384623"
"353","0","0.2","200","15","100","false","500","3000","0.02649997870601764"
"355","0","0.3","200","15","100","false","500","2500","0.043725823306429316"
"350","2","0.01","200","15","100","false","500","2500","0.5917363148032386"
"355","0","0.3","200","15","100","false","500","3000","0.06752191313455005"
"350","2","0.01","200","15","100","false","500","3000","0.6538863410228145"
"352","2","0.1","200","15","100","false","500","2500","0.9862483787178767"
"357","0","0.4","200","15","100","false","500","2500","0.030593853904799375"
"357","0","0.4","200","15","100","false","500","3000","0.022870714819135253"
"354","2","0.2","200","15","100","false","500","2500","0.0582872374270438"
"352","2","0.1","200","15","100","false","500","3000","0.9858532946339147"
"359","0","0.5","200","15","100","false","500","2500","0.021345766823794375"
"356","2","0.3","200","15","100","false","500","2500","0.03092625427695306"
"354","2","0.2","200","15","100","false","500","3000","0.0752353236032953"
"361","0","0.01","200","15","10","false","500","2500","0.07898114712649186"
"359","0","0.5","200","15","100","false","500","3000","0.008870399063420404"
"361","0","0.01","200","15","10","false","500","3000","0.07348392135751887"
"356","2","0.3","200","15","100","false","500","3000","0.03793911071229094"
"363","0","0.1","200","15","10","false","500","2500","0.058137570361847336"
"363","0","0.1","200","15","10","false","500","3000","0.01967895875233658"
"358","2","0.4","200","15","100","false","500","2500","0.0598562192396355"
"365","0","0.2","200","15","10","false","500","2500","0.04434649696512166"
"365","0","0.2","200","15","10","false","500","3000","0.06171764209619586"
"358","2","0.4","200","15","100","false","500","3000","0.04612890108532276"
"367","0","0.3","200","15","10","false","500","2500","0.025371098570227603"
"367","0","0.3","200","15","10","false","500","3000","0.031029370171392182"
"360","2","0.5","200","15","100","false","500","2500","0.007230068063283516"
"362","2","0.01","200","15","10","false","500","2500","0.029797376150395585"
"364","2","0.1","200","15","10","false","500","2500","0.04560637063626138"
"362","2","0.01","200","15","10","false","500","3000","0.032827843291652156"
"360","2","0.5","200","15","100","false","500","3000","0.01973216252936069"
"369","0","0.4","200","15","10","false","500","2500","0.03961307381266241"
"369","0","0.4","200","15","10","false","500","3000","0.02831453784027446"
"364","2","0.1","200","15","10","false","500","3000","0.03041142334431702"
"366","2","0.2","200","15","10","false","500","2500","0.3552261770474764"
"371","0","0.5","200","15","10","false","500","2500","0.017518639907274564"
"371","0","0.5","200","15","10","false","500","3000","0.02803062922052723"
"366","2","0.2","200","15","10","false","500","3000","0.3240208410955796"
"373","0","0.01","200","15","25","false","500","2500","0.11852476926426822"
"373","0","0.01","200","15","25","false","500","3000","0.06475871400601668"
"368","2","0.3","200","15","10","false","500","2500","0.33319558340003813"
"375","0","0.1","200","15","25","false","500","2500","0.04421563855629185"
"368","2","0.3","200","15","10","false","500","3000","0.3570714879051488"
"375","0","0.1","200","15","25","false","500","3000","0.03140377601579178"
"370","2","0.4","200","15","10","false","500","2500","0.3672017230828464"
"372","2","0.5","200","15","10","false","500","2500","0.36849261199617067"
"377","0","0.2","200","15","25","false","500","2500","0.0664670051684711"
"370","2","0.4","200","15","10","false","500","3000","0.3574816170880303"
"377","0","0.2","200","15","25","false","500","3000","0.05260954203948946"
"372","2","0.5","200","15","10","false","500","3000","0.3463271766610297"
"374","2","0.01","200","15","25","false","500","2500","0.07129066892664207"
"379","0","0.3","200","15","25","false","500","2500","0.03557489693049077"
"376","2","0.1","200","15","25","false","500","2500","0.09866863783921061"
"379","0","0.3","200","15","25","false","500","3000","0.037604439323234366"
"381","0","0.4","200","15","25","false","500","2500","0.030876759753154896"
"374","2","0.01","200","15","25","false","500","3000","0.07526762210786088"
"381","0","0.4","200","15","25","false","500","3000","0.04773325479208463"
"376","2","0.1","200","15","25","false","500","3000","0.1002548234486294"
"378","2","0.2","200","15","25","false","500","2500","0.31243493763713465"
"383","0","0.5","200","15","25","false","500","2500","0.05131993049548679"
"383","0","0.5","200","15","25","false","500","3000","0.047081073499034794"
"378","2","0.2","200","15","25","false","500","3000","0.34210151428920005"
"385","0","0.01","200","15","50","false","500","2500","0.09468063529214066"
"385","0","0.01","200","15","50","false","500","3000","0.0483584612891526"
"380","2","0.3","200","15","25","false","500","2500","0.3497821553436184"
"387","0","0.1","200","15","50","false","500","2500","0.059234698217086434"
"387","0","0.1","200","15","50","false","500","3000","0.0694776163906634"
"380","2","0.3","200","15","25","false","500","3000","0.3384111926097932"
"382","2","0.4","200","15","25","false","500","2500","0.33232421652778926"
"384","2","0.5","200","15","25","false","500","2500","0.3462386561755317"
"389","0","0.2","200","15","50","false","500","2500","0.03429229302638874"
"382","2","0.4","200","15","25","false","500","3000","0.33318088860947603"
"389","0","0.2","200","15","50","false","500","3000","0.05249541218767008"
"384","2","0.5","200","15","25","false","500","3000","0.3313503586979823"
"386","2","0.01","200","15","50","false","500","2500","0.07749374268089726"
"391","0","0.3","200","15","50","false","500","2500","0.038886367250136736"
"391","0","0.3","200","15","50","false","500","3000","0.03700325448858785"
"393","0","0.4","200","15","50","false","500","2500","0.02937030793866445"
"388","2","0.1","200","15","50","false","500","2500","0.37866224668354165"
"393","0","0.4","200","15","50","false","500","3000","0.03057052689255913"
"386","2","0.01","200","15","50","false","500","3000","0.017833328231649112"
"388","2","0.1","200","15","50","false","500","3000","0.3601521052629812"
"390","2","0.2","200","15","50","false","500","2500","0.3714901897783875"
"395","0","0.5","200","15","50","false","500","2500","0.013147233188035436"
"395","0","0.5","200","15","50","false","500","3000","0.010888170088620126"
"390","2","0.2","200","15","50","false","500","3000","0.3906358532498921"
"397","0","0.01","200","15","75","false","500","2500","0.0938570622113957"
"397","0","0.01","200","15","75","false","500","3000","0.06501237719631255"
"392","2","0.3","200","15","50","false","500","2500","0.32210016017236803"
"399","0","0.1","200","15","75","false","500","2500","0.04724709633887933"
"392","2","0.3","200","15","50","false","500","3000","0.3349363113150061"
"399","0","0.1","200","15","75","false","500","3000","0.02482703670286629"
"394","2","0.4","200","15","50","false","500","2500","0.3870518568356395"
"396","2","0.5","200","15","50","false","500","2500","0.4060653765002998"
"394","2","0.4","200","15","50","false","500","3000","0.3821664846916491"
"401","0","0.2","200","15","75","false","500","2500","0.0616373663416147"
"396","2","0.5","200","15","50","false","500","3000","0.3928228719310749"
"401","0","0.2","200","15","75","false","500","3000","0.04244799861456781"
"398","2","0.01","200","15","75","false","500","2500","0.1821609957298156"
"403","0","0.3","200","15","75","false","500","2500","0.020989492921311064"
"403","0","0.3","200","15","75","false","500","3000","0.020475397018803798"
"405","0","0.4","200","15","75","false","500","2500","0.00702050916357336"
"405","0","0.4","200","15","75","false","500","3000","0.028861448100508398"
"400","2","0.1","200","15","75","false","500","2500","0.4097932887238321"
"398","2","0.01","200","15","75","false","500","3000","0.2069466290348741"
"400","2","0.1","200","15","75","false","500","3000","0.40075366219617475"
"407","0","0.5","200","15","75","false","500","2500","0.0502780806213761"
"402","2","0.2","200","15","75","false","500","2500","0.4837954861586964"
"407","0","0.5","200","15","75","false","500","3000","0.028742398237933172"
"402","2","0.2","200","15","75","false","500","3000","0.5192328606031772"
"409","0","0.01","200","15","90","false","500","2500","0.08987577070020594"
"404","2","0.3","200","15","75","false","500","2500","0.44659765543426583"
"409","0","0.01","200","15","90","false","500","3000","0.11912940147694986"
"404","2","0.3","200","15","75","false","500","3000","0.377976452096791"
"411","0","0.1","200","15","90","false","500","2500","0.03425692866048677"
"406","2","0.4","200","15","75","false","500","2500","0.6603181245075074"
"411","0","0.1","200","15","90","false","500","3000","0.03407128491790842"
"408","2","0.5","200","15","75","false","500","2500","0.6320386910437227"
"406","2","0.4","200","15","75","false","500","3000","0.6597512365207967"
"413","0","0.2","200","15","90","false","500","2500","0.04878436419498114"
"413","0","0.2","200","15","90","false","500","3000","0.03142297237972881"
"408","2","0.5","200","15","75","false","500","3000","0.6217565538983052"
"410","2","0.01","200","15","90","false","500","2500","0.3983305798271921"
"415","0","0.3","200","15","90","false","500","2500","0.02931720029564877"
"415","0","0.3","200","15","90","false","500","3000","0.01944390845276892"
"417","0","0.4","200","15","90","false","500","2500","0.025173861782502485"
"417","0","0.4","200","15","90","false","500","3000","0.029290748219456385"
"410","2","0.01","200","15","90","false","500","3000","0.3680701549917205"
"412","2","0.1","200","15","90","false","500","2500","0.6788815073703247"
"412","2","0.1","200","15","90","false","500","3000","0.6531291078700887"
"419","0","0.5","200","15","90","false","500","2500","0.021405029642313396"
"419","0","0.5","200","15","90","false","500","3000","0.03946254662937875"
"414","2","0.2","200","15","90","false","500","2500","0.6102325016934829"
"414","2","0.2","200","15","90","false","500","3000","0.6118460006447795"
"416","2","0.3","200","15","90","false","500","2500","0.589476930189572"
"416","2","0.3","200","15","90","false","500","3000","0.5628780393504106"
"418","2","0.4","200","15","90","false","500","2500","0.025956982716090496"
"420","2","0.5","200","15","90","false","500","2500","0.01495646113751677"
"418","2","0.4","200","15","90","false","500","3000","0.02507511625937679"
"421","0","0.01","200","15","100","false","500","2500","0.06786776357305802"
"420","2","0.5","200","15","90","false","500","3000","0.017350709394720776"
"421","0","0.01","200","15","100","false","500","3000","0.04233568178957972"
"423","0","0.1","200","15","100","false","500","2500","0.08057725119932728"
"423","0","0.1","200","15","100","false","500","3000","0.08755668957263459"
"425","0","0.2","200","15","100","false","500","2500","0.06686233497075013"
"422","2","0.01","200","15","100","false","500","2500","0.6606033242956557"
"425","0","0.2","200","15","100","false","500","3000","0.07449871736281864"
"427","0","0.3","200","15","100","false","500","2500","0.0676351406984728"
"427","0","0.3","200","15","100","false","500","3000","0.052197407678186536"
"422","2","0.01","200","15","100","false","500","3000","0.6611086533311021"
"424","2","0.1","200","15","100","false","500","2500","0.9716397482054091"
"429","0","0.4","200","15","100","false","500","2500","0.027132523188416996"
"424","2","0.1","200","15","100","false","500","3000","0.9636769329712822"
"426","2","0.2","200","15","100","false","500","2500","0.8504946424335301"
"429","0","0.4","200","15","100","false","500","3000","0.034397278222313914"
"431","0","0.5","200","15","100","false","500","2500","0.04985678799352119"
"428","2","0.3","200","15","100","false","500","2500","0.028545336381058158"
"431","0","0.5","200","15","100","false","500","3000","0.03449489914190561"
"426","2","0.2","200","15","100","false","500","3000","0.9834574807208529"
"433","0","0.01","200","15","10","false","500","2500","0.027181384018393585"
"433","0","0.01","200","15","10","false","500","3000","0.05696794931122782"
"428","2","0.3","200","15","100","false","500","3000","0.04869639074848645"
"435","0","0.1","200","15","10","false","500","2500","0.05905164000590599"
"435","0","0.1","200","15","10","false","500","3000","0.038162446046693374"
"430","2","0.4","200","15","100","false","500","2500","0.026668936809431394"
"437","0","0.2","200","15","10","false","500","2500","0.03168591152095714"
"437","0","0.2","200","15","10","false","500","3000","0.023204221384961518"
"430","2","0.4","200","15","100","false","500","3000","0.00893698734730308"
"439","0","0.3","200","15","10","false","500","2500","0.031245753827634438"
"432","2","0.5","200","15","100","false","500","2500","0.027850244916204643"
"434","2","0.01","200","15","10","false","500","2500","0.12967121112906793"
"439","0","0.3","200","15","10","false","500","3000","0.030009387352412705"
"436","2","0.1","200","15","10","false","500","2500","0.0445094329423461"
"434","2","0.01","200","15","10","false","500","3000","0.1391154152777817"
"432","2","0.5","200","15","100","false","500","3000","0.040213553021562674"
"441","0","0.4","200","15","10","false","500","2500","0.0251594273254731"
"436","2","0.1","200","15","10","false","500","3000","0.04841982667965829"
"438","2","0.2","200","15","10","false","500","2500","0.3768492581254301"
"441","0","0.4","200","15","10","false","500","3000","0.018939332415281947"
"443","0","0.5","200","15","10","false","500","2500","0.037733896558866796"
"443","0","0.5","200","15","10","false","500","3000","0.033949915577019846"
"438","2","0.2","200","15","10","false","500","3000","0.38798046927634827"
"445","0","0.01","200","15","25","false","500","2500","0.08272506819310677"
"440","2","0.3","200","15","10","false","500","2500","0.3578773119896558"
"445","0","0.01","200","15","25","false","500","3000","0.061809790666440094"
"447","0","0.1","200","15","25","false","500","2500","0.04589528146820404"
"447","0","0.1","200","15","25","false","500","3000","0.04160296873717726"
"440","2","0.3","200","15","10","false","500","3000","0.3653665497887427"
"442","2","0.4","200","15","10","false","500","2500","0.3085806944448913"
"449","0","0.2","200","15","25","false","500","2500","0.04128783213144698"
"444","2","0.5","200","15","10","false","500","2500","0.34614762221217565"
"449","0","0.2","200","15","25","false","500","3000","0.05556235982392157"
"442","2","0.4","200","15","10","false","500","3000","0.3322249350062865"
"444","2","0.5","200","15","10","false","500","3000","0.34162803631889643"
"446","2","0.01","200","15","25","false","500","2500","0.021002309647442145"
"451","0","0.3","200","15","25","false","500","2500","0.020152061478800113"
"451","0","0.3","200","15","25","false","500","3000","0.012610171455861829"
"448","2","0.1","200","15","25","false","500","2500","0.21996535361839298"
"446","2","0.01","200","15","25","false","500","3000","0.05170661627526194"
"453","0","0.4","200","15","25","false","500","2500","0.015345758287148759"
"453","0","0.4","200","15","25","false","500","3000","0.02787362826815029"
"450","2","0.2","200","15","25","false","500","2500","0.37961170226015334"
"448","2","0.1","200","15","25","false","500","3000","0.16536063979911425"
"455","0","0.5","200","15","25","false","500","2500","0.03802878885359806"
"455","0","0.5","200","15","25","false","500","3000","0.040608448302767414"
"450","2","0.2","200","15","25","false","500","3000","0.3285192362817405"
"452","2","0.3","200","15","25","false","500","2500","0.2929109665517326"
"457","0","0.01","200","15","50","false","500","2500","0.07678382581163394"
"457","0","0.01","200","15","50","false","500","3000","0.09717481434332874"
"459","0","0.1","200","15","50","false","500","2500","0.08128159578174"
"459","0","0.1","200","15","50","false","500","3000","0.04507826329743739"
"452","2","0.3","200","15","25","false","500","3000","0.29575514741394665"
"454","2","0.4","200","15","25","false","500","2500","0.3534178149485047"
"461","0","0.2","200","15","50","false","500","2500","0.04565593127746718"
"456","2","0.5","200","15","25","false","500","2500","0.47580766625639903"
"454","2","0.4","200","15","25","false","500","3000","0.34292904120150086"
"461","0","0.2","200","15","50","false","500","3000","0.06600788690170006"
"456","2","0.5","200","15","25","false","500","3000","0.4270599130938904"
"458","2","0.01","200","15","50","false","500","2500","0.0737385096145029"
"463","0","0.3","200","15","50","false","500","2500","0.06891752097338859"
"463","0","0.3","200","15","50","false","500","3000","0.0504952759953297"
"465","0","0.4","200","15","50","false","500","2500","0.019079017245359688"
"458","2","0.01","200","15","50","false","500","3000","0.04509861379328735"
"465","0","0.4","200","15","50","false","500","3000","0.01239525529449743"
"460","2","0.1","200","15","50","false","500","2500","0.28300387348554784"
"462","2","0.2","200","15","50","false","500","2500","0.3402417838397902"
"467","0","0.5","200","15","50","false","500","2500","0.06323125138597885"
"467","0","0.5","200","15","50","false","500","3000","0.05700164230336459"
"460","2","0.1","200","15","50","false","500","3000","0.24308009824427973"
"462","2","0.2","200","15","50","false","500","3000","0.349108577461123"
"464","2","0.3","200","15","50","false","500","2500","0.39614541220029326"
"469","0","0.01","200","15","75","false","500","2500","0.0552444392787094"
"464","2","0.3","200","15","50","false","500","3000","0.3687697278322076"
"471","0","0.1","200","15","75","false","500","2500","0.02281719425198949"
"469","0","0.01","200","15","75","false","500","3000","0.04334694777815372"
"471","0","0.1","200","15","75","false","500","3000","0.0366539300420105"
"466","2","0.4","200","15","50","false","500","2500","0.3451065241324214"
"468","2","0.5","200","15","50","false","500","2500","0.4646444894937291"
"466","2","0.4","200","15","50","false","500","3000","0.3383499138627752"
"473","0","0.2","200","15","75","false","500","2500","0.03987599271777224"
"473","0","0.2","200","15","75","false","500","3000","0.06018515923241645"
"468","2","0.5","200","15","50","false","500","3000","0.45593703961563825"
"475","0","0.3","200","15","75","false","500","2500","0.028017318635965224"
"470","2","0.01","200","15","75","false","500","2500","0.08299593595642447"
"475","0","0.3","200","15","75","false","500","3000","0.04125425275648641"
"477","0","0.4","200","15","75","false","500","2500","0.024198989614716643"
"477","0","0.4","200","15","75","false","500","3000","0.031123082461516627"
"470","2","0.01","200","15","75","false","500","3000","0.10955329265610608"
"472","2","0.1","200","15","75","false","500","2500","0.4432423674295275"
"474","2","0.2","200","15","75","false","500","2500","0.5700530123379025"
"479","0","0.5","200","15","75","false","500","2500","0.03237057715481994"
"472","2","0.1","200","15","75","false","500","3000","0.4507819083668984"
"479","0","0.5","200","15","75","false","500","3000","0.033413369865641834"
"474","2","0.2","200","15","75","false","500","3000","0.5284583721251974"
"476","2","0.3","200","15","75","false","500","2500","0.5562039973242506"
"481","0","0.01","200","15","90","false","500","2500","0.07979477365621283"
"476","2","0.3","200","15","75","false","500","3000","0.530474940465095"
"483","0","0.1","200","15","90","false","500","2500","0.1264119910644667"
"481","0","0.01","200","15","90","false","500","3000","0.081469781662404"
"483","0","0.1","200","15","90","false","500","3000","0.09383273024101166"
"478","2","0.4","200","15","75","false","500","2500","0.6186197887490216"
"480","2","0.5","200","15","75","false","500","2500","0.6024807455358134"
"478","2","0.4","200","15","75","false","500","3000","0.6384324925793144"
"485","0","0.2","200","15","90","false","500","2500","0.0281498496207352"
"485","0","0.2","200","15","90","false","500","3000","0.06400570854143618"
"480","2","0.5","200","15","75","false","500","3000","0.5671317415045001"
"487","0","0.3","200","15","90","false","500","2500","0.017841323982573314"
"487","0","0.3","200","15","90","false","500","3000","0.011750820490595481"
"482","2","0.01","200","15","90","false","500","2500","0.32170338248017327"
"489","0","0.4","200","15","90","false","500","2500","0.021790378578079625"
"489","0","0.4","200","15","90","false","500","3000","0.020872836657932298"
"482","2","0.01","200","15","90","false","500","3000","0.3364530861553012"
"484","2","0.1","200","15","90","false","500","2500","0.5241548170516268"
"486","2","0.2","200","15","90","false","500","2500","0.5655815225026141"
"491","0","0.5","200","15","90","false","500","2500","0.033796191298963295"
"484","2","0.1","200","15","90","false","500","3000","0.4413006688509687"
"491","0","0.5","200","15","90","false","500","3000","0.02500047029255971"
"486","2","0.2","200","15","90","false","500","3000","0.49419136474459224"
"488","2","0.3","200","15","90","false","500","2500","0.6310130881948416"
"488","2","0.3","200","15","90","false","500","3000","0.6543117739676033"
"490","2","0.4","200","15","90","false","500","2500","0.868157112607608"
"490","2","0.4","200","15","90","false","500","3000","0.7276727743703004"
"492","2","0.5","200","15","90","false","500","2500","0.020707449988775033"
"492","2","0.5","200","15","90","false","500","3000","0.03652429563349256"
"493","0","0.01","200","15","100","false","500","2500","0.0876247171364997"
"495","0","0.1","200","15","100","false","500","2500","0.07345007496461506"
"493","0","0.01","200","15","100","false","500","3000","0.08836841832399621"
"495","0","0.1","200","15","100","false","500","3000","0.07052981299640869"
"497","0","0.2","200","15","100","false","500","2500","0.07868038471761372"
"497","0","0.2","200","15","100","false","500","3000","0.07118872763838986"
"499","0","0.3","200","15","100","false","500","2500","0.04760237167191874"
"494","2","0.01","200","15","100","false","500","2500","0.9861066385072408"
"499","0","0.3","200","15","100","false","500","3000","0.04679179270990999"
"496","2","0.1","200","15","100","false","500","2500","0.9852153646138103"
"494","2","0.01","200","15","100","false","500","3000","0.9867234855178096"
"501","0","0.4","200","15","100","false","500","2500","0.032785198811648236"
"496","2","0.1","200","15","100","false","500","3000","0.9851499115532504"
"501","0","0.4","200","15","100","false","500","3000","0.030383404774272718"
"498","2","0.2","200","15","100","false","500","2500","0.9840378619951184"
"500","2","0.3","200","15","100","false","500","2500","0.022342464107880582"
"498","2","0.2","200","15","100","false","500","3000","0.9827331863454714"
"505","0","0.01","200","15","10","false","500","2500","0.06668459773587938"
"503","0","0.5","200","15","100","false","500","2500","0.0716663826204751"
"505","0","0.01","200","15","10","false","500","3000","0.16212451111476034"
"500","2","0.3","200","15","100","false","500","3000","0.023206771907387867"
"503","0","0.5","200","15","100","false","500","3000","0.044293346338559886"
"507","0","0.1","200","15","10","false","500","2500","0.03750791515389041"
"509","0","0.2","200","15","10","false","500","2500","0.08427267098121954"
"507","0","0.1","200","15","10","false","500","3000","0.044664871513396036"
"509","0","0.2","200","15","10","false","500","3000","0.09009378501812286"
"502","2","0.4","200","15","100","false","500","2500","0.01860154614240534"
"511","0","0.3","200","15","10","false","500","2500","0.046943207955062835"
"511","0","0.3","200","15","10","false","500","3000","0.039218605880694445"
"502","2","0.4","200","15","100","false","500","3000","0.014198710058111139"
"504","2","0.5","200","15","100","false","500","2500","0.02295336581203773"
"506","2","0.01","200","15","10","false","500","2500","0.050466586089115084"
"508","2","0.1","200","15","10","false","500","2500","0.030773301721060537"
"513","0","0.4","200","15","10","false","500","2500","0.028653228003005616"
"506","2","0.01","200","15","10","false","500","3000","0.03390456234122649"
"504","2","0.5","200","15","100","false","500","3000","0.008933644602289504"
"513","0","0.4","200","15","10","false","500","3000","0.04042168809319935"
"508","2","0.1","200","15","10","false","500","3000","0.04498381550496195"
"510","2","0.2","200","15","10","false","500","2500","0.2568827088539432"
"515","0","0.5","200","15","10","false","500","2500","0.012475435222518103"
"515","0","0.5","200","15","10","false","500","3000","0.04161383784129852"
"517","0","0.01","200","15","25","false","500","2500","0.054799869918056146"
"510","2","0.2","200","15","10","false","500","3000","0.2078259711639771"
"517","0","0.01","200","15","25","false","500","3000","0.09019211073799586"
"512","2","0.3","200","15","10","false","500","2500","0.36472108440333434"
"519","0","0.1","200","15","25","false","500","2500","0.06193159900847709"
"519","0","0.1","200","15","25","false","500","3000","0.019614227532676904"
"512","2","0.3","200","15","10","false","500","3000","0.34165382179948434"
"514","2","0.4","200","15","10","false","500","2500","0.33433412242138094"
"516","2","0.5","200","15","10","false","500","2500","0.3466675042320365"
"521","0","0.2","200","15","25","false","500","2500","0.04384250084758878"
"521","0","0.2","200","15","25","false","500","3000","0.04516460779318032"
"516","2","0.5","200","15","10","false","500","3000","0.36048543697447777"
"514","2","0.4","200","15","10","false","500","3000","0.3361196277049222"
"518","2","0.01","200","15","25","false","500","2500","0.05247080449262458"
"523","0","0.3","200","15","25","false","500","2500","0.06170996219863948"
"523","0","0.3","200","15","25","false","500","3000","0.052918071064211196"
"525","0","0.4","200","15","25","false","500","2500","0.022567627454127992"
"520","2","0.1","200","15","25","false","500","2500","0.09948488196106675"
"525","0","0.4","200","15","25","false","500","3000","0.02468540297912305"
"518","2","0.01","200","15","25","false","500","3000","0.05534281425119628"
"520","2","0.1","200","15","25","false","500","3000","0.08734491863733973"
"522","2","0.2","200","15","25","false","500","2500","0.3694402804179089"
"527","0","0.5","200","15","25","false","500","2500","0.043948501586858986"
"527","0","0.5","200","15","25","false","500","3000","0.02411223006135544"
"522","2","0.2","200","15","25","false","500","3000","0.3582988526784466"
"529","0","0.01","200","15","50","false","500","2500","0.07378260946699035"
"529","0","0.01","200","15","50","false","500","3000","0.07178475397850745"
"524","2","0.3","200","15","25","false","500","2500","0.3483502039332085"
"531","0","0.1","200","15","50","false","500","2500","0.03180682392040615"
"531","0","0.1","200","15","50","false","500","3000","0.01440209905242157"
"524","2","0.3","200","15","25","false","500","3000","0.340633865462827"
"526","2","0.4","200","15","25","false","500","2500","0.3521334367866891"
"528","2","0.5","200","15","25","false","500","2500","0.33848091836782607"
"533","0","0.2","200","15","50","false","500","2500","0.08852758020988027"
"526","2","0.4","200","15","25","false","500","3000","0.34808712266294084"
"533","0","0.2","200","15","50","false","500","3000","0.08476806025698032"
"528","2","0.5","200","15","25","false","500","3000","0.3383777422068829"
"530","2","0.01","200","15","50","false","500","2500","0.08086587178865402"
"535","0","0.3","200","15","50","false","500","2500","0.015756407807592583"
"535","0","0.3","200","15","50","false","500","3000","0.030258664447025945"
"537","0","0.4","200","15","50","false","500","2500","0.012003092580946277"
"537","0","0.4","200","15","50","false","500","3000","0.011380979199998715"
"530","2","0.01","200","15","50","false","500","3000","0.11436381648430832"
"532","2","0.1","200","15","50","false","500","2500","0.2558790533587786"
"532","2","0.1","200","15","50","false","500","3000","0.21756363881515176"
"539","0","0.5","200","15","50","false","500","2500","0.01882884087797903"
"539","0","0.5","200","15","50","false","500","3000","0.03423208563489584"
"534","2","0.2","200","15","50","false","500","2500","0.34808446835975787"
"541","0","0.01","200","15","75","false","500","2500","0.02864108197758325"
"534","2","0.2","200","15","50","false","500","3000","0.3455436475099574"
"541","0","0.01","200","15","75","false","500","3000","0.06498774717216842"
"536","2","0.3","200","15","50","false","500","2500","0.3461179551484307"
"536","2","0.3","200","15","50","false","500","3000","0.33508386890549874"
"543","0","0.1","200","15","75","false","500","2500","0.03343375449987023"
"543","0","0.1","200","15","75","false","500","3000","0.07111843167775674"
"538","2","0.4","200","15","50","false","500","2500","0.3368834443683419"
"540","2","0.5","200","15","50","false","500","2500","0.46152271030644887"
"545","0","0.2","200","15","75","false","500","2500","0.02801142561923354"
"538","2","0.4","200","15","50","false","500","3000","0.33876625600836774"
"545","0","0.2","200","15","75","false","500","3000","0.04578236381493769"
"540","2","0.5","200","15","50","false","500","3000","0.4354956713655442"
"542","2","0.01","200","15","75","false","500","2500","0.09453484682041138"
"547","0","0.3","200","15","75","false","500","2500","0.05221923783946435"
"547","0","0.3","200","15","75","false","500","3000","0.028252090238687647"
"549","0","0.4","200","15","75","false","500","2500","0.022773250912522518"
"549","0","0.4","200","15","75","false","500","3000","0.026301841009804365"
"542","2","0.01","200","15","75","false","500","3000","0.1436017142684035"
"544","2","0.1","200","15","75","false","500","2500","0.45151076038077853"
"551","0","0.5","200","15","75","false","500","2500","0.008876744026983794"
"544","2","0.1","200","15","75","false","500","3000","0.42248122148151623"
"551","0","0.5","200","15","75","false","500","3000","0.02077135959311664"
"546","2","0.2","200","15","75","false","500","2500","0.35951489206857024"
"546","2","0.2","200","15","75","false","500","3000","0.3819635454029609"
"553","0","0.01","200","15","90","false","500","2500","0.04234598919000878"
"548","2","0.3","200","15","75","false","500","2500","0.4477901990998995"
"553","0","0.01","200","15","90","false","500","3000","0.04454732324277462"
"548","2","0.3","200","15","75","false","500","3000","0.3872265916376171"
"555","0","0.1","200","15","90","false","500","2500","0.044814501474556324"
"550","2","0.4","200","15","75","false","500","2500","0.6541757684671075"
"555","0","0.1","200","15","90","false","500","3000","0.018829816183991422"
"552","2","0.5","200","15","75","false","500","2500","0.6261668733869022"
"557","0","0.2","200","15","90","false","500","2500","0.050440765721713327"
"550","2","0.4","200","15","75","false","500","3000","0.6597040208986409"
"557","0","0.2","200","15","90","false","500","3000","0.05281864731740715"
"552","2","0.5","200","15","75","false","500","3000","0.5726890406708376"
"554","2","0.01","200","15","90","false","500","2500","0.39082250149641456"
"559","0","0.3","200","15","90","false","500","2500","0.02817224295260103"
"559","0","0.3","200","15","90","false","500","3000","0.020222116445500423"
"561","0","0.4","200","15","90","false","500","2500","0.05062887836289962"
"561","0","0.4","200","15","90","false","500","3000","0.02540535351041958"
"554","2","0.01","200","15","90","false","500","3000","0.3945216371497093"
"556","2","0.1","200","15","90","false","500","2500","0.594487219290247"
"563","0","0.5","200","15","90","false","500","2500","0.04242248640141387"
"563","0","0.5","200","15","90","false","500","3000","0.028525081536564204"
"556","2","0.1","200","15","90","false","500","3000","0.5938751812183292"
"558","2","0.2","200","15","90","false","500","2500","0.601794071532979"
"560","2","0.3","200","15","90","false","500","2500","0.5395139336978928"
"558","2","0.2","200","15","90","false","500","3000","0.582643039215977"
"560","2","0.3","200","15","90","false","500","3000","0.529713516307678"
"562","2","0.4","200","15","90","false","500","2500","0.020638484572457965"
"564","2","0.5","200","15","90","false","500","2500","0.027251299327271744"
"562","2","0.4","200","15","90","false","500","3000","0.03263212014936033"
"565","0","0.01","200","15","100","false","500","2500","0.02529005058451563"
"564","2","0.5","200","15","90","false","500","3000","0.04678011877696313"
"565","0","0.01","200","15","100","false","500","3000","0.05486515287382692"
"567","0","0.1","200","15","100","false","500","2500","0.047817157291122604"
"567","0","0.1","200","15","100","false","500","3000","0.060301815940710504"
"569","0","0.2","200","15","100","false","500","2500","0.026763023876500234"
"566","2","0.01","200","15","100","false","500","2500","0.9534206367063619"
"571","0","0.3","200","15","100","false","500","2500","0.07146164979516782"
"569","0","0.2","200","15","100","false","500","3000","0.03400688135349196"
"571","0","0.3","200","15","100","false","500","3000","0.04670293150559044"
"566","2","0.01","200","15","100","false","500","3000","0.9585489207705042"
"568","2","0.1","200","15","100","false","500","2500","0.9736564435478594"
"568","2","0.1","200","15","100","false","500","3000","0.9520698151466994"
"573","0","0.4","200","15","100","false","500","2500","0.021579464612030416"
"570","2","0.2","200","15","100","false","500","2500","0.026565571440805427"
"573","0","0.4","200","15","100","false","500","3000","0.015694298441316253"
"575","0","0.5","200","15","100","false","500","2500","0.018949055336163693"
"575","0","0.5","200","15","100","false","500","3000","0.02792715122244816"
"570","2","0.2","200","15","100","false","500","3000","0.04177188324724588"
"572","2","0.3","200","15","100","false","500","2500","0.06769364647293627"
"577","0","0.01","200","15","10","false","500","2500","0.037775424658147976"
"577","0","0.01","200","15","10","false","500","3000","0.07343739043470272"
"579","0","0.1","200","15","10","false","500","2500","0.053271343086750265"
"572","2","0.3","200","15","100","false","500","3000","0.04117643821958266"
"579","0","0.1","200","15","10","false","500","3000","0.04483216136054974"
"574","2","0.4","200","15","100","false","500","2500","0.01273291577228581"
"581","0","0.2","200","15","10","false","500","2500","0.017748134955611203"
"581","0","0.2","200","15","10","false","500","3000","0.017150355332716697"
"574","2","0.4","200","15","100","false","500","3000","0.014944513531116818"
"576","2","0.5","200","15","100","false","500","2500","0.04746656460987019"
"583","0","0.3","200","15","10","false","500","2500","0.03449860837369847"
"578","2","0.01","200","15","10","false","500","2500","0.05849696570230636"
"583","0","0.3","200","15","10","false","500","3000","0.05232638480105133"
"580","2","0.1","200","15","10","false","500","2500","0.18131237599888642"
"576","2","0.5","200","15","100","false","500","3000","0.040541387877368516"
"578","2","0.01","200","15","10","false","500","3000","0.08143782964206808"
"585","0","0.4","200","15","10","false","500","2500","0.03431069247663931"
"582","2","0.2","200","15","10","false","500","2500","0.1977039885724362"
"585","0","0.4","200","15","10","false","500","3000","0.03198076043592719"
"580","2","0.1","200","15","10","false","500","3000","0.1466494448094527"
"587","0","0.5","200","15","10","false","500","2500","0.022276024565494004"
"582","2","0.2","200","15","10","false","500","3000","0.15827890750504678"
"587","0","0.5","200","15","10","false","500","3000","0.027329907810700507"
"589","0","0.01","200","15","25","false","500","2500","0.07852190699622419"
"589","0","0.01","200","15","25","false","500","3000","0.05028060469650547"
"584","2","0.3","200","15","10","false","500","2500","0.3190796754601411"
"591","0","0.1","200","15","25","false","500","2500","0.03485570564006622"
"591","0","0.1","200","15","25","false","500","3000","0.032630518492887596"
"584","2","0.3","200","15","10","false","500","3000","0.3073866433709944"
"586","2","0.4","200","15","10","false","500","2500","0.28521236485300466"
"593","0","0.2","200","15","25","false","500","2500","0.06345133887920751"
"593","0","0.2","200","15","25","false","500","3000","0.07625955364577269"
"588","2","0.5","200","15","10","false","500","2500","0.3576715574952162"
"586","2","0.4","200","15","10","false","500","3000","0.29063719091769424"
"588","2","0.5","200","15","10","false","500","3000","0.32914946415410673"
"590","2","0.01","200","15","25","false","500","2500","0.054842203429364994"
"595","0","0.3","200","15","25","false","500","2500","0.024108531198396687"
"595","0","0.3","200","15","25","false","500","3000","0.048796862521206255"
"590","2","0.01","200","15","25","false","500","3000","0.0787271339901037"
"592","2","0.1","200","15","25","false","500","2500","0.2756255708632557"
"597","0","0.4","200","15","25","false","500","2500","0.010052040284171547"
"597","0","0.4","200","15","25","false","500","3000","0.016712575794607804"
"592","2","0.1","200","15","25","false","500","3000","0.2965822590151566"
"594","2","0.2","200","15","25","false","500","2500","0.35028751492441323"
"599","0","0.5","200","15","25","false","500","2500","0.020874594504003183"
"599","0","0.5","200","15","25","false","500","3000","0.026456646933359914"
"594","2","0.2","200","15","25","false","500","3000","0.34848023502982034"
"601","0","0.01","200","15","50","false","500","2500","0.07463342755746846"
"596","2","0.3","200","15","25","false","500","2500","0.35298503189934344"
"601","0","0.01","200","15","50","false","500","3000","0.0643202070207127"
"596","2","0.3","200","15","25","false","500","3000","0.3475670724303913"
"603","0","0.1","200","15","50","false","500","2500","0.14380475655054215"
"603","0","0.1","200","15","50","false","500","3000","0.06675946905624562"
"598","2","0.4","200","15","25","false","500","2500","0.3402131123235446"
"605","0","0.2","200","15","50","false","500","2500","0.021486282177737927"
"598","2","0.4","200","15","25","false","500","3000","0.32212226921681464"
"600","2","0.5","200","15","25","false","500","2500","0.3362491694363119"
"605","0","0.2","200","15","50","false","500","3000","0.032071512709780585"
"600","2","0.5","200","15","25","false","500","3000","0.3431103496176135"
"602","2","0.01","200","15","50","false","500","2500","0.10302536130708823"
"607","0","0.3","200","15","50","false","500","2500","0.04661726809057143"
"607","0","0.3","200","15","50","false","500","3000","0.03389898143965488"
"609","0","0.4","200","15","50","false","500","2500","0.04762620002114964"
"602","2","0.01","200","15","50","false","500","3000","0.08218010443386138"
"609","0","0.4","200","15","50","false","500","3000","0.03197553698266876"
"604","2","0.1","200","15","50","false","500","2500","0.3348996531910346"
"604","2","0.1","200","15","50","false","500","3000","0.31327219325309846"
"606","2","0.2","200","15","50","false","500","2500","0.3644830790315572"
"611","0","0.5","200","15","50","false","500","2500","0.023510351731031044"
"611","0","0.5","200","15","50","false","500","3000","0.0179548233051506"
"606","2","0.2","200","15","50","false","500","3000","0.3584373879993939"
"608","2","0.3","200","15","50","false","500","2500","0.33802666155155486"
"613","0","0.01","200","15","75","false","500","2500","0.05990653718718884"
"613","0","0.01","200","15","75","false","500","3000","0.04934532078030176"
"608","2","0.3","200","15","50","false","500","3000","0.3364557733398146"
"615","0","0.1","200","15","75","false","500","2500","0.029236084339885136"
"615","0","0.1","200","15","75","false","500","3000","0.02834890084852232"
"610","2","0.4","200","15","50","false","500","2500","0.3479990485003456"
"612","2","0.5","200","15","50","false","500","2500","0.3973469236663244"
"617","0","0.2","200","15","75","false","500","2500","0.03294256399743161"
"610","2","0.4","200","15","50","false","500","3000","0.344240337282745"
"617","0","0.2","200","15","75","false","500","3000","0.043778705334219445"
"612","2","0.5","200","15","50","false","500","3000","0.40280517903108526"
"619","0","0.3","200","15","75","false","500","2500","0.047801674691589684"
"614","2","0.01","200","15","75","false","500","2500","0.16738662247599376"
"619","0","0.3","200","15","75","false","500","3000","0.04881046013100801"
"621","0","0.4","200","15","75","false","500","2500","0.018443347688142424"
"621","0","0.4","200","15","75","false","500","3000","0.01613899611839526"
"614","2","0.01","200","15","75","false","500","3000","0.12474664867905932"
"616","2","0.1","200","15","75","false","500","2500","0.37843724513809657"
"618","2","0.2","200","15","75","false","500","2500","0.4423553188354667"
"616","2","0.1","200","15","75","false","500","3000","0.3710591615582713"
"623","0","0.5","200","15","75","false","500","2500","0.028619341344544056"
"623","0","0.5","200","15","75","false","500","3000","0.021473850507847423"
"618","2","0.2","200","15","75","false","500","3000","0.4007603406131522"
"620","2","0.3","200","15","75","false","500","2500","0.5402778988470796"
"625","0","0.01","200","15","90","false","500","2500","0.04209538005273773"
"620","2","0.3","200","15","75","false","500","3000","0.5252877517745655"
"625","0","0.01","200","15","90","false","500","3000","0.03773876724169872"
"627","0","0.1","200","15","90","false","500","2500","0.06002360651939804"
"622","2","0.4","200","15","75","false","500","2500","0.5037180004166085"
"627","0","0.1","200","15","90","false","500","3000","0.07001154244697437"
"624","2","0.5","200","15","75","false","500","2500","0.5854381940038831"
"629","0","0.2","200","15","90","false","500","2500","0.07228807623357004"
"622","2","0.4","200","15","75","false","500","3000","0.4806924571314912"
"629","0","0.2","200","15","90","false","500","3000","0.06708702094926101"
"624","2","0.5","200","15","75","false","500","3000","0.5251637685286837"
"631","0","0.3","200","15","90","false","500","2500","0.06106497239429173"
"626","2","0.01","200","15","90","false","500","2500","0.356256679411702"
"631","0","0.3","200","15","90","false","500","3000","0.06725616812481149"
"633","0","0.4","200","15","90","false","500","2500","0.04650947513033237"
"633","0","0.4","200","15","90","false","500","3000","0.035996960246383464"
"626","2","0.01","200","15","90","false","500","3000","0.36081927154230814"
"628","2","0.1","200","15","90","false","500","2500","0.4597549326401695"
"635","0","0.5","200","15","90","false","500","2500","0.06244812180401946"
"628","2","0.1","200","15","90","false","500","3000","0.4848079974813899"
"630","2","0.2","200","15","90","false","500","2500","0.6425358946297702"
"635","0","0.5","200","15","90","false","500","3000","0.02961559066451276"
"632","2","0.3","200","15","90","false","500","2500","0.6359178309216734"
"630","2","0.2","200","15","90","false","500","3000","0.6065063806080625"
"632","2","0.3","200","15","90","false","500","3000","0.5719120893824163"
"634","2","0.4","200","15","90","false","500","2500","0.020384507581965795"
"636","2","0.5","200","15","90","false","500","2500","0.025876704079629134"
"634","2","0.4","200","15","90","false","500","3000","0.05343181630097125"
"637","0","0.01","200","15","100","false","500","2500","0.05464964552093651"
"636","2","0.5","200","15","90","false","500","3000","0.023834540321306576"
"637","0","0.01","200","15","100","false","500","3000","0.1116306476831104"
"639","0","0.1","200","15","100","false","500","2500","0.08239525284082734"
"639","0","0.1","200","15","100","false","500","3000","0.09163979977782116"
"641","0","0.2","200","15","100","false","500","2500","0.023139132137901804"
"641","0","0.2","200","15","100","false","500","3000","0.03542613066551433"
"643","0","0.3","200","15","100","false","500","2500","0.03833164176967249"
"638","2","0.01","200","15","100","false","500","2500","0.9894678973469384"
"643","0","0.3","200","15","100","false","500","3000","0.06219254130915908"
"640","2","0.1","200","15","100","false","500","2500","0.9857560112578893"
"638","2","0.01","200","15","100","false","500","3000","0.9903822466127289"
"645","0","0.4","200","15","100","false","500","2500","0.02747524759666769"
"640","2","0.1","200","15","100","false","500","3000","0.9850413065518637"
"645","0","0.4","200","15","100","false","500","3000","0.03220288272619649"
"642","2","0.2","200","15","100","false","500","2500","0.03817211583214715"
"647","0","0.5","200","15","100","false","500","2500","0.012892390269882915"
"644","2","0.3","200","15","100","false","500","2500","0.03707348029981354"
"649","0","0.01","200","15","10","false","500","2500","0.056014768000161426"
"647","0","0.5","200","15","100","false","500","3000","0.02697958224340138"
"642","2","0.2","200","15","100","false","500","3000","0.07834028007869433"
"649","0","0.01","200","15","10","false","500","3000","0.02031788853149762"
"644","2","0.3","200","15","100","false","500","3000","0.055592434766597296"
"651","0","0.1","200","15","10","false","500","2500","0.05728058916706078"
"651","0","0.1","200","15","10","false","500","3000","0.06469443915406467"
"653","0","0.2","200","15","10","false","500","2500","0.035097759776583484"
"646","2","0.4","200","15","100","false","500","2500","0.026539451312471405"
"653","0","0.2","200","15","10","false","500","3000","0.022051275679520938"
"646","2","0.4","200","15","100","false","500","3000","0.046852708197294105"
"655","0","0.3","200","15","10","false","500","2500","0.03545908633081619"
"655","0","0.3","200","15","10","false","500","3000","0.0287058266873712"
"648","2","0.5","200","15","100","false","500","2500","0.024644604984361575"
"650","2","0.01","200","15","10","false","500","2500","0.04521498834398161"
"652","2","0.1","200","15","10","false","500","2500","0.13872229260326777"
"657","0","0.4","200","15","10","false","500","2500","0.04920016790580943"
"648","2","0.5","200","15","100","false","500","3000","0.022202720547202414"
"657","0","0.4","200","15","10","false","500","3000","0.06152281747078231"
"650","2","0.01","200","15","10","false","500","3000","0.04140347800553879"
"652","2","0.1","200","15","10","false","500","3000","0.11895702785430137"
"654","2","0.2","200","15","10","false","500","2500","0.35886161286028"
"659","0","0.5","200","15","10","false","500","2500","0.0300281292453251"
"654","2","0.2","200","15","10","false","500","3000","0.3598513990401302"
"659","0","0.5","200","15","10","false","500","3000","0.022760033084839856"
"661","0","0.01","200","15","25","false","500","2500","0.06139685827256248"
"661","0","0.01","200","15","25","false","500","3000","0.052297971712728146"
"656","2","0.3","200","15","10","false","500","2500","0.31079387736374375"
"663","0","0.1","200","15","25","false","500","2500","0.038916081969233254"
"656","2","0.3","200","15","10","false","500","3000","0.3155854494729974"
"663","0","0.1","200","15","25","false","500","3000","0.07083153672099604"
"658","2","0.4","200","15","10","false","500","2500","0.25903888115528817"
"660","2","0.5","200","15","10","false","500","2500","0.3411617558362933"
"665","0","0.2","200","15","25","false","500","2500","0.031494526227207865"
"665","0","0.2","200","15","25","false","500","3000","0.04881352581551113"
"658","2","0.4","200","15","10","false","500","3000","0.27339585466842226"
"660","2","0.5","200","15","10","false","500","3000","0.33741767633923075"
"662","2","0.01","200","15","25","false","500","2500","0.035023896610621545"
"667","0","0.3","200","15","25","false","500","2500","0.06722390118937904"
"667","0","0.3","200","15","25","false","500","3000","0.030010922918527947"
"664","2","0.1","200","15","25","false","500","2500","0.24955892626481874"
"669","0","0.4","200","15","25","false","500","2500","0.06411931212890154"
"669","0","0.4","200","15","25","false","500","3000","0.04797418538292941"
"662","2","0.01","200","15","25","false","500","3000","0.03324419879975243"
"664","2","0.1","200","15","25","false","500","3000","0.258929780205992"
"666","2","0.2","200","15","25","false","500","2500","0.2754211718807743"
"671","0","0.5","200","15","25","false","500","2500","0.020730112801977583"
"671","0","0.5","200","15","25","false","500","3000","0.022665579700836373"
"666","2","0.2","200","15","25","false","500","3000","0.31713663523276653"
"673","0","0.01","200","15","50","false","500","2500","0.09086121986737007"
"673","0","0.01","200","15","50","false","500","3000","0.06328040991599879"
"668","2","0.3","200","15","25","false","500","2500","0.33474076875927206"
"675","0","0.1","200","15","50","false","500","2500","0.04038481686975062"
"668","2","0.3","200","15","25","false","500","3000","0.34737481321829244"
"675","0","0.1","200","15","50","false","500","3000","0.03463091481281706"
"670","2","0.4","200","15","25","false","500","2500","0.37333267483012994"
"672","2","0.5","200","15","25","false","500","2500","0.35390547867607314"
"670","2","0.4","200","15","25","false","500","3000","0.3519379665249381"
"677","0","0.2","200","15","50","false","500","2500","0.05118500981672454"
"672","2","0.5","200","15","25","false","500","3000","0.3508022824181399"
"677","0","0.2","200","15","50","false","500","3000","0.025777118736273023"
"679","0","0.3","200","15","50","false","500","2500","0.027149369009290113"
"674","2","0.01","200","15","50","false","500","2500","0.02482314319606315"
"679","0","0.3","200","15","50","false","500","3000","0.061269295769621555"
"681","0","0.4","200","15","50","false","500","2500","0.029644685223144587"
"676","2","0.1","200","15","50","false","500","2500","0.2035622271381517"
"681","0","0.4","200","15","50","false","500","3000","0.03768457775225082"
"674","2","0.01","200","15","50","false","500","3000","0.02850499145661162"
"676","2","0.1","200","15","50","false","500","3000","0.25323735250321466"
"678","2","0.2","200","15","50","false","500","2500","0.3640721920040391"
"683","0","0.5","200","15","50","false","500","2500","0.029649112096542755"
"683","0","0.5","200","15","50","false","500","3000","0.030865240913372526"
"678","2","0.2","200","15","50","false","500","3000","0.3549498943582689"
"685","0","0.01","200","15","75","false","500","2500","0.039424211682004065"
"685","0","0.01","200","15","75","false","500","3000","0.04335644716743574"
"680","2","0.3","200","15","50","false","500","2500","0.34031052311574495"
"687","0","0.1","200","15","75","false","500","2500","0.09943589330384557"
"680","2","0.3","200","15","50","false","500","3000","0.3464109138149165"
"687","0","0.1","200","15","75","false","500","3000","0.10126732023566874"
"682","2","0.4","200","15","50","false","500","2500","0.45512540571942217"
"684","2","0.5","200","15","50","false","500","2500","0.351051541636578"
"682","2","0.4","200","15","50","false","500","3000","0.45256015479932615"
"689","0","0.2","200","15","75","false","500","2500","0.03246419343166589"
"689","0","0.2","200","15","75","false","500","3000","0.04427889815475493"
"684","2","0.5","200","15","50","false","500","3000","0.3412461165952256"
"686","2","0.01","200","15","75","false","500","2500","0.10745678512988441"
"691","0","0.3","200","15","75","false","500","2500","0.017393360066899843"
"691","0","0.3","200","15","75","false","500","3000","0.024306204368936244"
"693","0","0.4","200","15","75","false","500","2500","0.016496013454787177"
"693","0","0.4","200","15","75","false","500","3000","0.029861131897660518"
"686","2","0.01","200","15","75","false","500","3000","0.14672558944514666"
"688","2","0.1","200","15","75","false","500","2500","0.36321915581774256"
"688","2","0.1","200","15","75","false","500","3000","0.3519276315051119"
"695","0","0.5","200","15","75","false","500","2500","0.019710553226892448"
"690","2","0.2","200","15","75","false","500","2500","0.3601454596372956"
"695","0","0.5","200","15","75","false","500","3000","0.04472998300316864"
"690","2","0.2","200","15","75","false","500","3000","0.3735286556187826"
"697","0","0.01","200","15","90","false","500","2500","0.10913469801298854"
"692","2","0.3","200","15","75","false","500","2500","0.5341578217931731"
"697","0","0.01","200","15","90","false","500","3000","0.1745792868636127"
"692","2","0.3","200","15","75","false","500","3000","0.5145686789350586"
"699","0","0.1","200","15","90","false","500","2500","0.05351286800796546"
"699","0","0.1","200","15","90","false","500","3000","0.06465093458234032"
"694","2","0.4","200","15","75","false","500","2500","0.5862162156565154"
"696","2","0.5","200","15","75","false","500","2500","0.5931363950841887"
"694","2","0.4","200","15","75","false","500","3000","0.5523134768242799"
"701","0","0.2","200","15","90","false","500","2500","0.03913020657811539"
"696","2","0.5","200","15","75","false","500","3000","0.5778434889803923"
"701","0","0.2","200","15","90","false","500","3000","0.06065404474243818"
"698","2","0.01","200","15","90","false","500","2500","0.4136597723394616"
"703","0","0.3","200","15","90","false","500","2500","0.03581203023690969"
"705","0","0.4","200","15","90","false","500","2500","0.04459494009789454"
"703","0","0.3","200","15","90","false","500","3000","0.04106161175611363"
"705","0","0.4","200","15","90","false","500","3000","0.02843872810864379"
"698","2","0.01","200","15","90","false","500","3000","0.43509336453254654"
"700","2","0.1","200","15","90","false","500","2500","0.6965102458217562"
"707","0","0.5","200","15","90","false","500","2500","0.016659551559776248"
"700","2","0.1","200","15","90","false","500","3000","0.6403393060215903"
"707","0","0.5","200","15","90","false","500","3000","0.03037952646647214"
"702","2","0.2","200","15","90","false","500","2500","0.6666542716563165"
"702","2","0.2","200","15","90","false","500","3000","0.6687872895859094"
"704","2","0.3","200","15","90","false","500","2500","0.622762520452971"
"704","2","0.3","200","15","90","false","500","3000","0.6296117775286998"
"706","2","0.4","200","15","90","false","500","2500","0.611223390833626"
"708","2","0.5","200","15","90","false","500","2500","0.023113070972900013"
"709","0","0.01","200","15","100","false","500","2500","0.10413624539360888"
"706","2","0.4","200","15","90","false","500","3000","0.5830807497383725"
"708","2","0.5","200","15","90","false","500","3000","0.02066601090103598"
"709","0","0.01","200","15","100","false","500","3000","0.08930097419648607"
"711","0","0.1","200","15","100","false","500","2500","0.018288700551022875"
"711","0","0.1","200","15","100","false","500","3000","0.01906539540292556"
"713","0","0.2","200","15","100","false","500","2500","0.029520742887728938"
"710","2","0.01","200","15","100","false","500","2500","0.9880295344708047"
"715","0","0.3","200","15","100","false","500","2500","0.04948801402038214"
"713","0","0.2","200","15","100","false","500","3000","0.04694856749436981"
"715","0","0.3","200","15","100","false","500","3000","0.029026576249075405"
"710","2","0.01","200","15","100","false","500","3000","0.9884656668534202"
"712","2","0.1","200","15","100","false","500","2500","0.9872462208635184"
"714","2","0.2","200","15","100","false","500","2500","0.020907108737162953"
"712","2","0.1","200","15","100","false","500","3000","0.9857162461058477"
"717","0","0.4","200","15","100","false","500","2500","0.014367980553883521"
"719","0","0.5","200","15","100","false","500","2500","0.043362291630884106"
"717","0","0.4","200","15","100","false","500","3000","0.018834926890881912"
"716","2","0.3","200","15","100","false","500","2500","0.01501480942661143"
"714","2","0.2","200","15","100","false","500","3000","0.04499488006364581"
"719","0","0.5","200","15","100","false","500","3000","0.029097744929275277"
"716","2","0.3","200","15","100","false","500","3000","0.024736044692778587"
"718","2","0.4","200","15","100","false","500","2500","0.02762207429173678"
"718","2","0.4","200","15","100","false","500","3000","0.013549637473538116"
"720","2","0.5","200","15","100","false","500","2500","0.023969170022652978"
"720","2","0.5","200","15","100","false","500","3000","0.019037091837656395"
