step,mean_risk_perception_mean,proportion_inference_mean,between_group_js_mean,mean_min_js_final_mean,mean_median_js_final_mean,mean_max_js_final_mean
0,0.0,0.0,0.0,0.0,0.0,0.0
1,0.15774717777777775,0.1082193412330623,0.008327928369122446,0.0028925962060659827,0.00609712616839618,0.015994062732905222
2,0.21261633333333324,0.2374571107891964,0.008724764670113969,0.002785259389146789,0.0066149951226377145,0.01677403949855749
3,0.22813156565656584,0.2623995069828735,0.009199854242366063,0.0031997830916037314,0.006490422047638476,0.01790935758785609
4,0.23041092857142856,0.2526038469468782,0.009584809878315918,0.0034662763401753648,0.006758219045580302,0.018529934249192203
5,0.224068435107376,0.22687438256190146,0.009834778346098116,0.003333555488911955,0.007348100120777662,0.018822679428604803
6,0.21586934841269836,0.19706623829142297,0.01002717552362546,0.003255792555783334,0.007321604461636564,0.01950412955345659
7,0.2073559560616516,0.17706140488309094,0.00967778006799828,0.0033119479930454397,0.007338859626065108,0.01838253258488441
8,0.19762134086284075,0.15182015420222278,0.00990837646272355,0.0035436228599215174,0.007169731150469516,0.0190117753777797
9,0.18997366295135257,0.13546310422151223,0.010021301286606502,0.004044107860622532,0.007385412243822687,0.01863438375537435
10,0.18761279074975948,0.124660034368664,0.01061329350223617,0.004054805625570316,0.00763303560262754,0.02015203927851069
11,0.19251979965642804,0.12548717451353822,0.011010670637385336,0.004270057093850188,0.008069390974370786,0.020692563843935103
12,0.2055309916204652,0.13380673468041665,0.010952394796017183,0.004375052098632363,0.008561667291500678,0.01992046499791863
13,0.22190862995811764,0.16143611639654426,0.011183034151547661,0.004082327459054585,0.00828390143119272,0.021182873564395698
14,0.24137051631028905,0.1903917370733016,0.011922807091249698,0.0046006570726057445,0.008816903658501145,0.022350860542642303
15,0.26022357551825637,0.22444470634189628,0.012285549151789173,0.004628474252922046,0.009205849626808489,0.02302232357563709
16,0.2781335141187788,0.25817858843683333,0.012488483191638866,0.004553284641551374,0.009356019206757639,0.023556145726607594
17,0.295544085074912,0.29374310148633664,0.012687361397893393,0.004453951473903135,0.009718183906496473,0.023889948813280618
18,0.3120296461300137,0.3325862779612568,0.012671062323753094,0.004427580236558954,0.009569620258445016,0.024015986476255316
19,0.32756651675380494,0.35925497162784414,0.012549428540042004,0.004649352526698887,0.009322574850404613,0.023676358243022597
20,0.34212750725976543,0.39893965322770203,0.013405585937345517,0.0053670554535277535,0.009633183024379124,0.025216519334129706
21,0.35461321756214265,0.4278165074970503,0.01362226426555721,0.005223200674322667,0.010002700967066807,0.025640891155282182
22,0.3659725006627038,0.45361028637809864,0.013890723397643696,0.004842201949917763,0.010245002473763306,0.026584965769250023
23,0.37663458074465583,0.47962151992161955,0.013973345625987564,0.004755236228397791,0.01059287222428166,0.0265719284252833
24,0.38586108590605495,0.5012099170321724,0.013963771627975146,0.004775601895894873,0.01038448506835774,0.026731227919672872
25,0.39526902789426105,0.5190963207147592,0.014190235928568896,0.004779573338217693,0.010552232223326359,0.027238902224162666
26,0.40355385875999455,0.5417047019078345,0.014794007302761618,0.004941720024781079,0.011150537114643897,0.028289764768859957
27,0.41170909999141153,0.5641320112142441,0.015481381507873091,0.00567321839571536,0.011443150559685674,0.02932777556821831
28,0.41982241534570436,0.5789626226749682,0.016211238870044387,0.00544799425489644,0.012674676928600923,0.030511045426635863
29,0.4269913012562343,0.5912627828340845,0.016202899451930687,0.005411098534030779,0.012892326396990101,0.030305273424771184
30,0.43403905766267836,0.6137336168972863,0.016380915498678837,0.005450572884417167,0.012663354750967925,0.03102881886065142
31,0.4405831497428897,0.6281661310480028,0.0168942011889826,0.005752987657223516,0.012298114561149766,0.03263150134857449
32,0.4463357369215295,0.6402467719936312,0.01768292246603377,0.00577030400070496,0.012576378191604728,0.03470208520579161
33,0.4516933907931819,0.6478768167848111,0.01790820607102441,0.006292835504588649,0.013308203850188565,0.034123578858296026
34,0.4567937252115601,0.6618989504975025,0.019079344137226017,0.006975419290991223,0.014363389338691716,0.035899223781995136
35,0.4623455615045519,0.6759900679816965,0.019913188786275977,0.007027086844500133,0.014352674776618024,0.038359804737709835
36,0.4668961913915704,0.686773644578838,0.019927624508613222,0.007434114792227804,0.014917864639859063,0.03743089409375284
37,0.4715412112056775,0.6869600595199931,0.02032217699932467,0.007143509541062381,0.015044039216711822,0.03877898224019984
38,0.4763401715129591,0.7037638128837403,0.020980223734686738,0.007510147920007001,0.015288855968881887,0.0401416673151714
39,0.4807321239611426,0.7136579490176806,0.021943029923143384,0.007172284292008871,0.016496796619554607,0.042160008857866714
40,0.48420258026463536,0.7196162475355216,0.021969664665086108,0.007345992671212991,0.01567082717313629,0.04289217415090909
41,0.48762912209375103,0.7249602728974363,0.02282574956879381,0.008019565710418602,0.017370847898111,0.04308683509785184
42,0.4910357999511989,0.7309092329297892,0.024201081484880992,0.008259655842800058,0.01877984061351993,0.04556374799832304
43,0.4945953226318096,0.7426205790822017,0.024880773685738822,0.008514934651099156,0.01882773295466662,0.04729965345145072
44,0.497571955436093,0.7460968672667698,0.02613286524592196,0.008762575916562479,0.019785488001228587,0.04985053181997491
45,0.5004060909624735,0.7528624667773086,0.02702330285990152,0.008822520166116033,0.020130462320936023,0.05211692609265257
46,0.5029316094654309,0.7565960569510864,0.02774044403692127,0.009419382466643662,0.021320766966362068,0.05248118267775815
47,0.5053507505394041,0.7605035664783895,0.029079800981103347,0.01047731386912762,0.021724369411212505,0.05503771966296997
48,0.5078823551723237,0.7723968223926896,0.03002384578447004,0.009946564694439662,0.021543643122450665,0.058581329536519844
49,0.5104801039328579,0.7669036010356387,0.030808885590793596,0.010810241431152192,0.022794417827019617,0.05882199751420906
50,0.512493104237154,0.7795868300732152,0.03148685111058605,0.01115848416859412,0.023467945390110014,0.059834123773054124
51,0.515009018006745,0.7816709608429885,0.03303217990757037,0.011727713378693246,0.024410959404447066,0.06295786693957085
52,0.5171862481579682,0.7809976886685008,0.03436436188794866,0.012714684025071926,0.02476054451580231,0.06561785712297181
53,0.5194142969131461,0.7887937032674185,0.03561234021325087,0.012654156084702578,0.025913280339612828,0.06826958421543725
54,0.5214792406134519,0.790129606625288,0.03653037376668517,0.012831342489489925,0.025755309650294538,0.07100446916027107
55,0.5235485016554461,0.7965206069226641,0.03809640442467126,0.013326538725679137,0.025854596935735375,0.07510807761259931
56,0.5254615412343688,0.803679369449718,0.03969736697623984,0.012951531703226547,0.027509575533762456,0.07863099369173056
57,0.5271860076654461,0.803621609719691,0.04092494304727954,0.013642677612658515,0.027441506801788976,0.08169064472739114
58,0.5290842842633368,0.8103005060417059,0.04200736299453151,0.012648908816849314,0.028660647000510624,0.08471253316623462
59,0.5306408678470131,0.8124543273151578,0.04376877393497427,0.014228776944480319,0.029786295555674604,0.08729124930476792
60,0.5322112144831175,0.8135332160354594,0.04438149600300456,0.013850050950319492,0.03160082766146506,0.08769360939722914
61,0.5336380131623996,0.8101187920003483,0.04607272852268177,0.014649128443427304,0.032135215903108034,0.09143384122151
62,0.5349676243534565,0.8191295999212793,0.04807593946117155,0.01648947146421203,0.03243177899553062,0.09530656792377205
63,0.5360986394075394,0.8188889998788067,0.05017867997348782,0.01615920608387278,0.035869866705537726,0.09850696713105299
64,0.5379085726144448,0.8236273494111981,0.051240189827716574,0.01679347502486072,0.03559695475530198,0.10133013970298704
65,0.5393082066625557,0.8221895516246653,0.05286297787307169,0.01674093544737183,0.03737446490501802,0.10447353326682524
66,0.5408015774763304,0.8235350216481663,0.0549073904793147,0.018058006011899257,0.03897253235129913,0.10769163307474576
67,0.54204350815955,0.8284725235099245,0.05498584899109614,0.018110822796134303,0.03876936049320092,0.10807736368395324
68,0.5432426771889436,0.8288885737851691,0.05613614414887799,0.01747866069956985,0.04028622009356063,0.11064355165350351
69,0.5445633689937825,0.8323113935702231,0.05871068650226146,0.019212675397839676,0.04291078514131011,0.11400859896763466
70,0.5457431491873915,0.8382088473851413,0.06087955719770752,0.02032935499372888,0.04324123254396819,0.11906808405542549
71,0.5465565969486851,0.8349628217590024,0.06102299737608799,0.020339842391815174,0.043346007440628914,0.1193831422958199
72,0.5475080779816466,0.8370320477230052,0.06361378646115076,0.021852027950399887,0.04553058712481629,0.12345874430823617
73,0.5486672736900738,0.8397599353214519,0.06644805820458007,0.021398351685293745,0.04701139126680824,0.1309344316616383
74,0.5499101592340901,0.8407223136477675,0.0677071288582088,0.02174717896427307,0.04829754464336341,0.13307666296698992
75,0.5507886220752275,0.8399315169846513,0.06905672846383931,0.021621015328141268,0.04868396871789713,0.13686520134547958
76,0.5517627024047488,0.8470550696579823,0.07273912843274707,0.022656054584413426,0.05156863088106623,0.1439926998327617
77,0.5527939397741454,0.8467916029549184,0.07534850448089439,0.022767885265380074,0.05196795456437644,0.1513096736129267
78,0.5536071493171807,0.8499225270047176,0.07631070720957157,0.02304146404328957,0.05260733283170292,0.15328332475372225
79,0.5544315442909831,0.8513368672168932,0.07759555225697844,0.0234418658924483,0.052441172127536496,0.1569036187509506
80,0.5553115841475641,0.852665084327547,0.08061891330139422,0.023481090618174345,0.054251010629305915,0.16412463865670243
81,0.5563938737153619,0.8529020144552455,0.08327691944326544,0.0241085065664591,0.056275532022280424,0.16944671974105682
82,0.5572102000008056,0.8556886827174616,0.08590683480484418,0.025076580945421294,0.0574080581555976,0.17523586531351365
83,0.5582146083021038,0.8562902472534096,0.08742565813793406,0.02468921745914573,0.05799773519519651,0.1795900217594599
84,0.5589697213006057,0.8553735861504193,0.08883924201089773,0.024785297930029045,0.0599822986749065,0.18175012942775762
85,0.5595834903873306,0.8577488257213349,0.09146614251600532,0.025304633008098983,0.06252011001823711,0.18657368452167986
86,0.5606543853357134,0.8591084431538857,0.09285568449663771,0.025169573843336842,0.06258063554846378,0.19081684409811248
87,0.5610972654439208,0.8579341747535901,0.09623027570572877,0.026792129348667357,0.06560787879705625,0.1962908189714627
88,0.5617731075423051,0.8601956974983916,0.09690462317661526,0.02600333670997677,0.06493478565713087,0.19977574716273816
89,0.5623600661780356,0.8586461128841295,0.10059424045622954,0.027266768854464076,0.06890095675484523,0.20561499575937933
90,0.56293090259489,0.8628124860958409,0.10296728323572334,0.02781745057870146,0.06919267555460426,0.21189172357386435
91,0.5635242447618457,0.8647675107799638,0.10717263435974413,0.028828253856915172,0.07365938539331808,0.21903026382899912
92,0.5643028834540019,0.865720581947805,0.10884728768998105,0.029097746129928256,0.07276133761367366,0.2246827793263412
93,0.5649176985726492,0.8615734496039804,0.11040200193609133,0.028423233430922953,0.07320329002727215,0.2295794823500789
94,0.5654743773462126,0.8685362214518025,0.11278047583655293,0.02836026629156145,0.07421606188183487,0.23576509933626247
95,0.5662959205742992,0.8624511624064318,0.11721040758857096,0.030475626853701532,0.07757466100991907,0.24358093490209232
96,0.5666612416126547,0.8686500534367482,0.11998913349429596,0.030007448662505494,0.07716513308650291,0.2527948187338795
97,0.5671518225783692,0.8660833921098233,0.12056857062761013,0.030522878545666276,0.07794275440619641,0.2532400789309677
98,0.5676940036198995,0.8695899578041569,0.12407374718250118,0.03127643268568982,0.08056014795846528,0.26038466090334844
99,0.5680551836223044,0.8685004011744445,0.12732770821228276,0.031424225361404524,0.08145463007778765,0.26910426919765607
100,0.5686983607393405,0.8709613895142362,0.1307806957923455,0.03353494195806408,0.08272468753141078,0.2760824578875616
101,0.5691511662479863,0.8734831406980369,0.1331207425899702,0.034727366002580244,0.08514801628768084,0.27948684547964947
102,0.5694862548296765,0.8677515090551674,0.13549486491753546,0.034409417138760466,0.08807238373766044,0.28400279387618543
103,0.5700721081691517,0.874413252471863,0.1399203898548025,0.03510635727644746,0.09124710219205502,0.293407710095905
104,0.5705698363056182,0.87401710320816,0.14216586743668047,0.036737200125879575,0.0907458237811436,0.29901457840301826
105,0.5710756063148713,0.872266035895025,0.14534058455408774,0.037225430121910166,0.09409259004390273,0.3047037334964503
106,0.5712687690825903,0.8729248919974117,0.14743564537339768,0.03883006871424451,0.09704778522337744,0.30642908218257114
107,0.5717478234815727,0.8720425947080437,0.1510695674252084,0.03966855132847213,0.09836666570012204,0.3151734852470311
108,0.5721929518046049,0.8745319259373185,0.15297180382851833,0.03913573175730951,0.09860286921590816,0.3211768105123373
109,0.5726476876338644,0.8783673862588517,0.1551496380195381,0.04047465317468227,0.09846560264836807,0.326508658235564
110,0.573001591643408,0.8771300749868782,0.15909989198253136,0.04145240745878144,0.10048809050784573,0.3353591779809669
111,0.5732102678656258,0.8778641226884135,0.16426014005322936,0.04421245031254657,0.10494757112199117,0.34362039872515027
112,0.5738569621036012,0.875020887434831,0.16554242397229563,0.04496612583063928,0.10677158237319324,0.3448895637130543
113,0.5744418761494344,0.8812725611975225,0.16836828871292164,0.04367534789460865,0.10749769428043537,0.3539318239637209
114,0.57488905072921,0.8811146738762285,0.16937199646403028,0.04365838019579602,0.1080143450145062,0.3564432641817886
115,0.5752417057158904,0.8805651650999654,0.1738664409482016,0.04513849313894825,0.10975538581098428,0.36670544389467213
116,0.5756486847145265,0.8766030612414732,0.17616609148420376,0.0462043146212812,0.11206658978965421,0.37022737004167594
117,0.5761176314710514,0.8789114357265534,0.17954504870058846,0.04701131309788208,0.11276855999756316,0.37885527300632016
118,0.5766907200953713,0.882008321536269,0.17995369625778318,0.04734867023044723,0.11296902047968213,0.37954339806322007
119,0.5770934067464066,0.8795448447874267,0.18476082482792888,0.04986912967115966,0.11615139874584816,0.3882619460667788
120,0.5773986298399497,0.8830663277633218,0.18703386184983362,0.04929172259035441,0.11727408859110883,0.3945357743680376
121,0.577741158358537,0.8845682406141812,0.18851914260226663,0.04911024288448419,0.11479133563476501,0.40165584928755066
122,0.5782494001773963,0.8821884529214638,0.1902973520352123,0.04994399299190019,0.11763431608068774,0.40331374703304906
123,0.5782880776445848,0.8852900344652029,0.19285922587482757,0.04996988113835874,0.12051775124878969,0.4080900452373343
124,0.5787034676889565,0.8831489975311586,0.19581106841590096,0.04991725437695889,0.1215796923835948,0.41593625848714916
125,0.5789547101292768,0.8826019929576099,0.19958891384650174,0.0513044915412019,0.1249185811528025,0.4225436688455008
126,0.5793285523632751,0.8870222789952272,0.20130525940164426,0.051256228305290356,0.1230103898512167,0.4296491600484257
127,0.5795934210270377,0.8874524976562076,0.20341004809550164,0.05182983246996362,0.12463487171333876,0.43376544010320245
128,0.579845027234723,0.8863283844794512,0.20520690037407824,0.0527854676027014,0.12656371016051216,0.43627152335902103
129,0.5802426493478755,0.8864737708896083,0.2092934897612865,0.053825594819655306,0.12542555626645888,0.4486293181977453
130,0.5806161041788954,0.8875622500242877,0.2138402233483679,0.054557825597704133,0.12771892716499383,0.4592439172824057
131,0.580793442221352,0.8873378626443563,0.21808063363989533,0.055597457705193386,0.13073381881077284,0.4679106244037198
132,0.5811440651717363,0.8913907274039737,0.22038139476067603,0.05494790104597605,0.13065829796765766,0.47553798526839436
133,0.5813674488793518,0.8872389951843476,0.22109096846196213,0.056258212580976,0.1329020542188063,0.47411263858610414
134,0.5813107666904825,0.8865975052026449,0.22484064112070115,0.05582167879297561,0.1361859705421833,0.48251427402694447
135,0.5815816591914041,0.8884417567419469,0.226978948779368,0.05951201862530827,0.13755982665061786,0.4838650010621778
136,0.5817172747509233,0.8898256723336642,0.23130062752979,0.05946017005453975,0.1418213369606333,0.49262037557419697
137,0.5820176979093825,0.8889937232776547,0.23375735728732447,0.06097720833675608,0.1409932711586204,0.49930159236659694
138,0.5821607694490444,0.8926337504236491,0.23683823370534623,0.062154221850968264,0.14392012410080662,0.5044403551642638
139,0.5823792586892886,0.8921844006247478,0.23738465162635836,0.0630856763562592,0.14275219839424377,0.5063160801285721
140,0.5826287185727878,0.893918140655799,0.2399077878974628,0.059340210727672614,0.14291968428861282,0.5174634686761029
141,0.5829173635583943,0.8915104885894691,0.24195895387359925,0.0604987564064808,0.14469917842113247,0.5206789267931844
142,0.5831618851006257,0.8905771835390148,0.24513165850275934,0.062253324954063445,0.14696697293731373,0.5261746776169008
143,0.5834053422309988,0.892194827397471,0.248153907142266,0.06306964359844387,0.15085211819611447,0.5305399596322397
144,0.5837123810000201,0.8943401942011796,0.2499098659698612,0.06393997263098569,0.1490685583783842,0.5367210669002136
145,0.584050361344545,0.894544502790126,0.25241596746614203,0.06265718600625798,0.15032515586568626,0.5442655605264818
146,0.5844201245722336,0.8957203555479585,0.25345802454533206,0.0628784073100251,0.1480173268394728,0.5494783394864983
147,0.5845911699760334,0.8969859515645334,0.2545637879270604,0.06320832679854967,0.14919183246130874,0.5512912045213227
148,0.5848249538293048,0.8951188454187375,0.25637935606099127,0.06433203722108953,0.15060519978094614,0.5542008311809382
149,0.5851719438651461,0.893906998683135,0.25988298815192074,0.06345759849647233,0.1523860421610518,0.5638053237982381
150,0.585221745306384,0.8956352417513174,0.26220495365738494,0.06395205495554318,0.15505218440157542,0.5676106216150363
151,0.5854060902208534,0.8952537215885369,0.26352176026971824,0.06686058860836974,0.1569670791387316,0.5667376130620532
152,0.5854319451922494,0.893114905287762,0.26681225791613994,0.06931292556363616,0.15848723013787358,0.5726366180469101
153,0.5859135096670157,0.8943162840972498,0.2689733191260873,0.06859830953558464,0.15752311424482215,0.5807985335978552
154,0.5861066762617338,0.8938745076621657,0.2683284389089303,0.0671246115951643,0.15641646267916928,0.5814442424524574
155,0.5863353373913427,0.89630493722275,0.269488693885039,0.06713604860155195,0.1553252799032122,0.5860047531503528
156,0.5864693719589169,0.896600748869622,0.27054567435831783,0.0673504461797496,0.156344725628997,0.5879418512662069
157,0.5867234189538169,0.8997918432637125,0.2713289960427606,0.06686111708585916,0.15420380363773792,0.5929220674046848
158,0.5869388038865055,0.9014321448046618,0.2724433331822913,0.0661791090340224,0.15604779921596465,0.5951030912968868
159,0.5871841883398523,0.8989124364911085,0.27680233751891914,0.06740628344910826,0.15965148597919424,0.603349243128455
160,0.5875037199737982,0.8997021267881865,0.2791265213692187,0.06854130415390326,0.1615290557381718,0.607309204215581
161,0.5877218383637837,0.9011372938709735,0.2827083314341404,0.06857844678024053,0.16375179504854617,0.6157947524736347
162,0.5878469649734634,0.9021208325850858,0.2806270938693166,0.06540281471871835,0.1603413034771514,0.6161371634120801
163,0.5881280215413726,0.9045761878624238,0.28416015490711394,0.06688668424540921,0.1620843595368006,0.6235094209391321
164,0.5882206701450613,0.9044365172671063,0.2858185680519805,0.06800699983810936,0.16376690635267926,0.6256817979651531
165,0.5883122150508394,0.9023089569895623,0.28835690798872987,0.06967290794118858,0.16325424227621393,0.632143573748787
166,0.5885345079132682,0.8984585098712345,0.2886551909060175,0.06909263100786779,0.16419296529247476,0.6326799764177101
167,0.5887676579042798,0.9004587542454198,0.2917707259725389,0.06822919299385735,0.16574411340871398,0.6413388715150454
168,0.5888267585963568,0.9017697456980825,0.2930308999537595,0.06984599214841307,0.16513973647774474,0.6441069712351207
169,0.5889225480416512,0.9006057887847068,0.29343721617707746,0.07005288279325986,0.16707964494306207,0.6431791207949105
170,0.5891641311322756,0.9023133677059156,0.2961387260873739,0.07067966401081247,0.1679683653513621,0.649768148899947
171,0.5892547727940787,0.9016313441243337,0.2963611334893624,0.0707980122320355,0.16774556802828813,0.6505398202077635
172,0.5894082090482289,0.9011741231428928,0.3008606301069076,0.07082045656461684,0.1695578241107301,0.6622036096453758
173,0.5895967149898532,0.9012337198098519,0.3008731428188057,0.07160012879053605,0.16942281953062968,0.6615964801352514
174,0.5896631083335957,0.9011212955051093,0.30131757366528195,0.06996597089749547,0.17096551233053317,0.6630212377678172
175,0.589762850614276,0.903483218035379,0.3023608597842911,0.07239194853089162,0.17045062805807254,0.6642400027639092
176,0.589881619253806,0.9035514463905524,0.3029980479765344,0.07131414889124563,0.16833072667416385,0.6693492683641936
177,0.5900125957080461,0.9066650654736618,0.3034522384145335,0.07196200085115016,0.16932471930909646,0.669069995083354
178,0.5901905203332031,0.9044973869680122,0.304266969241034,0.07063776963731556,0.17106947931761013,0.6710936587681764
179,0.5903119112803484,0.9045878045806416,0.3043054315863173,0.07081244412200284,0.1695089498392945,0.6725949007976546
180,0.590492004509483,0.9063209303963277,0.30413453571305066,0.07115836531625777,0.1690429505433867,0.6722022912795076
181,0.5906802640553691,0.907899626287067,0.3065775510842778,0.07142755062501238,0.17289422740642565,0.6754108752213954
182,0.5909036821958694,0.9028764362660944,0.3078197440616067,0.07203253263046812,0.1761207648921883,0.6753059346621638
183,0.5909379208378139,0.9056444964575459,0.3079563719256072,0.07355125949517312,0.17590187140968352,0.6744159848719649
184,0.5910428971731189,0.9101286746972896,0.30681091500708313,0.0724546206285233,0.17456707169527638,0.6734110526974497
185,0.5909779941756964,0.9048679378240941,0.3094385023917753,0.07217225573181289,0.17594867581157547,0.6801945756319374
186,0.591119859508052,0.9032891102150824,0.3098637243369886,0.07290976425637923,0.17713954012212382,0.6795418686324628
187,0.5911917422671514,0.905999641891288,0.31178075803573585,0.07356099577908183,0.17910376962610344,0.6826775087020223
188,0.5912079893160036,0.906720593389161,0.31170121362455205,0.0740661443909421,0.18050288685900712,0.680534609623707
189,0.5912577404915927,0.9078637394377609,0.3112738079729962,0.07285331687345915,0.17790593627865015,0.6830621707668793
190,0.591269572629736,0.9072281108754802,0.311044544276509,0.07192088631222715,0.1780115617238808,0.6832011847934191
191,0.5914519667081405,0.9061313517686421,0.31254633702152496,0.07205978956764961,0.17592596324005283,0.6896532582568723
192,0.5915837538666207,0.9092194752125785,0.31313977088294404,0.07210405046315274,0.1786510627645656,0.6886641994211138
193,0.5915970178380925,0.9055382133442912,0.314234587899337,0.07125618971983647,0.17646948181606342,0.6949780921621111
194,0.5917173038955895,0.9098497576219439,0.3159762340168042,0.07217608021329817,0.18286556612089552,0.6928870557162188
195,0.5919028284171873,0.9097066386435165,0.3148509628479111,0.07253164512341438,0.18387447001139642,0.6881467734089224
196,0.5919886488285607,0.9088896588936602,0.3134445191129871,0.07183210721961117,0.1831154589657299,0.6853859911536203
197,0.5920486661434501,0.9059989344517674,0.3138484370149223,0.07169491117575418,0.18272236367282713,0.6871280361961856
198,0.5921429720845128,0.9087184594290482,0.3159773927077235,0.07439568485481837,0.1840014306312584,0.6895350626370937
199,0.5922342084277503,0.9063144689336998,0.3188433012421467,0.07308004184714857,0.18453236521311034,0.6989174966661812
200,0.592415015694055,0.9098509870085913,0.3190908622011278,0.07606966882379648,0.1833902467235113,0.6978126710560758
201,0.5924706280409885,0.9078568121289968,0.3185347335350314,0.07669938081619175,0.1835432890059971,0.6953615307829054
202,0.5924575120496177,0.9085429230819633,0.3184000638669967,0.07576549714890114,0.18251909233893168,0.6969156021131574
203,0.5925784700666146,0.9077198494325042,0.31825260122644405,0.0744967940559823,0.18345425841053706,0.6968067512128129
204,0.592653514898639,0.9070403579990286,0.32099831401875795,0.07575098307478872,0.1819732518572804,0.7052707071242047
205,0.5927967260584224,0.91020769252908,0.32221987493012233,0.07600910652454985,0.18575305656128827,0.7048974617045289
206,0.5930130247216215,0.9075605792454249,0.32161457578481745,0.07561931959691401,0.18229821958738637,0.706926188170152
207,0.5931765741162727,0.9075322755976225,0.32347213264524666,0.07650810076982222,0.18552272829398533,0.7083855688719324
208,0.5933851264508848,0.9086887246366958,0.32343866519541586,0.07791556371248422,0.18271781388162775,0.7096826179921357
209,0.5935076175902306,0.90959250182644,0.32374311008120304,0.07773356118539279,0.18368286015215868,0.7098129089060576
210,0.5935247505759341,0.9083911188023766,0.3252513359563241,0.07606963685991172,0.18204686900252529,0.7176375020065353
211,0.5935790717375053,0.9090093234798571,0.3243241245894338,0.07757116600066531,0.18418485789655895,0.7112163498710772
212,0.5935366608009853,0.9111946825420143,0.3266239527915841,0.07818282658200655,0.18413874423256688,0.7175502875601789
213,0.5937248174021726,0.912428023456238,0.32836183425178567,0.07812841887057523,0.1850062414142096,0.721950842470572
214,0.5937183652785422,0.9131617863070561,0.32748736140800183,0.07975383525564955,0.1829350342849665,0.7197732146833894
215,0.5937786995711443,0.91140459666587,0.32707657040970256,0.07876894103066572,0.1849450379897564,0.7175157322086856
216,0.5938428318351313,0.9104572925412092,0.32661005271756943,0.07824151039506058,0.18499908953432798,0.7165895582233197
217,0.5938614307171106,0.9104763155311544,0.33007733544875756,0.07787649503817516,0.18490114091805193,0.7274543703900456
218,0.5938258051551313,0.912103771134086,0.3290099377481622,0.07801193464036622,0.18379168225530024,0.7252261963488201
219,0.5938231577936146,0.9117660913157724,0.32909144768133075,0.07878707491055495,0.18688331458357438,0.7216039535498627
220,0.5938635658460094,0.9128236537045786,0.3294591112067852,0.07776774304131322,0.18743919196261144,0.723170398616431
221,0.5939736182316268,0.9139754789731533,0.3335460342184227,0.07775391701534638,0.18767058062242753,0.7352136050174942
222,0.5940975056786592,0.9132171497397341,0.3320288711115571,0.07468057769705647,0.1891817119140957,0.7322243237235192
223,0.594191716810814,0.9122118289025006,0.33118156917781005,0.07532312392009334,0.18672422057737847,0.7314973630359584
224,0.5942118415523152,0.9116970262654911,0.3318978706991269,0.07437220806609031,0.18615877497701933,0.7351626290542711
225,0.5942948540453897,0.9113886944768532,0.33326586940475866,0.07536387197022283,0.18577746052116872,0.7386562757228842
226,0.5943622937809168,0.9149670514683287,0.3348629505748333,0.07650942980405237,0.18670784478459446,0.7413715771358531
227,0.5945285763434502,0.9154292620766966,0.33529258932741135,0.07462407976472624,0.18789015738119547,0.7433635308363122
228,0.5946511352897103,0.9101777256449611,0.33645729353192116,0.075639023330313,0.18648015925200018,0.7472526980134503
229,0.5946171997561815,0.9152321538461953,0.33614600495907815,0.07474340850118576,0.19105719599395482,0.7426374103820937
230,0.5947724057328962,0.9165149365436366,0.33429542857736205,0.07412600278476057,0.19091773915026755,0.7378425437970579
231,0.5948465707262011,0.9121304104440634,0.3359996720945238,0.07368825384683761,0.18755714818265393,0.7467536142540797
232,0.595088291097295,0.9142185654451214,0.3372970574359388,0.07425397150494692,0.1889790819962245,0.7486581188066449
233,0.5951001456867518,0.9153693064052953,0.33924177091060753,0.07374536086687565,0.19162039126615868,0.7523595605987882
234,0.5951497580577527,0.914925084606523,0.3371375187695559,0.0735707338691053,0.18903156013248085,0.7488102623070816
235,0.5952445370864026,0.9120897530499729,0.3373882421503777,0.07486081937988764,0.19041350403979168,0.7468904030314538
236,0.5952871799247956,0.9147152706733191,0.3391661245394934,0.07369740485595284,0.1919454056474176,0.7518555631151098
237,0.5953968228621834,0.9149580614424757,0.3398088988662409,0.07270107325904158,0.19183888622141823,0.7548867371182628
238,0.5953984384808089,0.915251328301724,0.33923303962176565,0.0736373168740965,0.19176669196373622,0.7522951100274642
239,0.5954005433579004,0.9166494340095319,0.3397419631386386,0.07445153263690436,0.1938934915980403,0.7508808651809711
240,0.5954258759592724,0.9151850980610006,0.34054653004474184,0.07230627945779558,0.1921677383322535,0.7571655723441763
241,0.5955734958353276,0.9131592489231628,0.3388125361929649,0.0718932730630783,0.19456834976215934,0.7499759857536572
242,0.5956193396866227,0.9148404394278039,0.3394857075304241,0.07466201068157544,0.19457473383044602,0.7492203780792509
243,0.5957227534270404,0.9178611217515389,0.33901624189396606,0.07133442255815002,0.1907258296570093,0.7549884734667388
244,0.5957979068152233,0.916210044524401,0.34044443265701047,0.07257004547890175,0.194898858836712,0.7538643936554176
245,0.5958738996092677,0.9160090872535303,0.33963891435771754,0.0718529952281449,0.1923343996703102,0.7547293481746976
246,0.5959097566864638,0.9170905889010661,0.3402188286553787,0.0720178292237086,0.19560748416987986,0.7530311725725477
247,0.5959751061118356,0.9152476265478247,0.3404071400086445,0.07212156445418842,0.19310263486104212,0.755997220710703
248,0.5960996438252716,0.920044748607665,0.34119663491417906,0.07255622865786665,0.1941615322556502,0.7568721438290203
249,0.5961599878000308,0.9153676432882976,0.3412533016198244,0.07316438204299552,0.19408897641360492,0.7565065464028728
250,0.5962263793891115,0.9186164409162865,0.34100636629276004,0.0753546230729549,0.19208389037507154,0.7555805854302537
251,0.5962088746308003,0.9149466197175627,0.3422659738441486,0.07536212987082297,0.19309336810128144,0.7583424235603413
252,0.5962469107186811,0.9204734312024647,0.3418243943331883,0.0756425848533568,0.19217193675829192,0.7576586613879162
253,0.5962729913593171,0.9157150358841801,0.3439229981730438,0.0763871484274572,0.19357303303262033,0.7618088130590538
254,0.596305484109923,0.9175386333265835,0.3429625588434137,0.07722121030257795,0.19657978393844677,0.7550866822892164
255,0.5964337618410608,0.9152373565918899,0.34323090042174426,0.07565532132581333,0.19591039402092433,0.758126985918495
256,0.5965538707814894,0.9167179251394394,0.3415114020984333,0.07388464322685563,0.19561515401763743,0.7550344090508069
257,0.596569302457431,0.9145727055409568,0.34615667158415275,0.07497909607996295,0.19729908383542388,0.7661918348370717
258,0.5966664594588837,0.9152457219347825,0.3467194883043046,0.07482219280317381,0.19470362079699824,0.7706326513127417
259,0.5966823479780299,0.9180485130104514,0.3460989411942697,0.07592589077721466,0.19657919407743799,0.7657917387281565
260,0.5966991947607828,0.9186442320089719,0.34713309278233295,0.07653808221572282,0.19785029702391582,0.7670108991073602
261,0.5967943473618388,0.9201525943288255,0.34823170372382195,0.07602795664989594,0.1985022986491736,0.7701648558723964
262,0.596851934314506,0.9158567767673665,0.34919394021426187,0.0783371233349322,0.1951121121384774,0.774132585169376
263,0.5969022798202487,0.9196329817285871,0.34824778753428254,0.07662243986490376,0.19542187209218329,0.7726990506457605
264,0.5969769246447771,0.9186409455249707,0.34974204501589146,0.07602560197416977,0.19717510868259774,0.7760254243909069
265,0.5970421549548303,0.9214318411960292,0.34905913209331413,0.0760106114699304,0.19820428961532827,0.7729624951946835
266,0.596948790531669,0.9189670985155581,0.3491187139376792,0.07754483196444298,0.19780669169348555,0.772004618155109
267,0.597003345369816,0.9165794132786369,0.34725214622296335,0.07797273674980305,0.19749779218402058,0.7662859097350663
268,0.5970169263663199,0.9203239555278613,0.3469139270293046,0.07563433605992524,0.19726453574791877,0.7678429092800698
269,0.597033673027863,0.9157417629611031,0.34950964355544245,0.07698807132877532,0.1988251018098025,0.7727157575277496
270,0.5971681286609002,0.9225044636708339,0.3487699723556147,0.0752894987511901,0.19708042899894193,0.7739399893167119
271,0.5971675109022349,0.9165644078005465,0.34859666918720295,0.07639598960327286,0.1952369818577016,0.7741570361006344
272,0.5971923845725471,0.920615117881236,0.3452772870069574,0.07737107667837666,0.19355586791668675,0.764904916425809
273,0.5972473763218992,0.9234799589790476,0.3470160283048255,0.07990431703682262,0.19509643403180185,0.7660473338458521
274,0.5972239976572314,0.9187809773325056,0.3460162305878551,0.07801393462068759,0.1922601786308488,0.7677745785120287
275,0.5971890318539227,0.9183224413292781,0.3479908776560706,0.07724669686136276,0.19542041598205132,0.7713055201247978
276,0.5971557470524335,0.9195127254361092,0.3486764003915682,0.07822265500892177,0.1984479419831941,0.7693586041825887
277,0.5972506274294836,0.9182945996173013,0.34954873581493046,0.07924245589823378,0.19776733324196405,0.7716364183045934
278,0.5973570065666166,0.9185234850700174,0.34939022133704684,0.07917420446685923,0.19738854288281554,0.7716079166614657
279,0.597359007023237,0.9214665129874376,0.34903328830365954,0.07943012546883282,0.1965053680405199,0.7711643714016259
280,0.5972736720425992,0.9152683349017756,0.34982482079213734,0.07938594261244104,0.19970790120503346,0.7703806185589375
281,0.5972654112440453,0.9159586579032791,0.3498886397952911,0.07777245293435116,0.1974421712893902,0.774451295162132
282,0.5972403129822444,0.919767950381598,0.3508685794902053,0.07901059173993238,0.19887935517383168,0.7747157915568518
283,0.5972459749358425,0.9190360912540602,0.3494019415021441,0.07779904086534899,0.19514961060082053,0.7752571730402628
284,0.5972772915510717,0.9203069131830384,0.35003353478807964,0.07830532166153663,0.19684282910607934,0.7749524535966229
285,0.5972438134327516,0.9203147802939784,0.3492568755215695,0.07695681395653195,0.19695237779458974,0.7738614348135867
286,0.5972408248928701,0.9217184892714824,0.3477231890936127,0.07619346482609006,0.19734148031045703,0.769634622144291
287,0.5972180855256954,0.9189989677016988,0.34988886639297473,0.07801295768443563,0.19789960938630735,0.7737540321081811
288,0.5972402009022286,0.9176910066937354,0.34975126096039094,0.07751532426099704,0.1963983447364834,0.7753401138836924
289,0.5972683260326008,0.9213443722679646,0.347916176359792,0.07674160539494433,0.19713763761862627,0.7698692860658053
290,0.597283936031038,0.9219390087098973,0.34791630474316537,0.0753350331135071,0.19440290411460712,0.7740109770013819
291,0.5973428757076892,0.9197141944285915,0.34948774555021705,0.07648284774376628,0.19738260156764478,0.7745977873392401
292,0.5973275210226028,0.9194435292159613,0.34654994625301266,0.07642956691489572,0.19551052373865357,0.7677097481054888
293,0.5974181470484826,0.9207824287211669,0.3487994129003467,0.07771071052450873,0.19771254621448384,0.7709749819620476
294,0.597471758352943,0.9206411575543404,0.3490862906753326,0.07888575591069703,0.1980179435901371,0.7703551725251637
295,0.5975463378488943,0.9202427554301664,0.3505793869015454,0.07963674819245678,0.1984761850953451,0.7736252274168344
296,0.5975898591920007,0.9236183860965442,0.3485484180864818,0.07817943386214535,0.1974297577568166,0.7700360626404834
297,0.5976269685130104,0.919293587840043,0.346854522403842,0.0775245770592634,0.1975050994216097,0.7655338907306528
298,0.597722373645291,0.9221915065173126,0.34876639532542847,0.07790799561526125,0.19972667261377636,0.7686645177472475
299,0.5977682928615887,0.9205944389818187,0.34745350619784277,0.07833906617770481,0.1983803925811771,0.7656410598346464
300,0.5976985924765683,0.9210725399191023,0.34807314252778243,0.07767294110823499,0.19843425756703856,0.7681122289080736
301,0.5977076032911075,0.9195201853380136,0.3514621828222713,0.07972654251842339,0.20006878103748613,0.7745912249109044
302,0.5976937619353089,0.9210901367182349,0.3500513328536672,0.07887314301864586,0.20094362343065245,0.7703372321117034
303,0.5976515716592146,0.9194635407765529,0.3502048996955262,0.07933496748123363,0.19629164279716288,0.7749880888081822
304,0.597621259981387,0.9207055982946828,0.3494575877907791,0.07666232634026529,0.19891084104070209,0.7727995959913699
305,0.5976213412805931,0.9220386475061984,0.3477372063028315,0.0781156832705593,0.19771681376796177,0.7673791218699734
306,0.5976334434263868,0.9235385828212929,0.3475106676800381,0.07731209839181702,0.19791941276717406,0.7673004918811231
307,0.5977449526056062,0.9169812222809224,0.35226566803872644,0.07705174544004671,0.20179939364193264,0.7779458650341998
308,0.5978119725296221,0.9205033056247868,0.35495187205678996,0.07760538800964695,0.2015466611315476,0.7857035670291754
309,0.5978723317570763,0.9213824837326341,0.3522656840426267,0.07764019844568751,0.20076278385662613,0.7783940698255662
310,0.5978967636860403,0.925826028742107,0.3515427834750862,0.07574727878537352,0.20122316814141014,0.7776579034984751
311,0.5978470113500126,0.9211833991522769,0.3528895503846291,0.07855762069852348,0.20120973653955143,0.7789012939158123
312,0.5977869143456964,0.9222636133766879,0.3534927440730194,0.07902650737167558,0.20081026653335685,0.7806414583140258
313,0.5977461319727702,0.9261807393635896,0.3526635320561439,0.07799509044018196,0.20155500489584835,0.7784405008324016
314,0.5977601102818448,0.9212902051588647,0.3549534297566907,0.07790011446326464,0.2028040749410313,0.7841560998657761
315,0.5979064732525233,0.9223700042347925,0.3552145717122908,0.07660857276515826,0.20368900052502556,0.7853461418466885
316,0.5979728568791753,0.9253611833510894,0.3556216724713405,0.07676613925446125,0.2007705677394802,0.7893283104200801
317,0.5979484211863092,0.9231310059654966,0.3575652721504096,0.07736859761387678,0.20028845412128835,0.7950387647160636
318,0.5980285634157405,0.9215899796961448,0.3567342789747163,0.07637385914984941,0.2017080656497809,0.7921209121245186
319,0.5980730364310655,0.9192683336843841,0.357353030986001,0.07758171213647345,0.20275805690061371,0.7917193239209159
320,0.5980853183190832,0.9230616358896016,0.355974308249083,0.07787664602449988,0.20602151413360942,0.7840247645891396
321,0.5980870316805518,0.9217257351932773,0.3554434304126468,0.07484913639461,0.20556438833245047,0.7859167665108799
322,0.5981453960423136,0.921540276285456,0.35664813545493873,0.0782499195399397,0.2034531526055582,0.7882413342193183
323,0.5982059604769672,0.9252277612319516,0.35634722818294257,0.07651242965164613,0.20873951894132103,0.7837897359558605
324,0.5982616757235569,0.9226253467797314,0.35448970454947887,0.07520673368050403,0.20808925156633418,0.7801731284015984
325,0.5982805417684989,0.9246077302146541,0.35361947894175005,0.07632877421725584,0.20858565416885713,0.7759440084391371
326,0.598247525882813,0.924497732935633,0.3550288707044245,0.07643896055679424,0.20488533664017197,0.7837623149163073
327,0.5982095267146132,0.9242588634892424,0.35481574825066775,0.0745085416087165,0.20588952975878969,0.7840491733844971
328,0.5981877924887274,0.9226867213378853,0.35283185675941003,0.07583614656442522,0.20489234659653066,0.7777670771172743
329,0.5982677450184347,0.9254309784894302,0.3537595169695758,0.07659103192961464,0.20721596048485696,0.7774715584942559
330,0.5983431604400659,0.9234889766383358,0.35314313274075854,0.07490422063022181,0.20570460780336539,0.7788205697886885
331,0.5982673174681942,0.9224331595654452,0.35520220446186074,0.07428334370461999,0.21002028940853412,0.7813029802724281
332,0.5982543340818567,0.9252771970365584,0.35682556171777224,0.07381517197432798,0.20613086377183912,0.7905306494071496
333,0.5982798409969375,0.9233933682647387,0.3583105080852304,0.07471251707229078,0.20734038090897383,0.7928786262744266
334,0.5982848042479437,0.927919258428726,0.3561845181679319,0.07399393543077727,0.2070608823871039,0.7874987366859145
335,0.5983102442645859,0.9262449696441003,0.3536693499285785,0.07392478940861631,0.2031330099315744,0.7839502504455448
336,0.598364335806938,0.9240319393887282,0.3568280777449136,0.07424336719449132,0.20826567647748273,0.7879751895627667
337,0.5984180838133675,0.9211754634226341,0.35832276421624315,0.07607337423518176,0.20984354899879856,0.7890513694147491
338,0.5984225861861446,0.9238296691609519,0.3587964701206612,0.07355540412304963,0.2115836283435123,0.7912503778954216
339,0.5984084873263968,0.92111688151768,0.3589263577667266,0.07364646698861442,0.20968288473648605,0.7934497215750793
340,0.5984096631330144,0.9268459205022348,0.35727470210799084,0.07323389913056275,0.20958946870772574,0.7890007384856841
341,0.5983989097513618,0.9254373191873472,0.3584655966545742,0.07266307932581607,0.20995595411489054,0.7927777565230161
342,0.5983425784157167,0.9237186118880333,0.3595985261422258,0.07319541906118365,0.21105589774653002,0.7945442616189636
343,0.5983608305050159,0.9260378513585338,0.3591746498491538,0.07435991541584622,0.20878874042061302,0.7943752937110024
344,0.5984028276190073,0.9243786712607617,0.3592248553154025,0.07391369355079425,0.20919765936308998,0.7945632130323231
345,0.5985111188598741,0.9231067614197638,0.3567579247153079,0.07444614093481962,0.20541970829175119,0.7904079249193529
346,0.5984909456338036,0.9244729022299585,0.35806860486236314,0.07388971940813176,0.2087338514021355,0.7915822437768223
347,0.5985965575468195,0.9233613704128895,0.3575738546818225,0.07316657423257292,0.2058874870452736,0.7936675027676209
348,0.5985549654451975,0.9249666984016177,0.3567579121965259,0.07499700269720616,0.20412169229632637,0.7911550415960451
349,0.5985361788987829,0.9253399507917751,0.3571839301522013,0.07238683650279074,0.2060922821355406,0.7930726718182726
350,0.5986092586310454,0.9274201275860355,0.35712145827365543,0.0727667950163792,0.20735769596315648,0.7912398838414305
351,0.5985987890465366,0.9247453254530453,0.354059929519375,0.07063418659885813,0.20471537460568706,0.7868302273535799
352,0.5986312798527679,0.9245254088238899,0.35621935308187597,0.07186127520748317,0.20586144306818324,0.7909353409699614
353,0.5986160850762744,0.9237629114733983,0.3569029473734486,0.07109437220780322,0.2048206260863365,0.7947938438262059
354,0.5986086819843541,0.9268976348123218,0.3572548162975134,0.07225302565544164,0.20645924591155662,0.7930521773255419
355,0.5987152061641265,0.9268460788050026,0.357528211811696,0.07285832945208168,0.20353100152629158,0.7961953044567146
356,0.598767208343023,0.929778240952542,0.3561984412098672,0.07382778711742376,0.20659446885847815,0.7881730676536998
357,0.5987646939489032,0.9281609626987363,0.35414424524623117,0.0728334687556931,0.2063652525592059,0.7832340144237945
358,0.5988149776500192,0.9257946254326951,0.35468909566772205,0.07317124108115816,0.20517684436720637,0.7857192015548016
359,0.5988119519435806,0.9239986301091225,0.3584368219156367,0.07296655559816217,0.20911043334057275,0.7932334768081749
360,0.5987995484222173,0.9257632154380815,0.3574204546993968,0.07293980920998325,0.20785369375988524,0.7914678611283219
361,0.5988156117098801,0.9255399877525059,0.3550571686063126,0.07390369391043286,0.20336428855294536,0.7879035233555597
362,0.5987785281807441,0.9232031800369974,0.356529073703726,0.07421942079795474,0.2068094821907425,0.7885583181224808
363,0.5987965112004642,0.928043821160511,0.3550383323849166,0.07388556124847827,0.20641905774129868,0.7848103781649729
364,0.5988543278413292,0.9275165988106212,0.3599422014386921,0.07471343266279235,0.20672283735383673,0.7983903342994473
365,0.5988438074985699,0.926629867378999,0.35894524075318807,0.07639217820975495,0.20669369578066624,0.7937498482691429
366,0.5988641160706152,0.9264485748914404,0.35809133221445183,0.07658393157712237,0.20533136438643065,0.7923587006798025
367,0.598889418398108,0.9290748939696738,0.35722339478695664,0.07662716803521885,0.20511654223099418,0.789926474094657
368,0.5988723743065762,0.9266660779897232,0.35893987562282975,0.077236781530639,0.20573128342919433,0.7938515619086559
369,0.5988372252453684,0.9309455618933146,0.3587436752796272,0.07582880032494835,0.2080106891872743,0.7923915363266588
370,0.5988254381557782,0.9258416661195779,0.3594986451551752,0.07560603762972053,0.21145897642041375,0.7914309214153915
371,0.5988333346436119,0.9260253109986653,0.35822284234600243,0.07553114152562702,0.21112916645429633,0.788008219058084
372,0.5988717700828303,0.9262727384383215,0.35853852313090473,0.0737612377853595,0.20792444276716182,0.7939298888401929
373,0.5989383227156985,0.926006498578132,0.35654144931047405,0.07477366433842562,0.20597111486441502,0.7888795687285816
374,0.5989232997380699,0.9289279046139522,0.3567903727085228,0.07485241170207128,0.20720034417729688,0.7883183622462002
375,0.5989393141486989,0.9232406375027803,0.35557297871585936,0.07430760442892438,0.20762193533689677,0.7847893963817572
376,0.5989616967787034,0.9277868922465214,0.35452991540669493,0.0745588432194397,0.2058207385356909,0.7832101644649542
377,0.5989335520066408,0.9265121322828347,0.3583859176534884,0.07427848686108016,0.20490488726346098,0.795974378835924
378,0.598973206618986,0.9259894231857037,0.35979314461849476,0.07450065932749302,0.20850441573691833,0.796374358791073
379,0.599026888375266,0.928162729916404,0.360201448496096,0.07355623350546042,0.21044079396677368,0.7966073180160538
380,0.5990759532244819,0.9276735127656792,0.35966515490402223,0.07153782547546635,0.21142835500485874,0.7960292842317417
381,0.59910236618247,0.9268932435480768,0.3617912354573277,0.07062679145303237,0.21270123411031475,0.8020456808086361
382,0.599053587297598,0.9281912313876355,0.362451838670447,0.07309931221342673,0.21147519448744295,0.8027810093104714
383,0.5990279811361444,0.9265691211342769,0.3612652561893256,0.0737477560358426,0.21052969256209908,0.7995183199700351
384,0.5990292304929007,0.9272087885567087,0.3607313007727215,0.07409971494237354,0.21004335520275214,0.7980508321730386
385,0.599041604127796,0.9305946811298155,0.3576124076252459,0.07226420312978557,0.20960187864348614,0.7909711411024659
386,0.5990234524354002,0.9282879228867386,0.358565173355279,0.07386129608697228,0.20977757605140937,0.7920566479274554
387,0.5990737085993979,0.9290787650569743,0.35875956365737266,0.07675439128941743,0.20823435467163404,0.7912899450110665
388,0.5990322368912544,0.928161595990551,0.3614937712693603,0.07500250330879168,0.20835842899100857,0.8011203815082806
389,0.5991028554495142,0.924233080175382,0.36072991888328637,0.07626198796787426,0.2055994921478503,0.8003282765341346
390,0.5991562768868768,0.928188885230114,0.36276904578765823,0.07656262853150969,0.20804227491471267,0.8037022339167523
391,0.5992162458134882,0.9303169016916459,0.3630360325045353,0.0772970439372749,0.2068216901222217,0.8049893634541092
392,0.599232939668492,0.9290216071143963,0.36343113862830884,0.07792529788498256,0.20535681221415072,0.8070113057857932
393,0.5991505003588145,0.927454890591395,0.36263947124213763,0.07779274591632909,0.20491693426351681,0.8052087335465671
394,0.5991754812345306,0.9277801704821683,0.36382789502561697,0.07821216440713269,0.20761259006542762,0.8056589306042905
395,0.599248770844491,0.9277289507151723,0.36385280224377553,0.076974725751119,0.20531303605270634,0.8092706449275012
396,0.5992438561694908,0.929660430323525,0.3640877856379151,0.07839190989510825,0.20620390723844892,0.8076675397801881
397,0.5991997962755238,0.9292384616623124,0.36441869070406485,0.07871244697842147,0.20536286078240082,0.8091807643513723
398,0.5992208085552687,0.9314787098111531,0.3637511228281341,0.07773558081036687,0.20328520677421222,0.8102325808998232
399,0.5992203036567695,0.9290203833233189,0.3602605814204139,0.0773834473633556,0.20192737479275363,0.8014709221051324
400,0.5992667184933507,0.9307611820697124,0.3606184552091235,0.07751960694032337,0.20032561973987953,0.8040101389471677
401,0.5992651514109426,0.9292310806735681,0.3595147705120706,0.07583497264563169,0.1960829504459757,0.8066263884446043
402,0.5993782611796955,0.9285338450431219,0.35907559392494975,0.07599670151106935,0.19881873660650087,0.8024113436572791
403,0.5993577259226964,0.9297960780271155,0.3627252356620746,0.0735113601366325,0.204849437628124,0.8098149092214671
404,0.5993533738576562,0.9263320668906386,0.36005889365353094,0.07506124102399415,0.20257199757544994,0.8025434423611486
405,0.5993947194435975,0.930265980774583,0.3570010621681421,0.07510846698284258,0.1971779726750784,0.7987167468465052
406,0.599373242906453,0.928115790264163,0.3602626167481132,0.07568983762749178,0.20137702120888118,0.8037209914079667
407,0.5994258517328883,0.9302802464804082,0.3591236731629835,0.07420332910304579,0.20265705157427863,0.8005106388116261
408,0.5994201672656587,0.9279324399519313,0.3590710405159838,0.07470964887991352,0.20328336627724447,0.7992201063907934
409,0.5994787442781528,0.9334641102272013,0.3573886768295369,0.07432947283805422,0.20327292736620484,0.7945636302843517
410,0.5995143058170134,0.9302740708461613,0.3582766709715108,0.07358915820262661,0.20027417754235846,0.8009666771695474
411,0.5995146158845882,0.9285163252802925,0.361707009935151,0.0758550754177317,0.20302592564462493,0.8062400287430961
412,0.5995602738058772,0.9291404070495529,0.3602744932869592,0.07584044224998371,0.20384929820581776,0.8011337394050762
413,0.5995584837097544,0.9315055633052258,0.3607709052563605,0.07629981868002433,0.2055359943049407,0.8004769027841167
414,0.5995777526469931,0.9325395481081704,0.3599339004188111,0.07477098971874646,0.2050813395889538,0.799949371948733
415,0.5995689446506922,0.9310130285628907,0.36030445399404937,0.07634758622324413,0.20547321982182978,0.7990925559370741
416,0.5995603046515771,0.9293434289851997,0.35992628040806657,0.0767022595751532,0.20464362217862309,0.7984329594704234
417,0.5995555556110734,0.9289988937409334,0.36101754387083734,0.07399145358944988,0.20379616892645375,0.8052650090966084
418,0.5995430533303241,0.9277136624830177,0.35870126623123955,0.07364559886282378,0.20307309901300666,0.7993851008178882
419,0.5995493718235423,0.929278901012672,0.3591886213045769,0.07604687462014979,0.20148008990224467,0.8000388993913362
420,0.5996094141703696,0.9301295501856023,0.359019817153935,0.075819070969604,0.20161195696180473,0.7996284235303963
421,0.5995863058538755,0.9317307668612257,0.35721374808416023,0.07631032154204738,0.20193370591582294,0.7933972167946102
422,0.5995702419166784,0.928837261042544,0.35826201260470825,0.07506693366006482,0.20546638811468204,0.7942527160393779
423,0.5995283473940406,0.9300182275029432,0.35833726784386816,0.07616974041025361,0.20443898577704983,0.7944030773443009
424,0.5995811990864449,0.9301215454942146,0.3580509370325962,0.07752024370540272,0.20274671904758662,0.7938858483447995
425,0.5995855178082138,0.9305932391466072,0.35719780212103824,0.07754054535318901,0.20188606672795037,0.7921667942819752
426,0.5996358915281749,0.9279888173648939,0.3576809710483626,0.07575283743251708,0.20074074607864809,0.7965493296339226
427,0.5996488357913013,0.9310411938360054,0.357694705623706,0.07528233161265768,0.19922133123851324,0.7985804540199468
428,0.5996532516825349,0.9309972029173509,0.3592151447006705,0.07609983898570331,0.20137598508455176,0.8001696100317564
429,0.5996392137662062,0.9260112120048613,0.3610811166040905,0.0759402027523502,0.20367619930100805,0.8036269477589132
430,0.5996564982781318,0.9299318088582532,0.3578393141944201,0.07446987090302495,0.20072957031848887,0.7983185013617465
431,0.5996521882191524,0.9320885768095662,0.3569972997217524,0.07454227857901884,0.2006855625277559,0.7957640580584826
432,0.5996646696726201,0.9320306854825054,0.36197267480937845,0.07529161411563189,0.2041465935703449,0.8064798167421585
433,0.599677185670012,0.9285604410557137,0.3616490228654642,0.07400061641311702,0.2024417694054148,0.8085046827778608
434,0.5996192550293004,0.9302803939519979,0.36272454965918427,0.07266455295446327,0.20596120157684913,0.8095478944462404
435,0.5996081796927372,0.929093109355789,0.36122613952469274,0.07158390712254926,0.20567250522752958,0.8064220062239993
436,0.5995428945212085,0.9330274672968617,0.36174918922030064,0.07311068664500689,0.2039924383071866,0.8081444427087082
437,0.5995174990176587,0.9278703213930569,0.3630478488643678,0.07391375395750518,0.20321595280063948,0.8120138398349588
438,0.5995314865925335,0.9317690210028873,0.36180010593923184,0.07611958336639975,0.20472059673934725,0.8045601377119485
439,0.5995976305203896,0.93070497972594,0.3629060078932428,0.07429612550773347,0.20657571510896658,0.8078461830630282
440,0.5995653080473287,0.9314359140284921,0.3631417958584453,0.07763410484322202,0.20554577703597446,0.8062455056961395
441,0.5995410957909211,0.9313649980879267,0.3618912119978643,0.07658431685149232,0.20508040968114546,0.8040089094609552
442,0.5995455927255573,0.9288827994529545,0.361067437684011,0.07495039039926159,0.20424371473038289,0.8040082079223885
443,0.5995779774756184,0.9296376920347311,0.35979327536967565,0.07333169764896359,0.20400693109828857,0.8020411973617747
444,0.5995299764154952,0.9293874649354803,0.3624421793302892,0.07349687837991704,0.2025009543892966,0.8113287052216539
445,0.5995655816790258,0.9305638832732845,0.36352609081256065,0.07429416542065205,0.20367671509948984,0.8126073919175401
446,0.5995650648164083,0.9302516455997909,0.3642327517250468,0.07569742008847742,0.20640820103016982,0.8105926340564931
447,0.5995332660549189,0.9307679519064218,0.36322677042838664,0.07316905456693108,0.2050238910756773,0.8114873656425515
448,0.5995342091629645,0.9308627983824306,0.3593495296259441,0.07289063116687626,0.20466224828793292,0.8004957094230232
449,0.599520958708577,0.9293249693028103,0.3632875774275933,0.07256967877232649,0.20508106414213625,0.8122119893683172
450,0.5995257480468219,0.9307543171387163,0.36110840410519124,0.0726165057829455,0.20327604785128847,0.8074326586813397
451,0.5994856347516732,0.9317771682061414,0.3630706181342901,0.07281089641539792,0.20743839309450907,0.8089625648929634
452,0.599522313668374,0.9306640836633995,0.3638474660194698,0.07276881508381307,0.20728102729374098,0.8114925556808554
453,0.5995069514972972,0.9310851490239765,0.3646812817248276,0.07435995883161163,0.2035284872483477,0.8161553990945235
454,0.5995172469200146,0.9323123729784394,0.36427167574526265,0.07370316669590467,0.20273239290882428,0.816379467631059
455,0.5995602234625689,0.9307087297894514,0.3639233353251194,0.07380236892273405,0.20479983509933583,0.8131678019532882
456,0.5995485042105518,0.9294259593870375,0.3638723509906939,0.07421248566349513,0.20332801824126695,0.8140765490673197
457,0.5995408154191141,0.9311707358738306,0.3663306466213687,0.07487516588714528,0.2048106564348881,0.8193061175420728
458,0.5995457375248013,0.9313832125120413,0.3650185492601571,0.0757720947667357,0.20720177750473326,0.8120817755090021
459,0.5995605201177494,0.9314282231449159,0.360602748578205,0.07413486908914571,0.20533785596210102,0.8023355206833682
460,0.5994860541104522,0.9328274803521293,0.36527240356100144,0.07356879545292665,0.20618549668089198,0.8160629185491857
461,0.5994736170759208,0.932148607378154,0.36321962085264275,0.07523292304313302,0.20486684190224497,0.8095590976125501
462,0.5994264038788248,0.9287360457974994,0.3643736222106527,0.07248320366885705,0.20469759947100816,0.815940063492093
463,0.5994659521144896,0.9301039664472945,0.36426293195960635,0.07581117111352052,0.20394724905845582,0.8130303757068427
464,0.5994700607752198,0.9321364543896127,0.3649068761917585,0.07603109487550049,0.2052998105308284,0.8133897231689465
465,0.5995237332044766,0.9317646958093897,0.3662570176361565,0.07827895313917341,0.20410612479028145,0.8163859749790146
466,0.5995694782671867,0.9321675012637852,0.3621241256227912,0.07637567061808288,0.20125233334171436,0.8087443729085765
467,0.5995587724534807,0.9296411058511799,0.36118989970680304,0.07620584958458496,0.19884061656483326,0.8085232329709909
468,0.5995378715461294,0.9312045650773405,0.3628153143106379,0.07749155093428195,0.20131229122320135,0.8096421007744303
469,0.5995600831815674,0.9307262854782524,0.36381489261337363,0.07682474119846372,0.2033108073732121,0.811309129268445
470,0.5995858753066846,0.9314607033762441,0.3648336583606575,0.07690237568654416,0.2037374217306357,0.8138611776647926
471,0.5996787283799954,0.9295634543999648,0.366529472047936,0.07754581274393298,0.20679351444360608,0.815249088956269
472,0.5996821713476898,0.9289237809649135,0.36521133995108046,0.07598331539944193,0.20382787657306986,0.8158228278807297
473,0.5996495258417407,0.9322792779755547,0.3640321800430856,0.07602785339811731,0.20087607316248596,0.8151926135686535
474,0.5996033957655897,0.9300871592236963,0.36416212060874914,0.07671834905124224,0.2025972230300959,0.8131707897449093
475,0.5995709799797102,0.9319017290883226,0.36460874113092945,0.07840210619213508,0.2040852218817805,0.8113388953188725
476,0.5995277884452971,0.9287389491963766,0.36248257857948984,0.07592042847203584,0.20627566501186206,0.8052516422545715
477,0.5995387224258003,0.9356569459711411,0.36391240701702554,0.07611177066071897,0.20603487276944782,0.8095905776209098
478,0.5995479158587765,0.9293861151809203,0.36145757873940754,0.07652919201645422,0.20545733827842091,0.8023862059233476
479,0.599517739045225,0.9329679850423694,0.36435154715479207,0.0757183789815422,0.20384784613961854,0.8134884163432154
480,0.5994746492904108,0.9324624943057866,0.3636222340169192,0.07633595306810062,0.20145772911953713,0.8130730198631198
481,0.5994809554718061,0.9319532665127049,0.3633961360265489,0.07541360483979595,0.20528684068401798,0.8094879625558328
482,0.5995216604405177,0.9317851892925191,0.3627775337849651,0.07406994303547133,0.20361365507391263,0.8106490032455114
483,0.5994650165819533,0.9310919296558837,0.36406881400221724,0.07361547934212398,0.20340910931905606,0.8151818533454718
484,0.599453270928891,0.9302972922569233,0.3631353879836942,0.07368974784201579,0.20273436421691843,0.8129820518921484
485,0.599430974328128,0.9338667474569141,0.36470341188574334,0.07230476882990369,0.20306942621580185,0.8187360406115244
486,0.5993912439192619,0.9320773751075744,0.3632913362144546,0.07323511559961428,0.20375267759359242,0.8128862154501572
487,0.5993662791123562,0.9334943844868657,0.3646609346428446,0.07204174928161691,0.20415343211880488,0.817787622528112
488,0.599387452371013,0.9341219246196167,0.36231457438635994,0.07391146877423935,0.20368194227582892,0.8093503121090115
489,0.5994483813219728,0.9333344540850823,0.3633018196448678,0.07375579590980783,0.20254136263729522,0.8136083003875004
490,0.5994586675607336,0.9319694231823424,0.3626009725264081,0.07277746367422848,0.2015445142466173,0.8134809396583784
491,0.5994578333861276,0.933412222361368,0.36202776347548776,0.07414470941557316,0.20148808716280647,0.8104504938480837
492,0.5994990017249031,0.9301685255863403,0.3613502268984519,0.07400553293899005,0.1994438021409815,0.8106013456153842
493,0.5994841009290822,0.9324718254332012,0.36250356622801677,0.07345668641703397,0.1995727984918664,0.8144812137751499
494,0.5994521980746766,0.9337870202006209,0.3633316752489732,0.07360973579881612,0.2003169500505472,0.8160683398975562
495,0.5994595996896849,0.9316041858675258,0.36532689149930364,0.07497149366165998,0.20153352948886766,0.8194756513473834
496,0.5994627439224203,0.9348775600717996,0.36573800766255665,0.0749660813593936,0.2023439698591097,0.8199039717691667
497,0.5994629691388327,0.9325665159863333,0.36574560114622057,0.07610493694603224,0.19956974427045443,0.8215621222221752
498,0.5994766303662672,0.9313191666685816,0.3657168813237155,0.07384184544972847,0.19759869126189847,0.8257101072595197
499,0.5994768067363069,0.9294079576762955,0.3659026478159743,0.07282245698530465,0.20097747302534777,0.8239080134372705
500,0.5994837643655415,0.9345514739096816,0.3632399110056443,0.0739668058749275,0.20086307526015526,0.81488985188185
501,0.599493176299086,0.9308034992305001,0.36111957294159763,0.07528648565074972,0.19992189915024056,0.8081503340238025
502,0.5994970951684826,0.933611690840637,0.36158251537924,0.07535445597227539,0.19955103822490922,0.8098420519405355
503,0.5995313662300971,0.9336691112816765,0.36195911414398735,0.07440990417982478,0.200938939765182,0.8105284984869552
504,0.5995363123268294,0.935321678537304,0.359914289853522,0.07385933955393174,0.19794653165591627,0.8079369983507177
505,0.5995437147742481,0.9330332700769676,0.3598062523340843,0.07237796440059648,0.196939971951303,0.8101008206503534
506,0.5995926758616047,0.9319220467454312,0.3605961177236014,0.07511227980435402,0.19780982712466583,0.8088662462417844
507,0.5995913973963346,0.9347016252432748,0.3606551546243926,0.07441659369685824,0.19910913529472715,0.8084397348815924
508,0.5995624994838731,0.9308678894658361,0.3598772858681463,0.07343928032096056,0.20014464815479074,0.8060479291286876
509,0.5995674123539873,0.9328356863119921,0.3615019719264167,0.07318884242480587,0.20175630790929963,0.8095607654451447
510,0.5995302010268816,0.9339375839207075,0.35873789262731,0.07138507410535423,0.19679726058692487,0.8080313431896508
511,0.5995382199150922,0.9312561675798899,0.35869446583117204,0.07010981070098357,0.19634731119675783,0.8096262755957747
512,0.5995151093272472,0.9337507098019852,0.35715398068047133,0.0705460515533806,0.19651164058077708,0.8044042499072562
513,0.5994833285354987,0.9327039298797792,0.35787545654097536,0.06910966954974775,0.19846949665152333,0.8060472034216549
514,0.599445943048009,0.9309859924346641,0.3569754606944426,0.07068776875779591,0.20037885979886325,0.7998597535266686
515,0.5994643938795519,0.9360215775892632,0.35975720412189904,0.07080159062257849,0.2006424283960772,0.8078275933470415
516,0.5994227598862083,0.9340419221237882,0.3610948839564543,0.06990860931566288,0.19786296723358412,0.8155130753201159
517,0.5993928076784542,0.9329993735208412,0.3604943794383165,0.06959372163082911,0.19588483681149232,0.8160045798726282
518,0.5993931504185934,0.9306768126435537,0.36076196426307533,0.07063130275000856,0.19644655166366798,0.8152080383755493
519,0.5993654029894012,0.9344257774065579,0.36133516859355386,0.06890263216545503,0.19755971811444015,0.8175431555007663
520,0.5993424718275332,0.9324815097457968,0.3622583876684592,0.06997520542656106,0.2003864025005619,0.8164135550782546
521,0.5993869645400537,0.9331546270356121,0.36313108537365807,0.07091631917969114,0.20140069146407835,0.8170762454772047
522,0.5993710857708117,0.9332916706352994,0.363986902227901,0.0692572448488152,0.20222781075332588,0.8204756510815618
523,0.599347908994088,0.9324343740402407,0.35984692325940576,0.0677808943387638,0.20211246594566212,0.8096474094937914
524,0.5993326041740146,0.9336074691484391,0.3610846166410497,0.06953051967463786,0.20064312032138212,0.813080209927129
525,0.5993390966805128,0.9334698714352292,0.3626874713915788,0.07047163792186119,0.20081691139439328,0.8167738648584819
526,0.5993051286290725,0.9337194574133988,0.36190268544186366,0.07082937694022136,0.2000935809667233,0.8147850984186462
527,0.5993354509631129,0.9342739574867314,0.36109614122113315,0.06993252522723568,0.20075273222607354,0.8126031662100902
528,0.5993727747484826,0.9327077529158506,0.36198638827038543,0.07036886579088754,0.19841103851522252,0.8171792605050462
529,0.5994029218911047,0.9336616546220816,0.36178422880392397,0.07160300647677699,0.1997606883011404,0.8139889916338543
530,0.5994186179574581,0.9332262233511099,0.362310643896666,0.072279404301653,0.20067464091742923,0.8139778864709158
531,0.5993939917315935,0.9348504682874672,0.3615793898026626,0.07028891360457173,0.1991316922277897,0.8153175635756261
532,0.5994151918864888,0.933489461636405,0.36320598232458867,0.07169940072443977,0.19692202067647585,0.8209965255728504
533,0.5994067069203788,0.9325194432648805,0.36292586601697047,0.07155478864971856,0.1983611282930363,0.8188616811081566
534,0.5993839630734176,0.9329577211238571,0.3634491472986094,0.07059744956735492,0.19931021092988435,0.820439781398589
535,0.5993337541328151,0.9338382278949111,0.3614414278042067,0.07007196625961896,0.19552349754579612,0.818728819607205
536,0.5993609658977959,0.931516426514777,0.35934078362469873,0.07119624755776074,0.19438103422891345,0.8124450690874221
537,0.5993739998725067,0.9333094908710042,0.36163467951292055,0.072101118774125,0.19726318447693528,0.8155397352877014
538,0.5994012615005425,0.9332009832460879,0.3603433686512857,0.07091269104702325,0.19685798878744096,0.813259426119393
539,0.59938383956623,0.9337627598197578,0.36072219596928257,0.07040174793142225,0.19431317478051588,0.8174516651959095
540,0.5993732604384819,0.9332421142728465,0.3627550408810277,0.07086376914418008,0.19521521167841505,0.8221861418204882
541,0.5993968785692486,0.9324957271893052,0.36303225881792894,0.06977628106534964,0.19832168154376972,0.8209988138446674
542,0.5993839215500374,0.9329233685790451,0.3623801341874488,0.0696167864329163,0.19904996167954211,0.818473654449888
543,0.5993663048397565,0.931964210709044,0.3613742376455665,0.06934349845650309,0.19761667264053567,0.8171625418396605
544,0.5993243592628658,0.9352466635944785,0.3615845710978396,0.06987181975275585,0.19565336451274434,0.8192285290280185
545,0.5993043388938114,0.9354466984412618,0.3619473587935841,0.07289493087241523,0.19649631300054526,0.8164508325077918
546,0.5992954704485091,0.9332031386643798,0.36359674294421934,0.07281798140992404,0.19609803246102364,0.8218742149617103
547,0.5993114536727011,0.9340086343927627,0.3625402869102221,0.07215670665254408,0.1956680047197175,0.8197961493584047
548,0.599272193976486,0.9347851558875805,0.36161522784779243,0.07260873820243093,0.19744508706631497,0.8147918582746314
549,0.5992731626907136,0.9348305412510806,0.36281685667170527,0.07032486227476493,0.19853931897841567,0.8195863887619351
550,0.5992288745668953,0.9337797007580951,0.3617161736673291,0.0705178066650549,0.19688583761965855,0.8177448767172739
551,0.5991704421398278,0.9316332096444476,0.35960264884615417,0.06958928031619888,0.19658315430191312,0.8126355119203504
552,0.5991964375331076,0.9308176609104656,0.3642587242088334,0.07061694202892589,0.19843842923557706,0.8237208013619971
553,0.5991853935090674,0.9336959497657139,0.36387009007761556,0.07038687865686634,0.20031322904515625,0.820910162530824
554,0.5991833544928952,0.9356612601020164,0.36290910186505726,0.06906471333058008,0.19731401332029203,0.8223485789442997
555,0.5992028508619037,0.934817687511642,0.3611764267175361,0.06823726788808954,0.19478344583114568,0.820508566433373
556,0.5992043068370126,0.9318347127050258,0.3626224840199859,0.06911372500475149,0.19622127468169334,0.8225324523735129
557,0.5991906443285745,0.9313376454031782,0.36092364926887727,0.06792405956395774,0.19576896188850287,0.8190779263541711
558,0.5991949818481734,0.9349601741999051,0.3613404398238431,0.07049842916119275,0.19657175654512626,0.8169511337652103
559,0.5991967943821211,0.933677701274148,0.36205099276541214,0.07129596414713338,0.1961622666830046,0.8186947474660985
560,0.5992098396000096,0.9328861057854823,0.363835121115238,0.07099450212648444,0.19641846190044582,0.824092399318784
561,0.5992014256328786,0.9354258326790602,0.36290116764583047,0.07070333588409336,0.19651934454091471,0.8214808225124836
562,0.5991924136971724,0.933599604550134,0.36253643678152453,0.0710943685251992,0.19820339157924108,0.8183115502401334
563,0.5992180999466584,0.9361798353252425,0.3606340276612927,0.07161074041252369,0.19515234226029704,0.8151390003110573
564,0.5992375066590686,0.9327227559153165,0.36062622553186363,0.0705758290291666,0.19717930106224554,0.8141235465041788
565,0.5992575616555977,0.9340888945540713,0.3586758204950052,0.07075613360716364,0.19588042643165063,0.8093909014462013
566,0.5992427153327603,0.9351856360959238,0.3595377236249124,0.0712256385956606,0.19325383309200236,0.8141336991870742
567,0.5992519211535666,0.9380259324438047,0.3580982233435121,0.07064041276709895,0.1882928263725842,0.8153614308908532
568,0.5992521367593475,0.9344645809340963,0.3604395406314136,0.07182439648900611,0.1904393975029509,0.8190548279022836
569,0.59925422024668,0.9352925863605542,0.3581698126341653,0.07098001649394499,0.18828023921267126,0.8152491821958796
570,0.5992495339164188,0.9369628433474152,0.3594533831211523,0.07084110588931969,0.18933804303308843,0.8181810004410489
571,0.5992490840790686,0.9359357528340502,0.35747766299846684,0.07153619137892095,0.19016508054757605,0.8107317170689032
572,0.5991889047638661,0.9328213896547853,0.3583387312065222,0.0692875420102495,0.19274793421140085,0.8129807173979164
573,0.5992107945633084,0.9324305824733624,0.3609003504448833,0.07099132659393163,0.19049769135318742,0.8212120333875307
574,0.5992129324883296,0.935138549459,0.3610960684448456,0.07132067678351404,0.1912186424646795,0.8207488860863433
575,0.5992097198128977,0.9351774089619765,0.3608326226222609,0.07241920853320007,0.1894983471324561,0.8205803122011266
576,0.5991856226853474,0.9333230652950127,0.358667849721044,0.07010029120954955,0.1878264868978338,0.8180767710557486
577,0.5991557274237003,0.9327560054218764,0.35852762127133225,0.07121763754553534,0.19127582039754815,0.8130894058709132
578,0.599130988182516,0.9364529297665666,0.35871282071181104,0.07013030388500215,0.1906678531349945,0.8153403051154364
579,0.599130172458381,0.9359616698118671,0.3592516678365436,0.06953488634673664,0.19269361209691546,0.8155265050659787
580,0.5990751385878089,0.9359794784504307,0.35801502724010675,0.06959120926894471,0.1915679642731561,0.8128859081782195
581,0.5991154240389865,0.9326740994263888,0.3601155668837006,0.06893782826566056,0.19455078736611817,0.8168580850193231
582,0.5990825798894834,0.9318969700143186,0.35750196839358617,0.07119826973439364,0.1911453597453061,0.8101622757010588
583,0.599094639769891,0.9367192048950775,0.3556674928429472,0.06900934973680806,0.18909367822302856,0.808899450569005
584,0.5991312299108243,0.9341997643596561,0.35461490543559554,0.06935541509180247,0.18667793938432548,0.8078113618306585
585,0.5990981431174233,0.9380563092091277,0.3588387691823959,0.06981777146303905,0.1861396097019903,0.8205589263821583
586,0.5990792004466898,0.9343446263719809,0.35758008579148637,0.06800107031467165,0.18746036975358207,0.8172788173062053
587,0.599091942147177,0.9323946258453066,0.35628613697492845,0.06816879478101856,0.1868289129450418,0.8138607031987249
588,0.5990853759505181,0.9356227077854068,0.3556215370278404,0.06845485062569738,0.18365043883236007,0.8147593216254637
589,0.599110590042558,0.9332133348989983,0.35513513851183004,0.06682862862147122,0.18568359806790494,0.812893188846114
590,0.5991144221864534,0.934831096653895,0.3541061164960428,0.06653947852358041,0.18433410555400603,0.8114447654105418
591,0.5991487396878458,0.936737291880452,0.35346555849771655,0.06614386599391006,0.18452888935626435,0.8097239201429752
592,0.5991564853365094,0.9367803996336422,0.3539591462079161,0.06662993575089442,0.1853007191622066,0.8099467837106471
593,0.59913684932569,0.9352628201055365,0.3544640858903253,0.06700442736789193,0.1856626850435591,0.8107251452595249
594,0.5991284328465439,0.9343923982199936,0.3535741259577732,0.06856015064865535,0.18354472365848415,0.8086175035661801
595,0.5991211900557895,0.9332468397257176,0.35243549921342,0.06700744939374817,0.1847242435592634,0.8055748046872485
596,0.5991397410301521,0.9340948276292739,0.35535155943844143,0.06722029439965825,0.1847076674589836,0.8141267164566824
597,0.5991589059713014,0.9353724014912886,0.35447274056340317,0.06555769149402435,0.18539898675512662,0.8124615434410586
598,0.5991623112795587,0.9345060088266777,0.35637693870461773,0.06542653055403443,0.18363497311008992,0.8200693124497287
599,0.5991525349751183,0.9336497287738471,0.35424323787622947,0.06524019272825482,0.18569104925192323,0.8117984716485104
600,0.5991944108500362,0.9347455463123784,0.3520878534582155,0.06510945779978823,0.18501652103074706,0.8061375815441113
601,0.5992340204717155,0.9357156443829627,0.35344332882397034,0.06507083926895216,0.18586390770958452,0.8093952394933743
602,0.5991964746398616,0.9367025008524567,0.35423552244264406,0.06285945495215245,0.18789321701044123,0.8119538953653385
603,0.5992224846846601,0.9313832197224278,0.3535387636789931,0.06437815289626916,0.18796395672455946,0.8082741814161507
604,0.5992122497203132,0.9357778223194239,0.35399620111946106,0.06654301413324266,0.18669216811401593,0.8087534211111246
605,0.5992283771703756,0.936004610278892,0.35499806240263354,0.06586845399466094,0.18971467212755957,0.8094110610856801
606,0.5992384494515275,0.9351713805432149,0.355247311825189,0.06650680767319134,0.18952372001154122,0.8097114077908343
607,0.5992501449731804,0.936247160551169,0.35495589707409375,0.06611704686177475,0.18612823962054437,0.8126224047399621
608,0.5992560884174818,0.936401711150656,0.3560275851170144,0.06662888253733842,0.18920521923974032,0.8122486535739644
609,0.599255397847292,0.9356867636699793,0.35760844728463825,0.06736175418176416,0.1893769320405561,0.8160866556315943
610,0.5992493958650569,0.9358179276746922,0.35521468480096635,0.06776225815667115,0.18734599721601292,0.8105357990302149
611,0.5992620863428151,0.9373058250646856,0.3549133346603106,0.06691969393860658,0.18526143063135395,0.8125588794109713
612,0.5992529481904536,0.9371984435856378,0.3537806902232253,0.0659978292052565,0.18568968616610437,0.8096545552983149
613,0.5993059334407312,0.9345013325425584,0.3561833675407636,0.06651861393883007,0.18429045809936218,0.8177410305840984
614,0.5993096626561059,0.934564766074231,0.35465736915482365,0.0643436869125807,0.18348705053827433,0.816141370013616
615,0.5993136283342765,0.9337958951173232,0.3553096192048332,0.06632034172986075,0.18270141957574237,0.8169070963088967
616,0.5992919858783802,0.9372297367534811,0.35539610179478553,0.06595494513963583,0.18429129830119922,0.8159420619435215
617,0.5992508432423717,0.9348036882177471,0.3552626005593765,0.06540077242410804,0.18209842320480366,0.8182886060492177
618,0.599232693707755,0.9338226339465929,0.3573518647107835,0.06372396002957657,0.1869728414426217,0.8213587926601523
619,0.5992684402573603,0.9378707163010405,0.35418539927027853,0.06474458312375432,0.18731451615090075,0.8104970985361805
620,0.5993087689375903,0.9337363237440462,0.35530018383005285,0.06441532743376292,0.18716827175067458,0.8143169523057209
621,0.5993415555427171,0.9375933640605829,0.35510271143236216,0.06353826316080766,0.18857069460650477,0.813199176529774
622,0.5993399269336777,0.9351915155160915,0.357469043093934,0.06471685901091916,0.1912729894286499,0.816417280842233
623,0.5993408170714194,0.9373210133828738,0.35492753230319524,0.06460376917473402,0.1883746649753609,0.8118041627594906
624,0.5993767461766598,0.9369878262453345,0.3518820106570162,0.06410169830731614,0.18576201270115295,0.8057823209625793
625,0.5994114843775222,0.9372370545820846,0.35290410944651396,0.06337096013510231,0.18365762231047814,0.8116837458939614
626,0.5994113074277163,0.9358396806204453,0.3570307921655082,0.06309943902336267,0.1839376872042011,0.8240552502689608
627,0.5994321785383072,0.9375577771020505,0.3569503561835972,0.062306704425263586,0.18505348548790504,0.8234908786376229
628,0.5994489751899309,0.9366915610579478,0.3577273928021134,0.06387169619342098,0.1895325352168527,0.8197779469960664
629,0.5994572014053332,0.9386142346612574,0.3600386411229218,0.06560809333335685,0.18801030712721054,0.8264975229081978
630,0.5994941591920334,0.9374410145810754,0.3602395140843851,0.06491497985782904,0.18796230774568293,0.8278412546496432
631,0.5994853855725474,0.9355828318473859,0.35851155713124566,0.06610791123005862,0.19148183646359876,0.8179449237000795
632,0.5994804453407566,0.9366496005278855,0.3583228147914962,0.06600344703433912,0.1882880199857464,0.820676977354403
633,0.5994975745918374,0.9365480078142144,0.35898861681613353,0.06368178223718449,0.19017417733355713,0.823109890877659
634,0.5994819842624134,0.9343830394597885,0.3568348739528746,0.06467015905402264,0.18543404842856145,0.8204004143760397
635,0.5994487724566047,0.9363051738532759,0.35591712492110134,0.063561427244823,0.18740510710751704,0.8167848404109639
636,0.5994533090416182,0.9345419259041671,0.3543696498647558,0.0633672994451771,0.18359718732556526,0.8161444628235248
637,0.599465000826038,0.9356676348300442,0.3566068477804794,0.06301335245941554,0.1803525598022861,0.8264546310797364
638,0.5995103758556907,0.93543659280814,0.35517346798315064,0.06317856903788396,0.1828489685124873,0.8194928663990807
639,0.5995175205744491,0.9368671104033989,0.3544078641015161,0.06366107606985674,0.18087854136346465,0.8186839748712269
640,0.5995276360914569,0.9377753360045339,0.3582018141997432,0.062918817063589,0.18416423164243803,0.8275223938932024
641,0.5995626944513037,0.9375877596867529,0.35601011642656955,0.06322417842301696,0.18200564982592363,0.8228005210307682
642,0.599561762727535,0.9362761892100813,0.3573841287786486,0.06402721901241522,0.18531102835219684,0.8228141389713337
643,0.5994786548234536,0.9357084063447648,0.35558400988007144,0.06206320540695552,0.18309515796629067,0.8215936662669683
644,0.5994435416118802,0.9366649722854968,0.356035698516963,0.06262222296441358,0.18242178942594975,0.8230630831605257
645,0.5994572250318321,0.9371107488460986,0.3595905674509236,0.0630576320916237,0.1827121782820216,0.8330018919791254
646,0.5994871063789012,0.9369456436780101,0.3589479509488111,0.06291506091550408,0.18429617153915698,0.8296326203917722
647,0.5994944778051796,0.9364720516827476,0.3583840746416183,0.06164737725837274,0.1814141364477021,0.8320907102187801
648,0.5994645543009579,0.9357961825837506,0.3581173712224018,0.06239809807487958,0.18283837462914387,0.8291156409631818
649,0.5994832991338072,0.9378331975783804,0.3586225815934503,0.06154958015292357,0.18318828966999331,0.8311298749574338
650,0.5994766901772149,0.9345585071275518,0.3565858640510369,0.06152173263827003,0.1827957952758548,0.825440064238986
651,0.5994925179279268,0.9361978586880674,0.3555024404837626,0.06092501624591014,0.1812665348360119,0.8243157703693657
652,0.5994880785369785,0.9387886456113096,0.35576523958864864,0.06323224991424814,0.17721746531779659,0.8268460035339013
653,0.599553823250378,0.9373197965111969,0.35607128605290844,0.06141812925656485,0.17994738434230706,0.8268483445598532
654,0.5995706329690061,0.9396124746264797,0.3587975051557271,0.06118410208712772,0.18196291419185293,0.8332454991882006
655,0.599563521946166,0.938232396773984,0.3556894948409605,0.060083164768465265,0.18143921929752269,0.8255461004568938
656,0.5995706600027728,0.9403619937084337,0.35676713188312675,0.061110178639569586,0.1800165049314423,0.8291747120783683
657,0.5995725745464472,0.9361889922550141,0.3564660462107925,0.06060367564557857,0.18024817804220658,0.8285462849445923
658,0.5995723059908235,0.9360743393909847,0.3561419536944077,0.060890745323856625,0.17945255805929758,0.8280825577000689
659,0.5996093353169933,0.9375503932494927,0.3545960344146819,0.06026964099805836,0.17700781196323748,0.82651065028275
660,0.5996241704269399,0.9366566207977427,0.3552671968062964,0.060563320191910096,0.17445774428538932,0.8307805259415899
661,0.5996389457781424,0.9396139963870437,0.35379051105834886,0.06028250327364346,0.17741744236794674,0.8236715875334563
662,0.5996128973319782,0.9362848353481524,0.3533178120632573,0.06044893124753566,0.1774582421463429,0.8220462627958934
663,0.5996206711126055,0.9371270232258548,0.3523835373743351,0.05994871674725284,0.17563937271445285,0.8215625226612996
664,0.5996288252391905,0.9345823918917465,0.35472515835137747,0.06133403201511468,0.1792265602057997,0.823614882833218
665,0.5996271610677212,0.9371758023503759,0.3512229481481779,0.05926160753600117,0.17597813276255644,0.8184291041459761
666,0.5996224313379312,0.9382021861325757,0.35190116069309846,0.061404387653603856,0.1759495607320842,0.8183495336936072
667,0.5996586913692369,0.937291151270666,0.3547814378313685,0.06284442238778415,0.1785991853947082,0.8229007057116131
668,0.59966406626512,0.9381487781595119,0.3554910929925195,0.059354172761712266,0.1777613603966261,0.8293577458192202
669,0.5996760484277278,0.937213485843544,0.3552527064941235,0.0617910120251061,0.1774426350188189,0.8265244724384454
670,0.5996983450269161,0.9383404927605352,0.3581305844542278,0.06381439313487068,0.17463929401657247,0.8359380662112401
671,0.5997029701793462,0.9383394691767108,0.35624093636060195,0.06360940094037905,0.17633799711827727,0.8287754110231494
672,0.5997064123865583,0.9400165087180608,0.3541571216103157,0.06343137165983072,0.17357553193345546,0.8254644612376609
673,0.5996870271638974,0.9346592973210957,0.3552477139976416,0.061702805918472325,0.1750584167737535,0.8289819193006989
674,0.5996918134489484,0.9376750897711578,0.35432378604920856,0.061678333736645316,0.17337584699287817,0.8279171774181021
675,0.5996923975336216,0.9364805528868282,0.35562395471007113,0.06055609049211128,0.1776049687711003,0.8287108048670019
676,0.5997190853038987,0.9391474062526697,0.35533021535371545,0.060955772550012055,0.17642446193262426,0.8286104115785099
677,0.5997064901941643,0.9379724484305938,0.3553490629027527,0.06197543789811614,0.1763044002988242,0.8277673505113178
678,0.5997302378429723,0.9391594610671826,0.3558745620095839,0.06060475439741273,0.17680995003230188,0.8302089815990372
679,0.5997165790284349,0.9384655848882706,0.3590466160299384,0.06186361179082004,0.17912143190850457,0.8361548043904905
680,0.5997136083540168,0.9374526304066408,0.3554007375805597,0.062108079786620335,0.17540749822012192,0.828686634734937
681,0.5997374930476431,0.9350451844619297,0.356850305899344,0.061796731136045537,0.17651355755960788,0.8322406290023788
682,0.5997370615956744,0.936468880994403,0.35427377783397124,0.060936317776888856,0.17734991783424095,0.8245350978907838
683,0.5997447481768046,0.9367832444847565,0.3542930496171438,0.06148380869134777,0.1776006808383177,0.8237946593217659
684,0.5997491174612573,0.9373592474195822,0.35539082722241144,0.06212191662180267,0.17989551073596877,0.8241550543094628
685,0.5997490336782708,0.9375496069538501,0.35775345396059,0.06139835597242027,0.180999135434197,0.8308628704751527
686,0.5997564523949761,0.9412009828785919,0.3559945750486959,0.06189361519282731,0.1802574687322848,0.8258326412209757
687,0.5997235436275904,0.9388195443128217,0.3563070058533196,0.061180568179249634,0.17827900278271328,0.8294614465979958
688,0.599747374934403,0.9376296454796013,0.3532728188050032,0.0601903521844107,0.17655825844755163,0.8230698457830473
689,0.5997379380886226,0.9362869681427354,0.352030585210774,0.061485844954834126,0.1758618683958253,0.8187440422816625
690,0.5997085518182874,0.9363868280844384,0.3524962934237796,0.06176177610306984,0.1740317870295941,0.8216953171386747
691,0.5996815501251945,0.9359736513991856,0.35314840792900726,0.061463716342089976,0.17888274626255404,0.8190987611823779
692,0.5996884593447214,0.9379216505030875,0.3528899375673154,0.062147493358809536,0.1802695717854137,0.8162527475577228
693,0.59969322740168,0.938228712199571,0.35190316259544024,0.06164746954968433,0.17768029382060288,0.8163817244160333
694,0.5996964468727499,0.9372208296349424,0.35343056864042366,0.061198290347126955,0.1773191574681541,0.8217742581059898
695,0.5996667486167429,0.936186680953113,0.35066098495354936,0.06062824882291333,0.17832947953066133,0.8130252265070733
696,0.5996847847861768,0.9386723771177246,0.3498685436349616,0.062264373791077694,0.1756497739140993,0.8116914831997077
697,0.5996553183243134,0.9392710699105027,0.3518093316401644,0.06302238554337078,0.17715842367105455,0.8152471857060679
698,0.5996307863319157,0.9359660838450988,0.35421210016849075,0.060680523290057055,0.17891698231023648,0.8230387949051787
699,0.5996516330144191,0.9397542513746001,0.3547759521101371,0.06228920778882723,0.17947690273357084,0.8225617458080132
700,0.5996961145664197,0.9393732083381882,0.35439816590476564,0.061126512086322624,0.17531589068604153,0.8267520949419328
701,0.5997120949140805,0.940106576331411,0.35254419574509305,0.059321249127019936,0.17451548330982133,0.823795854798438
702,0.5997018716626101,0.939645559765985,0.356240926511756,0.06147506826529483,0.17873397817798287,0.8285137330919902
703,0.5997431289102815,0.9396309221502511,0.3545225287272506,0.06028527773552379,0.1750549099302047,0.8282273985160232
704,0.5997298716118813,0.9415139421602619,0.35457653932389815,0.060507772321267576,0.1721681895348345,0.8310536561155923
705,0.5997373790797513,0.9371122103813824,0.35297596106102946,0.062056454127510895,0.17417372949745788,0.8226976995581196
706,0.599759699307458,0.9386630859343993,0.35303231904657895,0.06099090583025046,0.17395900006778922,0.8241470512416971
707,0.5997469441209485,0.938432954793413,0.35141425427109946,0.06137269626222922,0.1734925160443718,0.8193775505066972
708,0.5997490607057874,0.939790961961066,0.35162251825388424,0.060773946908361166,0.17546452438150062,0.818629083471791
709,0.5997404181166307,0.9373267436561896,0.35130772298547686,0.06042158036348577,0.17374555566418856,0.8197560329287562
710,0.5997167040886727,0.9394509131970329,0.3506295961277187,0.060236765085130636,0.1737628528014926,0.8178891704965331
711,0.5997191822827342,0.9396787940021691,0.35185059140449937,0.060396259176550206,0.17200192124558472,0.823153593791363
712,0.5997206243816702,0.9390805307626001,0.3513910702986181,0.05855883706603001,0.1720800069078635,0.8235343669219609
713,0.5997086610863749,0.9396051842563823,0.3519220680031765,0.05906809619159883,0.17039012630411943,0.8263079815138111
714,0.5997102745647207,0.938281812195638,0.35058023927828963,0.05649547346306828,0.16993509545229213,0.8253101489195085
715,0.5997182756609933,0.9370107269934145,0.34929810048959975,0.057109924546717906,0.16915375505294267,0.8216306218691386
716,0.599755060500739,0.9405007941895431,0.35072956190742244,0.05508911187733688,0.17155466056212676,0.8255449132828037
717,0.5997263553136111,0.9384449197503278,0.34920800131875834,0.05433064468328884,0.17350051162829624,0.8197928476446901
718,0.5997481864055855,0.9366695610713082,0.3512750083761013,0.055284237731885906,0.17297746090581376,0.8255633264906044
719,0.5997259133017511,0.9394014306080344,0.35167756065276734,0.0550153195736679,0.1737244149685062,0.8262929474161278
720,0.5997498131298538,0.9382129333375536,0.34861471568744223,0.05375722843123875,0.17349792405572853,0.8185889945753594
721,0.5997250951588516,0.9391575998672935,0.3514100160663009,0.054854716236999695,0.17134906303725986,0.8280262689246433
722,0.5997285073019188,0.939110735427854,0.3494079540019966,0.0547052759936432,0.1714567605570431,0.8220618254553034
723,0.5997450121367865,0.9387932513859931,0.35017825790387325,0.05621055208289728,0.17259558630939098,0.8217286353193316
724,0.5997529239555494,0.94054473459481,0.3479060022873441,0.05596565275486274,0.17241713285614868,0.8153352212510209
725,0.5997560127875562,0.9391839803655648,0.3489903794573811,0.056454330777068185,0.17113674446215882,0.8193800631329162
726,0.5997822127330977,0.9379182383381928,0.34868005720646167,0.05707369449447104,0.16857501803158884,0.8203914590933249
727,0.59978607717187,0.9403620837118282,0.3473858439730961,0.05612370407738807,0.1669837664385601,0.81905006140334
728,0.5998233925976134,0.9376382106442974,0.3478436028444161,0.05558912353055235,0.16613963092528933,0.8218020540774067
729,0.5998189094394972,0.9411190874528075,0.3488669636074209,0.05663659048492906,0.1650068421602771,0.8249574581770568
730,0.5998212648111649,0.9381303895992016,0.34919264545551415,0.055306864722530075,0.1665782914568005,0.8256927801872117
731,0.5997762238309154,0.9384816897668425,0.3492468224758808,0.056341734767084706,0.16587407007330957,0.8255246625872481
732,0.5997777449340566,0.9399945209822028,0.35084167801721156,0.05569509108183747,0.16807723492187016,0.828752708047927
733,0.5997746097554681,0.9411154178373456,0.3502048292608109,0.05433321435616091,0.1691735465255267,0.8271077269007452
734,0.5997842078434348,0.93932214958203,0.3492042735726589,0.05344618323083269,0.1714445327145356,0.8227221047726083
735,0.5997711682338033,0.9381907836900987,0.35165713269529414,0.05228041364703267,0.1715923869814734,0.8310985974573762
736,0.5997456067524054,0.939680836515488,0.34885055710316554,0.05234832070616277,0.1706448816640231,0.8235584689393106
737,0.5997325997309088,0.9387724404387096,0.3476375014890785,0.05313248910916281,0.1722564122613062,0.8175236030967665
738,0.5997418993509078,0.939855157235194,0.34736960845685716,0.05213584764084024,0.16972984049077505,0.8202431372389561
739,0.5997790084564295,0.9363245814636213,0.34873092323681987,0.052726077084523454,0.16904211665038643,0.8244245759755497
740,0.5997905389441638,0.9399453538506821,0.3481938796844645,0.052011940630461224,0.17019591440273998,0.8223737840201925
741,0.5997610942671661,0.9407969026994708,0.3490462466357078,0.05372619718128059,0.17155378361474585,0.821858759111097
742,0.5997394498309995,0.937701528866563,0.347183699681869,0.05506270914274615,0.16906974566565586,0.8174186442372051
743,0.5997313010379263,0.9368937289042141,0.34821222710977856,0.054448392557502244,0.16949619884112302,0.8206920899307105
744,0.5997350291652436,0.9400994056569083,0.34963200651931853,0.05323700230065,0.17101052815966253,0.8246484890976432
745,0.5997249627451037,0.9362769316693692,0.34921887098846727,0.052855676195229746,0.17136953641472977,0.8234314003554423
746,0.599745787403819,0.940272772500822,0.34950631324817116,0.05356885322902611,0.17334200441916867,0.8216080820963186
747,0.5997639116707271,0.9394284190096269,0.3485690213292551,0.05483025509905819,0.17150531991120727,0.8193714889774998
748,0.5997889538778072,0.937448747678937,0.3484936534302396,0.05421590933359583,0.1710680712094174,0.8201969797477057
749,0.5997923795334104,0.939866029577851,0.34786338727260363,0.05532710671642443,0.17360760037385087,0.8146554547275355
750,0.5997961310887867,0.9391097753232326,0.34807776018826075,0.05416970112790911,0.17295320318755505,0.817110376249318
751,0.5998095261510403,0.9379110031490878,0.3503449919836681,0.053750722802068815,0.17471531492666934,0.8225689382222661
752,0.5998280689465351,0.9402786469035179,0.3481198038917527,0.05546131134110197,0.17096286508913025,0.8179352352450258
753,0.5998222775380903,0.9402972960962978,0.3495379121958366,0.05620600456659107,0.17203063473834587,0.8203770972825727
754,0.5998523494244066,0.9407508924842262,0.3495763850436502,0.05315450809744211,0.171937801502742,0.8236368455307664
755,0.5998169221775034,0.9382250570841398,0.3500053671313083,0.05370848685573495,0.17471520143117222,0.8215924131070178
756,0.5998249049302553,0.94227210896379,0.348980779803371,0.05493033326279504,0.17286378672842712,0.8191482194188907
757,0.5998175321260296,0.9402417899143871,0.34996458006278874,0.055764450944225434,0.17124723939082098,0.8228820498533197
758,0.5998529241634772,0.9357002486642667,0.3498574698460419,0.05247141401411524,0.1730535576706889,0.8240474378533215
759,0.5998366487027571,0.9382539106297024,0.34851070504818965,0.0519802143274487,0.17018118770588644,0.8233707131112339
760,0.5998284829145807,0.9380389346292638,0.3491616063179927,0.053031374210351784,0.17039910589136317,0.8240543388522632
761,0.5998346466919224,0.9410371528587944,0.3461892488399002,0.05319909077506428,0.16987645163033596,0.8154922041143003
762,0.5998167453409274,0.9406212289384577,0.3494418909292366,0.053299462113973024,0.17174114827962908,0.8232850623941078
763,0.599852029449552,0.9375977807470488,0.3467913948108216,0.05391505740054656,0.17113217270749487,0.8153269543244234
764,0.5998688642120905,0.9410778590462585,0.3488150955506754,0.0558688404107598,0.17069324088119361,0.819883205360073
765,0.5998434011550965,0.9397175571105555,0.3485792357452262,0.056800272479517494,0.170919696384556,0.8180177383716052
766,0.5998099214668943,0.9417926401519332,0.3504322753667556,0.05765814252895689,0.1727067658339894,0.8209319177373204
767,0.5998195636050915,0.9390091821233302,0.3496146340695853,0.05616773959967088,0.1701901332887497,0.8224860293203353
768,0.5997893465829599,0.9415725394172128,0.3479883262904598,0.05571811108604093,0.17101844295028903,0.8172284248350494
769,0.5997974305852221,0.9402977167756487,0.34852568479174195,0.055801757900224,0.17321127378289955,0.8165640226921023
770,0.5998088433773324,0.9409067297970949,0.3499137771669921,0.05486602675613379,0.174847182915915,0.8200281218289277
771,0.5998129522158024,0.9407697535633568,0.3514888675919637,0.05543170794435797,0.17535022895061714,0.823684665880916
772,0.5998207582681125,0.9376746202404395,0.3526452129379382,0.05545478921961944,0.17607457052905323,0.826406279065142
773,0.5997948097192931,0.9414997281363052,0.35263123212084363,0.056439499786779555,0.1753492514820351,0.8261049450937161
774,0.5998221730338134,0.9379437084631637,0.352157064650015,0.05459063199769639,0.17560751904378855,0.8262730429085601
775,0.5998287106508945,0.9345513082689525,0.350197960107486,0.053409653087707884,0.17429222905775296,0.8228919981769972
776,0.5998319625970073,0.9389025612272976,0.3497784999279569,0.05407748809369335,0.17643496168418757,0.8188230500059898
777,0.5998129404395196,0.9404346766315265,0.35239085199030024,0.054025761645086476,0.1792536042120637,0.8238931901137505
778,0.5997994353616619,0.9406193938543027,0.35201154417026004,0.05377685226178012,0.17887618959443777,0.8233815906545623
779,0.599766789503473,0.9387527523932634,0.3514859973406888,0.053077676401339965,0.17924075496429587,0.8221395606564307
780,0.5997675565827644,0.9404910646602439,0.34922504264375226,0.05294985807816154,0.17585865154748256,0.8188666183056127
781,0.5997648727750999,0.942312748734831,0.3523287361755156,0.052827629419246756,0.1765735297745911,0.8275850493327089
782,0.599795655179616,0.9401117329175966,0.3501619844965539,0.05205196898324806,0.17501758186029628,0.8234164026461174
783,0.5998171804884677,0.9409133422313735,0.3507742832968455,0.05228233146564901,0.176556081797113,0.8234844366277744
784,0.5998153941585773,0.9395368447994142,0.3491028880279519,0.05305332383918774,0.17644425175991776,0.8178110884847504
785,0.5998472999632202,0.9399270070463746,0.3525143477894381,0.052938780180438995,0.1781604464139595,0.8264438167739155
786,0.5998126965584148,0.9394098420813493,0.35070875182895583,0.0523778634258604,0.17570761538558896,0.8240407766754182
787,0.5998113753053986,0.9404585064979343,0.34973741814373605,0.05182097347048485,0.17361051845711548,0.8237807625036079
788,0.5998005568129101,0.9392149669605775,0.35077066014727065,0.052754337102383246,0.1721205847550555,0.8274370585843731
789,0.5997698305681408,0.9420384937040079,0.3508087814425244,0.052260628685735694,0.17387608400573784,0.8262896316360996
790,0.5997645743915695,0.9419788437518766,0.3528471016121817,0.05233018245214568,0.17668359766210576,0.8295275247222936
791,0.5997439012606914,0.9429017928430373,0.3535268474415553,0.05448876631203896,0.1771582937226541,0.8289334822899729
792,0.5997541769986122,0.9420658936088308,0.35296421143736345,0.054477393673065706,0.17863573058037166,0.8257795100586528
793,0.5997658825096256,0.9378258354620669,0.3536366981686241,0.05506683207348007,0.17726271166521687,0.8285805507671753
794,0.5997591859017609,0.9408290397198381,0.35071668545377105,0.05362267485748771,0.17621361694791612,0.8223137645559092
795,0.5997587719701418,0.9392655668949951,0.3492114877804133,0.05369917112949436,0.1763991934690875,0.8175360987426582
796,0.599741704900775,0.9412925289470035,0.3494200049904505,0.05556195856314123,0.174544938237791,0.8181531181704195
797,0.5997066427568746,0.9404285386789693,0.3515260758257939,0.054172968325086716,0.17536605586894746,0.8250392032833476
798,0.5997445889873544,0.9390698372250781,0.3494039670296215,0.0557566296540626,0.174118578291475,0.8183366931433269
799,0.5997240085707222,0.9425601995566607,0.352048165879325,0.05371957823213113,0.1755456517803004,0.8268792676255434
800,0.5997120210922247,0.9386439339320918,0.35176822206599795,0.05468534074645256,0.17308057557637707,0.8275387498751642
801,0.599702718937753,0.9377932071620129,0.35213735839125443,0.05557788374332943,0.17157742600268341,0.8292567654277505
802,0.5997323346300779,0.9390120498614453,0.35232160233753085,0.05542576547727073,0.1740496816440509,0.8274893598912708
803,0.599713115799473,0.9388825552865292,0.35224043857852216,0.054265156542102795,0.17591992363122116,0.8265362355622425
804,0.5997048031684497,0.940101029701738,0.35180554021030896,0.05383958364069528,0.17596402096378572,0.825613016026446
805,0.5996978641633854,0.9425012995744232,0.3522558711870096,0.05461610625425086,0.17732831571986113,0.8248231915869169
806,0.5996724886169763,0.9398140951924993,0.3540603918431869,0.05532408367536822,0.17853816161791344,0.8283189302362791
807,0.599656989943266,0.9401709170853998,0.35418512728522045,0.05559020994914564,0.17791116638300597,0.8290540055235097
808,0.599669239791024,0.9396644650926113,0.35046522930720775,0.05455388525932596,0.1742920122166563,0.822549790445641
809,0.5996654195962932,0.9399139451767456,0.35134383803404184,0.05445953214435749,0.17480796529415207,0.824764016663616
810,0.5996943695804473,0.940508166014915,0.3520478457257583,0.05462912584770733,0.17591242208856922,0.8256019892409985
811,0.5997013271788882,0.9413581899914819,0.3515937628452514,0.05509218890767367,0.17416145912873743,0.8255276404993431
812,0.5997103260874067,0.9396087776861,0.3529702015875091,0.05558946251030849,0.17487877774531238,0.8284423645069062
813,0.5997292091381321,0.9404985912114642,0.3538836152041951,0.0553311465534471,0.1738273103907823,0.8324923886683558
814,0.5997249087849148,0.9404055889769869,0.35254485089535365,0.05527187526885734,0.17344217095225425,0.8289205064649494
815,0.5997207284585826,0.9415872635893164,0.3502925462940124,0.052785391801072605,0.17527857820226972,0.8228136688786949
816,0.5997130616114935,0.9391615664325018,0.3518471433824645,0.05354278016230806,0.17333740244251722,0.8286612475425682
817,0.5997040827257377,0.9400806756425126,0.35068112585840155,0.05418169204200125,0.17514633817278583,0.8227153473604177
818,0.5996908880569973,0.9404266491753916,0.35209153098882334,0.05456068877090286,0.17293316881681733,0.82878073537875
819,0.5996753303024787,0.9376831528418637,0.35249816501571335,0.05441161460640398,0.1721414626459648,0.8309414177947712
820,0.5997110307725954,0.9398642984033881,0.3528779093902863,0.05444278840063923,0.17352593224187574,0.8306650075283438
821,0.5997440166557949,0.9407327938528796,0.35201296810957694,0.054004231706231996,0.17475036941209734,0.8272843032104014
822,0.5997341004885625,0.940421909662689,0.3518172636737226,0.05546668542580716,0.17197245819723211,0.8280126473981285
823,0.5997637370093769,0.9393051022739382,0.3510058398081904,0.05516573973348233,0.1728380895789625,0.8250136901121262
824,0.5997825384568036,0.9408891602079822,0.35065791144202707,0.05516541811649015,0.17101921888815172,0.8257890973214395
825,0.5997471420834376,0.9397060863958347,0.35192619161670796,0.055003895125614335,0.1713597786724773,0.8294149010520323
826,0.5997547925800751,0.9398639961447999,0.3528477397650393,0.0559378987044842,0.16905463610829466,0.8335506844823392
827,0.5997719275427624,0.938189733670463,0.3519523294519257,0.05638246976196775,0.1692523624201386,0.8302221561736709
828,0.5997553857384429,0.9402571110312621,0.3523752743711617,0.055658244099011836,0.16826698297558157,0.8332005960388915
829,0.5997592122820795,0.938427496239117,0.35178107395106095,0.056026580320058895,0.16719897311325785,0.832117668419866
830,0.5997860163454638,0.941984231919977,0.3525324142007369,0.05597357465864587,0.16902790924522174,0.832595758698343
831,0.5997800654716252,0.9409819246336838,0.3526704668901571,0.057203516593368926,0.16663908821754478,0.8341687958595575
832,0.5997743426638701,0.9394633280140112,0.35135551029540574,0.056429110506850726,0.1663033104072415,0.831334109972125
833,0.5997805419612262,0.941888028349231,0.3497607207628501,0.05603711212066056,0.16571233586423129,0.8275327143036583
834,0.5997677460842521,0.9414904886686695,0.349302440041741,0.057190047693132774,0.16551978624789002,0.8251974861842002
835,0.5997581644456688,0.9417490781339607,0.35271347910184053,0.05662104268129446,0.16839018520055343,0.8331292094236737
836,0.599731496115132,0.9389850070304245,0.35127674954250215,0.05598756995944532,0.16980943961030392,0.8280332390577573
837,0.5997325466141261,0.940007644798441,0.34999914812458216,0.05589979184930759,0.16813711825733135,0.8259605342671075
838,0.5997110210800835,0.9409858581513083,0.3509267795894041,0.05595061170231288,0.16777855921620613,0.8290511678496933
839,0.5997175443644145,0.9382957424420336,0.35103084678565344,0.05692698940582318,0.1675633857748104,0.8286021651763267
840,0.5997222309326348,0.9428726633997045,0.3497674015035999,0.05787213621505549,0.1669481913350271,0.8244818769607172
841,0.5997320446108048,0.9397732420361994,0.35302467170947405,0.059709409540281394,0.1652847329521491,0.8340798726359916
842,0.5997516720088079,0.9425669169190182,0.3496486793305163,0.056508930994634915,0.16344555472548813,0.8289915522714257
843,0.5997669943468493,0.9421630235233084,0.3511067594299348,0.05529447245626984,0.16398882470920836,0.8340369811243262
844,0.5997773255915787,0.9416936398123837,0.35096368023467306,0.054409200532045315,0.16350903749273857,0.8349728026792353
845,0.5997769779770273,0.938707992132703,0.35107333649797356,0.054861539094330086,0.16379990470034209,0.8345585656992485
846,0.5997690843551665,0.9418926335619261,0.3491496189133857,0.05619741181555728,0.16492678583414216,0.8263246590904576
847,0.599770257550384,0.941975082680451,0.35097291540851167,0.0550454691958977,0.16741603364768443,0.8304572433819529
848,0.5997753953065192,0.9413379253771164,0.34951047912842564,0.05619443330954129,0.16694766090844912,0.8253893431672866
849,0.5998231876814505,0.9419953547389682,0.3514463963774167,0.05550242131919757,0.16752679662371978,0.8313099711893328
850,0.599791857754955,0.9382617842062623,0.3515736301332389,0.054639292907304605,0.16962257988099563,0.8304590176114165
851,0.5998047521428577,0.9427270763628415,0.34904988202133735,0.05473885878447492,0.16582381966220225,0.8265869676173349
852,0.5997982959115089,0.9402762740305519,0.34975850981845136,0.057320319350470564,0.16827227900348743,0.823682931101396
853,0.5998011190878842,0.9396761163716705,0.3505851101923981,0.05655706745546409,0.16808173316427516,0.8271165299574551
854,0.599804959225405,0.9431106122852079,0.3522844028688067,0.0554968701440974,0.16806009980927747,0.8332962386530451
855,0.5998008841513986,0.941318727108169,0.35112676754254646,0.05481732742123739,0.1684897586495275,0.8300732165568744
856,0.5998062936504241,0.9398617683662682,0.3508335292614427,0.0555744105119973,0.16760593682815675,0.8293202404441742
857,0.5998011638791273,0.940638899822473,0.35378933471676216,0.05719734307942781,0.16733767665937413,0.8368329844114846
858,0.5998052469599646,0.9428552908345326,0.352957752266061,0.056306064808310734,0.16787819066513246,0.8346890013247399
859,0.5998248255134647,0.941582515648685,0.3534280441081326,0.05540220352492621,0.16853107326787714,0.8363508555315946
860,0.5997990670679911,0.9390572528898686,0.3510678951183706,0.054317559459529,0.16751262874011905,0.8313734971554638
861,0.5997928330014138,0.9413342482482838,0.35345292369670944,0.05628542027227681,0.16783987121326985,0.8362334796045817
862,0.5997988262554443,0.9418787778056663,0.351637686762507,0.05712962696742693,0.1670234423230764,0.8307599909970178
863,0.5998047600595483,0.9434229077193305,0.3488653671931366,0.05552347907896893,0.16519800037737423,0.8258746221230666
864,0.599814538655609,0.9396285369502582,0.34851780432304597,0.05463700033963791,0.16451329426750924,0.8264031183619909
865,0.5998066944981305,0.9405075126120643,0.3506345644483947,0.05864264864674699,0.16688170965475319,0.8263793350436839
866,0.599817597488064,0.9421055734723337,0.34894710274270146,0.058520686590384716,0.16553593757418053,0.8227846840635391
867,0.5998126956059043,0.9409018980953564,0.3519107277923208,0.05781412497593455,0.1643377542358594,0.8335803041651685
868,0.599790645689031,0.9384969042269772,0.35096835634388557,0.05736661459202893,0.16621133005671893,0.8293271243829088
869,0.5997875745823823,0.9422849830408372,0.35049091143903915,0.05728973418909102,0.16580373743213744,0.8283792626958889
870,0.5997823744010294,0.9413640310306857,0.35051365540556684,0.05727505370041384,0.16625351935648472,0.828012393159802
871,0.5997618287256763,0.941567799073113,0.3495871813330616,0.057274430137632205,0.1674866380987599,0.8240004757627926
872,0.5997717704501894,0.9415863959715527,0.34923275317363933,0.05612547696088585,0.16846791387323723,0.8231048686867949
873,0.5997802169769748,0.9410160872116115,0.3485594594721585,0.05592760323430992,0.1643748223093836,0.825375952872782
874,0.5997784765272504,0.9425638595561681,0.35026527354747167,0.05692904313536508,0.16539019763957277,0.828476579867477
875,0.5997787499109727,0.9415692895775173,0.34794373203148726,0.055993373427338636,0.1644100022324203,0.8234278204347029
876,0.5997771937201425,0.9439072340187848,0.34754884270262687,0.0574741518725243,0.16341427008021173,0.8217581061551447
877,0.5997568551076541,0.9431107144339129,0.34817258080717955,0.0582126362198152,0.16559628671310808,0.8207088194886154
878,0.5997464604896545,0.9414919918069393,0.34981548550021685,0.05816836991221876,0.164211637042721,0.8270664495457108
879,0.5997570164972351,0.9394781835247206,0.3495487327190136,0.058975730489042186,0.16265835633353057,0.827012111334468
880,0.5997289221479474,0.9407987070880302,0.35205519712302263,0.05675343833836495,0.16383348497776618,0.8355786680529367
881,0.5997472099579888,0.9402903812966082,0.34667635392615803,0.05682042458498749,0.16197445009040876,0.8212341871030779
882,0.5997464084939454,0.941645716928181,0.3475984420459533,0.057754082310715944,0.16516162542083085,0.8198796184063132
883,0.5997471873763257,0.9408173599260131,0.34687755026520894,0.05746062271892014,0.1639940525292332,0.8191779755474736
884,0.5997371982359563,0.9399620987179811,0.3471244704825621,0.05637293590174071,0.16442808627440428,0.8205723892715414
885,0.5996966115831218,0.9422880657366904,0.34833414948376085,0.057817119679881186,0.16311463556682512,0.8240706932045762
886,0.5996819180875678,0.9428041053043664,0.3477694294037122,0.05678302745719258,0.16066270106640082,0.8258625596875431
887,0.5996429974779425,0.942204070635338,0.35194050074019906,0.05624291822388509,0.16411033949893994,0.835468244497772
888,0.5996393784610323,0.9408776796337004,0.35214135174619604,0.05791139105084807,0.16665797382913183,0.831854690358608
889,0.5996312817877066,0.9429636097474582,0.35085229718597694,0.056830962958121324,0.16465847782284654,0.831067450776963
890,0.5996237191713618,0.9409523580336587,0.3523075922476372,0.05829897500754785,0.16649716264569936,0.8321266390896642
891,0.5996158652556286,0.9374664649415886,0.3512222135418123,0.05464987849237888,0.16612788677493678,0.8328888753581213
892,0.5996244281402052,0.9435298859651338,0.35071683008338195,0.05614455761672206,0.16565031275005854,0.8303556198833651
893,0.5996283019452342,0.9401559909921221,0.35251256076295573,0.05595876563928027,0.16494540429120702,0.83663351235838
894,0.5995952061096983,0.9389400088120161,0.35081536606948927,0.055431865977616034,0.16726912088662074,0.829745111344231
895,0.5995635642284246,0.9406524675811867,0.34996514120364697,0.05517341101614188,0.16791397974254066,0.8268080328522583
896,0.599594437411819,0.9417256812410194,0.35034516976750296,0.057096671465408394,0.1685414627695955,0.8253973750675049
897,0.5995803001375055,0.9432500210358402,0.3522912629089052,0.058575858271262,0.16948616512190975,0.8288117653335437
898,0.5995839330590259,0.9418181380511563,0.3510070087368431,0.056381214740593676,0.1663256463570853,0.8303141651128503
899,0.5996097040835198,0.9419522690836523,0.352283527184443,0.057000671584097266,0.1658044646674063,0.8340454453018256
900,0.5996295631693009,0.9401111596527035,0.35263744581488254,0.05849931631722871,0.165558756693109,0.83385426443431
901,0.599619873519508,0.9431717385902104,0.35140431120382426,0.05692678842295746,0.16471410766926387,0.8325720375192515
902,0.599629295601847,0.9417178484279274,0.3544818719301144,0.057902965456838436,0.16581781381245037,0.8397248365210543
903,0.5996767916672548,0.9412127698673088,0.3544084437219792,0.058062804789110946,0.16362273629876647,0.8415397900780603
904,0.5996881278149877,0.9435615755363288,0.3508308606540548,0.058019131493702344,0.16500021943555004,0.829473231032912
905,0.5996876398323557,0.9410039319335384,0.34991387832694415,0.058272999413980245,0.16561558459354467,0.8258530509733075
906,0.5996875850301923,0.9437391944674601,0.35035241595806815,0.05611888156955894,0.16510534177342698,0.8298330245312187
907,0.5996959201455737,0.9443005009054736,0.3484762883826143,0.05482026817985668,0.16600007521468568,0.8246085217533005
908,0.599667987682125,0.938366346296428,0.35177525364398704,0.05743037045407308,0.16814480245549784,0.8297505880223903
909,0.5996686047307082,0.9436338507488516,0.3519983979859053,0.05852986683605297,0.16751442547609638,0.8299509016455666
910,0.5996439884473763,0.9424058150581522,0.3501411060208051,0.060011613947553805,0.16768659252825088,0.8227251115866107
911,0.5996468931113054,0.942502640743799,0.35173635340209064,0.05951261746055359,0.16700467019203954,0.8286917725536788
912,0.5996422750833684,0.9432267801835982,0.3516849807461921,0.05675173786459608,0.16739676026885578,0.8309064441051245
913,0.5996401382356022,0.94308001173986,0.3494690666275607,0.05666068073693178,0.1643384222629342,0.8274080968828164
914,0.5996571662606045,0.9420290058751917,0.35301771103699325,0.05747527886947424,0.16887542705628683,0.8327024271852186
915,0.5996724394036848,0.9419796537718722,0.35178897937423587,0.05770076021749008,0.16788416499168612,0.8297820129135313
916,0.5996525753882231,0.9407967384490044,0.353632385064584,0.059342913184848946,0.1666953119953797,0.8348589300135233
917,0.5996820522275518,0.9401413306465563,0.35279581707572144,0.05840217950190969,0.1691387512625724,0.8308465204626823
918,0.5997209909564819,0.943528251905972,0.3503605733866182,0.05668582716640207,0.1673587855428287,0.8270371074506236
919,0.5997228758261096,0.9441508023812354,0.35120453278387015,0.058050025819424186,0.1647553692354126,0.8308082032967735
920,0.5997232649247203,0.9412669696474733,0.350822686368428,0.05815770260582627,0.16653583324049598,0.8277745232589617
921,0.5997247649905938,0.9412079321130195,0.3498298841552511,0.05583924999247418,0.16426601605023655,0.8293843864230426
922,0.5997353944317314,0.9414659555084904,0.3506151612083958,0.05740084453202357,0.16497112623744797,0.8294735128557159
923,0.5997466862818015,0.9431591345698355,0.3498183109427739,0.05764571349520923,0.16447753125570927,0.8273316880774032
924,0.5997349024056182,0.9423224214785769,0.35138789570428414,0.05657442554464627,0.1629351501276716,0.8346541114405345
925,0.5997455064009898,0.9427195241537981,0.3530355703140231,0.05700956949209323,0.16600652277613417,0.8360906186738419
926,0.5997610383732292,0.9410416039906617,0.3517739075423619,0.05638651150570471,0.1669629595730126,0.8319722515483684
927,0.5997791675870515,0.9380465370928445,0.35254142495500485,0.05781560436832551,0.16534190460378653,0.8344667658929025
928,0.5997951991737288,0.9422962177749171,0.3513783197664491,0.05721153506241535,0.16673543836541962,0.8301879858715124
929,0.599804177613636,0.9417514745091773,0.35275923535117243,0.05615094303660755,0.16533636589113423,0.8367903971257754
930,0.5997859793586539,0.9409481765755238,0.35539153269999846,0.055895710016475746,0.16633358064180204,0.8439453074417175
931,0.5997860933781439,0.9397218902790985,0.3530303460203684,0.05579530388736042,0.1646480101386235,0.8386477240351214
932,0.5997932886583988,0.9413187823270011,0.35336947863500606,0.055481130378388165,0.16593834987184397,0.8386889556547862
933,0.5997675234539215,0.9431070308947952,0.35162888877881204,0.05663057263576659,0.16456106746572657,0.833695026234943
934,0.5997761463903496,0.9425935627393084,0.3518513572435617,0.05786371596221017,0.16534594795496071,0.832344407813514
935,0.5997769351611241,0.9396816692783151,0.35175944755081734,0.05669813801915646,0.16317305992081074,0.8354071447124848
936,0.5997555121745872,0.9435945271418589,0.3469744074109026,0.0557979903924874,0.16428305142037167,0.8208421804198486
937,0.5997393907592637,0.9424307502914507,0.3491694981254468,0.053656918447959036,0.1625646236001456,0.8312869523282358
938,0.5997193170723931,0.9439370344290798,0.3496740164580138,0.052761927126404665,0.16181916910519958,0.8344409531424373
939,0.5997256267701853,0.9420731918341672,0.3484045687183873,0.05169048876604191,0.1608023710606771,0.8327208463284429
940,0.5997426675750385,0.9419319611130187,0.34817040838069296,0.05123250714641078,0.16268365156072567,0.8305950664349424
941,0.5997466573571055,0.9418636999310183,0.3460095969529821,0.05437254457116243,0.16170347468419938,0.8219527716035847
942,0.5997474193274841,0.9439426795252696,0.3506698343484336,0.0523564430678286,0.16327926602791007,0.836373793949562
943,0.5997555293051167,0.9421180970298237,0.3498710991957458,0.05315469711304159,0.16254385218864845,0.8339147482855473
944,0.5997574019871658,0.94107189880913,0.3505903497828152,0.05288356485791038,0.16208932294285605,0.836798161547679
945,0.5997576849424983,0.9413325138001645,0.34731615655733944,0.051983690186641854,0.1618610511964737,0.8281037282889029
946,0.5997662169951002,0.9415183502345857,0.3480236883189346,0.05255373294659684,0.16142088931906032,0.8300964426911466
947,0.5997809156792407,0.9413248893718371,0.34930154590918927,0.053167204129123694,0.16143362225468746,0.8333038113437566
948,0.5997971384808652,0.942992110625042,0.3467394624197751,0.05106281905262138,0.1617457068411345,0.8274098613655696
949,0.5997881664824978,0.9418169904815513,0.34516823879018244,0.05147878971494187,0.16211325594785297,0.8219126707077523
950,0.5997821369801282,0.9435113380359532,0.3435995429083346,0.05157966428658967,0.16098022008117285,0.8182387443572413
951,0.5997556397076858,0.9385174584432465,0.3479492337197204,0.05178775785056906,0.16127846423291864,0.8307814790756735
952,0.5997749459229109,0.9420340526216234,0.34762029696842295,0.05274677786440808,0.1634672262065771,0.8266468868342834
953,0.5997962053108546,0.9407701660289209,0.34606114765042856,0.05392600395274207,0.16127997194998173,0.8229774670485619
954,0.5998014368524268,0.9425128781173157,0.3458692344381497,0.05394342711487618,0.15757386879301719,0.8260904074065559
955,0.5998225941460309,0.9424417334365156,0.34428110065963385,0.052238786629607785,0.15969016737049113,0.8209143479788027
956,0.599830783966204,0.9403040587888688,0.3450794115482246,0.052874215255193306,0.16089855987450127,0.8214654595149791
957,0.5998459077290651,0.9401090834855256,0.34530688279999766,0.053098059883121905,0.1595425578879769,0.8232800306288941
958,0.5998513628652035,0.943299762473536,0.34475540165335955,0.050518131042462326,0.1578363966550188,0.8259116772625975
959,0.599859128466074,0.9414549229332597,0.34492239424296595,0.05137233171279218,0.15584708327697688,0.8275477677391289
960,0.5998209131245916,0.9412741096967034,0.34590433068485665,0.051994732555675056,0.1571440941430809,0.8285741653558142
961,0.599816509260502,0.9426233110993905,0.3475188822995719,0.05385199410626899,0.16017615952056538,0.8285284932718813
962,0.5998221053794721,0.9407171010655037,0.3491275374559531,0.05294945494354861,0.1603652569612049,0.8340679004631059
963,0.5998449172537891,0.9421331028577561,0.3505487375569774,0.05337305208796268,0.16255123257340362,0.8357219280095661
964,0.5998594577377138,0.9418138877371062,0.3483329595213581,0.05112168073546816,0.1606628825168236,0.8332143153117825
965,0.5998602232644716,0.9432729875628595,0.34540281208650503,0.051759445251777336,0.16014145039477679,0.8243075406129611
966,0.5998662615753172,0.9414982627262922,0.3470586552275035,0.05269458086777582,0.15997184392666938,0.8285095408880652
967,0.5998431212247564,0.9432061548000976,0.3484704666746498,0.05407711066106976,0.15872629070827324,0.8326079986546066
968,0.5998125114148418,0.943700195693027,0.3478703223216749,0.05397162678488096,0.15861835570320917,0.8310209844769346
969,0.5998026053677438,0.9432510918248447,0.35136263224109565,0.053390238256075584,0.15946247962355045,0.841235178843661
970,0.5998177783951056,0.9442823382577525,0.34958019350806546,0.054068718775643135,0.1571472668054315,0.8375245949431218
971,0.599829983103408,0.9450644369357614,0.349941339939666,0.053385126137467154,0.15708227718113524,0.8393566165003955
972,0.599819138321541,0.9427057435625351,0.34675950156509844,0.05225475644836261,0.1560968151290768,0.8319269331178559
973,0.5998206002168586,0.9445102769672347,0.34475211867608396,0.05121457998774212,0.15694656616840927,0.8260952098721006
974,0.5998128452561334,0.9433039685913317,0.34478654100128553,0.05131383411254776,0.15351790516064617,0.8295278837306627
975,0.599802742596143,0.9422037349101503,0.3430077534748097,0.0522773311566759,0.15675432677359266,0.8199916024941606
976,0.5997909688656234,0.9441042746154108,0.34442441357740544,0.052043622633145034,0.1540083592733082,0.8272212588257629
977,0.5997770173030792,0.9414895390286475,0.34468871582107563,0.05070014152913075,0.15135959369086438,0.8320064122432316
978,0.5997534735169933,0.9407838699909993,0.3443923185513834,0.050125518536923444,0.15349307273768192,0.829558364379545
979,0.5997652721038917,0.9428576683283981,0.3430478044336663,0.05103144094337888,0.15286704613459703,0.8252449262230228
980,0.5997430543680239,0.9423976351036255,0.34373498864109536,0.0489570841546517,0.1518229117584282,0.8304249700102061
981,0.5997552227883113,0.943710455686121,0.34179677936461594,0.05003938078480678,0.15434757080471728,0.8210033865043237
982,0.5997475873964931,0.9422439461542107,0.3467585408208616,0.051757146648828904,0.1526329220961066,0.8358855537176493
983,0.5997591833347689,0.9443708993658575,0.34756127024070477,0.052542971429380504,0.15176544638597955,0.838375392906754
984,0.5997697456731551,0.943657718911799,0.3475182334606582,0.051166854863743456,0.1526421540118001,0.838745691506431
985,0.5997630553293782,0.9430289571342209,0.3455237749438468,0.05015075173768298,0.1527864629983871,0.8336341100954702
986,0.5997628031045565,0.9424365181368477,0.3447626905276138,0.050594711461903134,0.15211167623740746,0.8315816838835308
987,0.5997497776206528,0.9440616729178333,0.3456535764346274,0.04954309587288618,0.15529387388210752,0.8321237595488886
988,0.5997482826420779,0.9418961647503021,0.3427299823728323,0.051633715190904934,0.15215619935178723,0.8244000325758049
989,0.5997740672988044,0.9430338308199937,0.3444072348088754,0.04994821836159477,0.15414828648195467,0.8291251995830766
990,0.5997833179493803,0.9418269804431347,0.3452486538675424,0.05015798278341683,0.1546224425757348,0.8309655362434756
991,0.5997837166332503,0.9436687432531686,0.3459274998471361,0.05064657089589598,0.15177067265432517,0.8353652559911872
992,0.5997818881302204,0.943350581262395,0.34501777910310366,0.05021952493089652,0.1529735876551122,0.8318602247233023
993,0.5997844270651764,0.9406462529508304,0.34657687683998556,0.051579614136011885,0.15368670270333798,0.8344643136806069
994,0.5997779296886951,0.9441858624988331,0.34576592435143005,0.050492358814437345,0.15362479007233062,0.8331806241675221
995,0.5997878029925289,0.943156326178907,0.34548380159171693,0.04955856469132851,0.15491603281317504,0.8319768072706472
996,0.5997723160702205,0.941956129700042,0.3445682364626384,0.049684897225882554,0.15275451300627851,0.8312652991557542
997,0.5997819636414676,0.942253339393906,0.34716258900806957,0.04918704506843967,0.15402426599795424,0.8382764559578147
998,0.5997797976246968,0.9412260309574901,0.3464333346342638,0.04896433884177649,0.15610767884105653,0.8342279862199585
999,0.5997829401186696,0.9440614458029138,0.34674404657914126,0.04963174913704106,0.1562622210974581,0.8343381695029245
1000,0.5997851985018963,0.9418692459123815,0.34565846673319034,0.05047236349773528,0.15246090161164821,0.8340421350901875
1001,0.5997794558525081,0.9419489083827666,0.3443477740050138,0.050849591515771016,0.15312166708138292,0.8290720634178875
1002,0.5997737203754165,0.9408958271245701,0.3453863826990301,0.049727973084068997,0.1528868729715456,0.8335443020414757
1003,0.5997632413507287,0.9422533174381711,0.3442974626480207,0.05021594069081525,0.15197851576432778,0.830697931488919
1004,0.5997601558636416,0.943787923365019,0.3426230225240206,0.04938159220483513,0.15180531272565492,0.8266821626415718
1005,0.5997740003523646,0.9420732048638721,0.3424185252527516,0.050096235957721384,0.1501464556158013,0.8270128841847321
1006,0.5997718909471723,0.9420575233919829,0.3407907790690448,0.04786995112273033,0.15189706517522514,0.8226053209091789
1007,0.5997767021178383,0.9448019036429312,0.34473310538151564,0.047595393768685226,0.154086584023977,0.8325173383518847
1008,0.5998000314112363,0.944937984974922,0.3429012222651499,0.04682460735004864,0.15320219334587726,0.8286768660995237
1009,0.5997971188011829,0.942790579007188,0.3440598719211544,0.04711026590763591,0.15212152690130726,0.8329478229545199
1010,0.5998039230763826,0.9422695716704429,0.34541147807605127,0.04730567948596089,0.1536848862428228,0.8352438684993702
1011,0.5997763881333287,0.942640769525681,0.3453257197277929,0.04780939599116697,0.1558427032873798,0.8323250599048321
1012,0.5997609056074629,0.9436777252803089,0.3443533661555475,0.04831417061601307,0.15381530630912443,0.830930621541505
1013,0.5997609924485493,0.9439399216466666,0.34381190017715313,0.048866743578043506,0.15120551136913515,0.8313634455842807
1014,0.5997738910033971,0.9440915067958272,0.34587887570759984,0.04762828774983296,0.15373332087622288,0.8362750184967437
1015,0.5997770814210615,0.941738516858239,0.3460679570449605,0.04851037462349799,0.15367863693202377,0.8360148595793597
1016,0.5997707956098197,0.9433429588112829,0.34661619963446505,0.04984427844109356,0.15334796488406502,0.8366563555782366
1017,0.5997748815282563,0.9447004318581441,0.3432515181019564,0.048963446166037344,0.15308470226039184,0.8277064058794399
1018,0.5997757632974604,0.9449935019487464,0.34467205045998445,0.049333507409755686,0.1516197396206847,0.8330629043495128
1019,0.5997714577256674,0.9445031625671566,0.34455577742830373,0.04845146464265171,0.15066721852949067,0.8345486491127688
1020,0.5997652554677064,0.9408367405689251,0.3466856782684167,0.04828296042176978,0.1517198981221471,0.8400541762613332
1021,0.599767699251467,0.9439562120156696,0.3438242777760176,0.04726225954797163,0.1509128861537766,0.8332976876263045
1022,0.5997556355143249,0.9456280121978087,0.3452058931141893,0.04834062076091624,0.15157250853459134,0.8357045500470602
1023,0.5997333685461743,0.9424976034601298,0.3465763790670634,0.04957788974502888,0.1514242734804731,0.8387269739756882
1024,0.5997215697047802,0.9435681203440601,0.3457555081983322,0.04907707643495552,0.14910221346994038,0.8390872346901008
1025,0.5997280755097374,0.9457163316160461,0.3441294854781579,0.048021960756077495,0.14992636652174,0.8344401291566563
1026,0.599708241810168,0.941987188989387,0.34135523072067636,0.04847170859147575,0.1488136441678188,0.8267803394027345
1027,0.5997058604263897,0.9419876675489987,0.34508895613089524,0.04826182838970954,0.15133918575912,0.8356658542438563
1028,0.5997171056300075,0.9421449226087212,0.3459998088701337,0.04821479031596973,0.15113067734397448,0.838653958950457
1029,0.5997041680178232,0.9436977461920879,0.34295850967248614,0.04953087835071796,0.15176125440156726,0.8275833962651732
1030,0.5997025581328753,0.9418781142437892,0.34558713734635194,0.04894647095221601,0.15210583096532002,0.8357091101215197
1031,0.5997284376094255,0.9434772282869993,0.3494850273894342,0.05061909527347083,0.15355126869826313,0.8442847181965687
1032,0.5997203328181736,0.9430123516825689,0.3471093310832752,0.048807023372034866,0.15190592477032064,0.84061504510747
1033,0.5997263432775887,0.9421372719814791,0.3468139902285759,0.048758628521887615,0.15297207363626003,0.8387112685275802
1034,0.5997385125329375,0.9450170789661613,0.34747056018414996,0.04929852392438239,0.1519455669343757,0.8411675896936918
1035,0.5997302145114224,0.942638872755745,0.34755237389179716,0.049195825637354355,0.14988767554147658,0.8435736204965607
1036,0.5997434846582996,0.9426919680281362,0.3458662539413729,0.048238428421615936,0.15239200504965494,0.8369683283528477
1037,0.599741555470466,0.9412173824366172,0.34612319315701506,0.04856573430867046,0.15497144901139842,0.8348323961509762
1038,0.5997236536463734,0.9425513147305187,0.3456725207493897,0.04882124283668982,0.15420935076492137,0.8339869686465579
1039,0.5997173020572386,0.94164643488946,0.3474717287986337,0.048103754764470236,0.1533048314703697,0.8410066001610611
1040,0.5997364444042997,0.9419699976771434,0.34839697087910104,0.04720913263619637,0.15834748547196836,0.8396342945291384
1041,0.5997555186778383,0.9425626341011498,0.3486760709437121,0.0475794489427943,0.15645951202311156,0.8419892518652304
1042,0.5997720307899659,0.944560452668028,0.3475824977496583,0.046502042138108955,0.158379715521609,0.837865735589257
1043,0.5997802523756799,0.9414051770985866,0.3474949214567559,0.04743831991852215,0.1559378769619801,0.8391085674897655
1044,0.5997760844793771,0.9419493962203712,0.34703754823512684,0.04650817825432262,0.15705397174949642,0.8375504947015613
1045,0.5997732114862736,0.9446643219741254,0.34847024755489414,0.04636712416106327,0.15597756279243088,0.8430660557111883
1046,0.5997723878073427,0.9423497835487009,0.3486330421259122,0.04603012458254475,0.15560358528365767,0.8442654165115342
1047,0.5997832672657228,0.9426458553592362,0.34739836935562524,0.045856348244481086,0.1546101677791427,0.8417285920432519
1048,0.5997674651584338,0.9403945048043134,0.34608609434302756,0.04574657539654307,0.15238656781570056,0.8401251398168391
1049,0.5997550311865106,0.944215211629335,0.3450618287559462,0.04573490137760698,0.1524410619106923,0.8370095229795393
1050,0.5997478820608853,0.9421704622548399,0.34510647786779447,0.045452011507043956,0.14946493603507424,0.8404024860612652
1051,0.5997456415076275,0.9434971029298157,0.34591896116808424,0.0460044484901548,0.15092756194280751,0.8408248730712906
1052,0.5997440868596063,0.9432544068158071,0.345792230803189,0.0455008387848984,0.15390448910012416,0.8379713645245442
1053,0.5997412075436911,0.9448502889821745,0.3468850776680876,0.046265259397454045,0.15408471860878847,0.8403052549980204
1054,0.5997289657526531,0.9420280281979196,0.34487925094202193,0.046463883811963175,0.15285603054219188,0.8353178384719108
1055,0.5997236592979994,0.9445704124294194,0.34677265252793615,0.044325408318786834,0.1565727420610261,0.8394198072039956
1056,0.5997187271719363,0.9432659903596063,0.34687137737484536,0.04506740823614939,0.1574921183996181,0.8380546054887686
1057,0.5997246537633232,0.945091059631379,0.347769374104898,0.045987230159210774,0.1569331466014724,0.8403877455540109
1058,0.5997065895548909,0.9433539628010758,0.34977012170030675,0.045919105545359,0.1561952077046658,0.8471960518508953
1059,0.5997299202194614,0.9457408188368384,0.34772490098569847,0.04544063998679845,0.15410940720361507,0.8436246557666819
1060,0.5997238279216066,0.944602463820065,0.3470120632307217,0.04587692531403494,0.15243392175713957,0.8427253426209906
1061,0.5997346383521067,0.9442688511617567,0.3478840810408003,0.0458097550250682,0.15191483185905236,0.8459276562382804
1062,0.5997460134176653,0.9438970939744534,0.3493882953820565,0.04753819283799081,0.15036411255967333,0.8502625807485054
1063,0.5997565360641404,0.945246924994236,0.347778800142013,0.04862867751517254,0.15177924407640037,0.8429284788344661
1064,0.5997759676805802,0.9442499802799819,0.3501418385639588,0.046974591367002626,0.15279454205816434,0.8506563822667095
1065,0.5997995168461475,0.9418913869499618,0.34839431872098003,0.047393063675290975,0.15369595791469018,0.8440939345729588
1066,0.5997830013087888,0.9435052372892699,0.3483141356397836,0.0465311614817768,0.15416375148613307,0.8442474939514409
1067,0.5997844292266381,0.9436180533992432,0.34934269521268574,0.046627038309063486,0.15732484500022065,0.844076202328773
1068,0.5997680102269806,0.9441426905350779,0.3491988866152031,0.04514688685583538,0.15492102024009416,0.8475287527496799
1069,0.5997702100985229,0.944918610023636,0.34771465132808643,0.044521035608646696,0.15374913485529706,0.8448737835203154
1070,0.5997568494720528,0.9455663012441209,0.3464625486886456,0.04336841452945702,0.1537349691008759,0.842284262435604
1071,0.5997493221357756,0.9458306625597871,0.3481840664829937,0.04631279995350023,0.15314512150019674,0.8450942779952842
1072,0.5997218817024376,0.9428248424876574,0.3502697296700303,0.04627151729324773,0.15469488309121673,0.8498427886256265
1073,0.5997268008759781,0.9427189883879686,0.3499884761921822,0.046927740223248936,0.15211408320651082,0.8509236051467869
1074,0.599707169830191,0.9442018644591218,0.34911988675180866,0.047214604334678195,0.152805086505239,0.8473399694155088
1075,0.5996808472343499,0.9422751020306622,0.3498116364303909,0.04784985153707707,0.15306884617848102,0.8485162115756146
1076,0.5996697518320382,0.943910822749272,0.3489820614807033,0.04714445258732079,0.15333361278597107,0.846468119068818
1077,0.5996830725413841,0.943121886566328,0.34877641508486307,0.04834625379257025,0.15302240597194025,0.8449605854900786
1078,0.5996871824097995,0.9428069697890893,0.34781001530657785,0.048202326518759886,0.1526948980870087,0.8425328213139649
1079,0.5996834435570187,0.9446386460984224,0.3481168760873654,0.04668127547183342,0.1536296839000084,0.8440396688902544
1080,0.5996838099473439,0.942417877787042,0.34743031760339294,0.04593527141103216,0.1546744505046112,0.8416812308945355
1081,0.5996859259122059,0.9425220455375573,0.35037997445491015,0.047950201697965406,0.15459555177550813,0.848594169891257
1082,0.5997050959502153,0.9447992590569114,0.349913723531241,0.04673546118055501,0.15417070788498394,0.8488350015281841
1083,0.5997062721340434,0.9434746227833983,0.35062712403063856,0.04737195729029971,0.15359347276092133,0.8509159420406948
1084,0.5997102108696524,0.9457875508809397,0.35068044747339233,0.04789172682371925,0.15302898815386135,0.8511206274425965
1085,0.5997249167550295,0.9445567815283169,0.34780664055522953,0.04697952574597129,0.1496849023146554,0.846755493605062
1086,0.5997496972830828,0.9453711760845855,0.3466588395762182,0.04761565727781999,0.1491762718548317,0.8431845895960028
1087,0.5997501951132985,0.9453805374708437,0.34710106981047856,0.047339097081015045,0.1513266238990974,0.8426374884513232
1088,0.5997361239834087,0.9431404470126452,0.3464731591144547,0.04719779244742576,0.15448212290106372,0.8377395619948745
1089,0.5997376956836005,0.9405387906281799,0.3455286301672706,0.046139362285059285,0.15344709280872834,0.8369994354080242
1090,0.5997493138669301,0.9423518497056711,0.3469535617517076,0.04742612989833525,0.15407671861972982,0.8393578367370579
1091,0.5997691760362784,0.9435542894865032,0.34908471935125945,0.04884637984302988,0.1545317169737742,0.8438760612369742
1092,0.5997756833823451,0.9426916512924957,0.34866762923750777,0.045741466001072074,0.1552114788935191,0.8450499428179321
1093,0.599778319343471,0.9452516336366867,0.34629082088767027,0.04690148333622403,0.15578304353572878,0.836187935791058
1094,0.5997561251150343,0.9424616418154478,0.3494991355775492,0.046030468620759366,0.15499501830266824,0.8474719198092199
1095,0.5997544964039618,0.9462580832614691,0.34809048120742736,0.04626034110291504,0.15250250917436606,0.8455085933450007
1096,0.59973724269761,0.9422411252109123,0.3476233170057691,0.04650614691831328,0.15325217351161113,0.8431116305873829
1097,0.5997568839873448,0.9435547219521008,0.34697575194281755,0.04858345058179972,0.1500932234748583,0.8422505817717947
1098,0.599747563242255,0.9462214435126609,0.34866767921601627,0.048003654858391843,0.15004326380194086,0.8479561189877158
1099,0.5997711928775191,0.9418256783937321,0.3480364704232434,0.04801711612629214,0.15075057528427516,0.845341719859163
1100,0.5997725203457088,0.9448012873175499,0.34580687849589903,0.04652197677014371,0.15079529236156627,0.8401033663559871
1101,0.5997782686336214,0.9486795799366937,0.3477646199607047,0.04653640638441095,0.15229744246099178,0.8444600110367113
1102,0.5997789768179962,0.9443267272379166,0.3468412387083897,0.04656521838867374,0.15088829800158,0.8430701997349154
1103,0.5997737086834402,0.9421231405885695,0.3463412274954363,0.045720579878464666,0.15077776775609025,0.8425253348517538
1104,0.5997634157714267,0.944640706834073,0.3463526318639417,0.046660377690685775,0.14832609796825966,0.8440714199328796
1105,0.5997637753554785,0.9466643362412448,0.3458934309136129,0.04515193962236412,0.147670011708368,0.8448583414101066
1106,0.5997525871520949,0.9426500105055406,0.3456167933475484,0.04544369646599486,0.14543136258554618,0.8459753209911044
1107,0.5997739942747146,0.9438493168579458,0.3465875058832524,0.045198051877734326,0.14634141564798545,0.8482230501240374
1108,0.5997583845438853,0.944638163537859,0.34692752257635184,0.04584439117501078,0.146765607315162,0.8481725692388827
1109,0.599765780160441,0.9429288505545529,0.34662380459560166,0.04640503472683351,0.14683653155087908,0.8466298475090924
1110,0.5997889046366498,0.9441506659144239,0.3450672491793586,0.04525033210551121,0.14479302242918501,0.8451583930033796
1111,0.5997908086217533,0.9430493105855239,0.34572274931097974,0.0455250248479291,0.14676533197609537,0.8448778911089146
1112,0.5997941915348285,0.9443334689267004,0.3449899225706324,0.04658299465669667,0.14693679003186977,0.8414499830233306
1113,0.5998011391371721,0.9417503738803547,0.34603903121236007,0.046140271802151286,0.1478738220444092,0.8441029997905198
1114,0.5997930363763737,0.9462362532414335,0.34712720233303407,0.04707473995792385,0.1513813118717329,0.8429255551694455
1115,0.5998015496813183,0.9459124813153893,0.347220309268475,0.04835485359452289,0.1494982664451787,0.8438078077657235
1116,0.5997925484624798,0.9435779451040847,0.34567191747952025,0.04885559632715746,0.14733033876990165,0.8408298173415018
1117,0.5997883872602267,0.9437510082841388,0.3432778814972886,0.04820890243394615,0.14264634524055472,0.838978396817365
1118,0.5997907917649147,0.9444050789465978,0.3438940250384881,0.04813734737746596,0.14632901635826198,0.8372157113797363
1119,0.5997796870275868,0.9418803406149046,0.3422099695731349,0.04830352705619304,0.14663036217119807,0.8316960194920135
1120,0.5997935808050021,0.9425874918627248,0.3424252187226876,0.04680974842963596,0.14721186146063336,0.8332540462777935
1121,0.5998074987179386,0.9446420398682883,0.34195991963963773,0.047955015644485864,0.14555363943871807,0.8323711038357094
1122,0.5998107748236243,0.9440990476643097,0.34426635176139875,0.04782323763129803,0.14290681469442756,0.8420690029584705
1123,0.5998138860828074,0.942342132905816,0.34421413546060314,0.04717597676707617,0.14627170857557595,0.8391947210391574
1124,0.5998288674718365,0.9459071077997838,0.34521967686758426,0.04676853047666528,0.1487324098806885,0.8401580902453989
1125,0.5998391500786152,0.9448948445594335,0.34519850971176397,0.046490996327311226,0.14752897686497246,0.841575555943008
1126,0.599855668253556,0.9432574970361874,0.34628697474302556,0.04568623683561581,0.14751534407760059,0.8456593433158602
1127,0.5998599228253549,0.9429072945400212,0.3442164139417929,0.04682647742557352,0.1454043599500464,0.8404184044497588
1128,0.5998580191824572,0.9453246762023683,0.34703367705029187,0.047245289337748304,0.14485106236468764,0.8490046794484396
1129,0.5998639425729532,0.9430720782312049,0.34447372511361535,0.04724599539686189,0.1442570870308338,0.8419180929131503
1130,0.5998903402844504,0.9423610193373347,0.34616691954527784,0.04591199782706586,0.14426256261313133,0.8483261981956365
1131,0.5998704702723952,0.9432722135570816,0.3425796561742981,0.04567695121222601,0.14559336570335282,0.8364686516073155
1132,0.5998613971181215,0.9446126518353021,0.34547140493661527,0.04588968659679571,0.14444589204363145,0.8460786361694186
1133,0.5998760569916772,0.945740082448781,0.3463327612856418,0.04602952030265702,0.14186811482259737,0.8511006487316709
1134,0.5998844346696567,0.9443442165109813,0.3447778034786397,0.04617519902108993,0.14199806493109218,0.8461601464837369
1135,0.5999137327016385,0.9446528804001011,0.3443884553425863,0.044037181690040596,0.1458119457070849,0.8433162386306333
1136,0.5999380531300901,0.9453548819937387,0.3447451605375567,0.04512933881175971,0.145858864651927,0.8432472781489834
1137,0.5999353468862901,0.9438824447398116,0.34329828852385974,0.04468316063427133,0.14354749912071665,0.8416642058165913
1138,0.5999278286290632,0.9437460764240416,0.3425089660267274,0.04423245077333674,0.14642025500919692,0.8368741922976485
1139,0.5999364966085255,0.9427260732720488,0.34482177438508477,0.04468528705568088,0.1447342958848622,0.8450457402147112
1140,0.5999372636242256,0.9452011509049327,0.34575138701185476,0.046542805600660944,0.14362053553257054,0.8470908199023328
1141,0.5999497392631361,0.9446569011282707,0.3400855902089965,0.04657066943455151,0.14571175874756387,0.827974342444874
1142,0.599933879256175,0.9432264810672781,0.34063312569610893,0.04582994643874656,0.1447482186864591,0.8313212119631213
1143,0.59995382239349,0.942331081916498,0.34218164367518455,0.046496928582306266,0.14478222193413293,0.8352657805091145
1144,0.5999405865923916,0.9431464839498269,0.34358682397204826,0.046153071229115133,0.14404108542401828,0.8405663152630114
1145,0.5999478748412808,0.943422761278277,0.34238101606623383,0.045230037407383634,0.14390487896181164,0.8380081318295061
1146,0.5999554960997677,0.942971529347911,0.34259339462758903,0.047490423002227264,0.14287632647544785,0.837413434405092
1147,0.5999541587742715,0.9455827961013058,0.341595165546842,0.04709426842970359,0.14104521329479913,0.8366460149160233
1148,0.5999477565744116,0.9472288748201299,0.3422403832485944,0.04508267699152179,0.14118395842985218,0.8404545143244094
1149,0.5999451907129335,0.9442668602298384,0.3412896906898597,0.04537058188879354,0.14302482284816295,0.8354736673326227
1150,0.5999494498734854,0.9450307602895496,0.34370256551188244,0.044721146968675914,0.14408279192348575,0.8423037576434856
1151,0.5999596594783637,0.9429247938285907,0.3428140613680834,0.04496971153230924,0.14567190522646153,0.8378005673454794
1152,0.5999316667534276,0.9435441362659132,0.3432507118632244,0.04541284096342972,0.1420507398319889,0.8422885547942546
1153,0.5999343164225617,0.9430828280908996,0.3454314950812824,0.044433043741260565,0.14416079351749406,0.8477006479850926
1154,0.5999463756368671,0.945505016582804,0.34708070896797866,0.04340232587999438,0.14721752318020118,0.8506222778437404
1155,0.5999262434592245,0.9468129115392757,0.34543441164459104,0.043078774000296895,0.14415146535221762,0.8490729955812586
1156,0.5999309598444265,0.9450021960238986,0.34317236160269265,0.04322223889063053,0.14025520542246106,0.8460396404949864
1157,0.5999362307471717,0.944521415067711,0.3405180797057886,0.04330780220762864,0.14241193330743723,0.8358345036022997
1158,0.5999279886835444,0.9444316949053662,0.3390477366189791,0.042872189079143315,0.14068759463835123,0.8335834261394426
1159,0.599926976400997,0.944575017229161,0.343779771471663,0.045512477911998445,0.1417963538573681,0.8440304826456224
1160,0.5999200239872917,0.9427292403724807,0.34413346112295123,0.0466427594253754,0.14025244873079662,0.8455051752126816
1161,0.5999157531901634,0.9425026740692292,0.3416671512529776,0.04502732515817734,0.1414539555679116,0.8385201730328439
1162,0.5999145434497617,0.944404044838569,0.34284950945012316,0.04515499136983935,0.1413932118802713,0.8420003251002588
1163,0.5999205455660193,0.9448716003971239,0.3423919157805868,0.04389299809080485,0.14262124555235184,0.8406615036986036
1164,0.5999223610460834,0.9418759040626907,0.3457933280996673,0.0451966369045986,0.1416595163089151,0.8505238310854881
1165,0.5999186023473438,0.94350913985105,0.3430812369209408,0.044582114226391904,0.14081520540302314,0.8438463911334075
1166,0.5999138067332503,0.9463262620859499,0.3442166115622254,0.043595692151316486,0.14019135495913201,0.8488627875762276
1167,0.5998994551431786,0.9445434643509562,0.34486983518120634,0.04495351477178658,0.13895258153083218,0.8507034092410002
1168,0.5998874188488089,0.9442401457950408,0.3430168608188518,0.04412156985115654,0.13840780431159808,0.8465212082938006
1169,0.5999176617224474,0.9452707248777996,0.34186177989745203,0.044317101740606844,0.13846524154492207,0.842802996406827
1170,0.5999176388828922,0.9452237883699528,0.3441176410666671,0.044332071600857205,0.13644611629393333,0.8515747353052107
1171,0.5999088387978164,0.9454668900569991,0.3456547920242365,0.042315644813898476,0.14041470911776124,0.8542340221410498
1172,0.5999015846390919,0.9436153107406987,0.3456670173142406,0.042399017202183704,0.13995238901443102,0.8546496457261071
1173,0.5998713207479706,0.9449700934206728,0.34394152120231164,0.043807196257166496,0.13843982517398737,0.8495775421757811
1174,0.5998670483662171,0.9437660512988673,0.34288007910215257,0.043369304804536296,0.13568745980848257,0.8495834726934388
1175,0.5998619753993181,0.9452900533334839,0.3416781019854687,0.04248151604688017,0.13707021624546306,0.8454825736640628
1176,0.5998651556141149,0.9441491235068669,0.3409003139822555,0.04145413952267712,0.13528962201223263,0.8459571804118567
1177,0.5998744245754557,0.9423215096779846,0.3424134922997475,0.04196985491410077,0.13734956095505604,0.8479210610300858
1178,0.5998741194579564,0.9439348051683794,0.34361365308453085,0.04181484575367087,0.13899902811135306,0.8500270853885685
1179,0.5998749050360028,0.9435912232941024,0.34233468251023197,0.0415230337977986,0.1360858056851088,0.8493952080477885
1180,0.5998683023646567,0.947609787554758,0.3418985919225047,0.04192046901080066,0.13679542292682917,0.8469798838298845
1181,0.599870139135821,0.9451360127171635,0.34400921809143054,0.04090440889169255,0.13878157127340632,0.8523416741091926
1182,0.5998712403525247,0.9439928674714899,0.344002543470619,0.040481640167780095,0.13740437434630834,0.8541216158977686
1183,0.5998725345854007,0.9424912550256554,0.3409794730343884,0.043121765743782216,0.13645656682418206,0.8433600865352009
1184,0.5998767678179034,0.945280282363764,0.3400431774181991,0.042461884381436686,0.13771754380074697,0.8399501040724136
1185,0.5998748439037852,0.9439093055674866,0.34031993869125493,0.04233311179255471,0.13803711961708157,0.8405895846641286
1186,0.5998732784665435,0.946732749502144,0.3404661960662244,0.04244029293133497,0.13694110276600846,0.8420171925013297
1187,0.5998779238588281,0.9454534583143774,0.342245370814657,0.04297581551690772,0.1373692532350101,0.8463910436920532
1188,0.5998642039112118,0.9421692000147289,0.3425417738929551,0.042481206312465,0.13729587065457857,0.8478482447118219
1189,0.5998745540548904,0.9457828747556322,0.34175422421371177,0.04212655482945869,0.13987319653805688,0.8432629212736198
1190,0.5999146193843131,0.9441238232671854,0.3391748737497048,0.04205059894831398,0.13703997362658243,0.838434048674218
1191,0.599921062305983,0.9469796673853338,0.3410126744001835,0.04301596630298291,0.13687071140411444,0.8431513454934529
1192,0.5999124322807395,0.9423754614044897,0.3407204350143914,0.04250503274117939,0.13385283722324365,0.8458034350787511
1193,0.5998985879545774,0.944138451072596,0.3414238717658637,0.042286600067019606,0.13801588877540566,0.8439691264551659
1194,0.5999062122776608,0.9458140340545785,0.3416311581740793,0.041978682287036974,0.13848742937653188,0.8444273628586689
1195,0.5999154705906853,0.9447081041801219,0.34241336988606685,0.04222178488997216,0.1390379968271848,0.8459803279410435
1196,0.5999139494259947,0.9453483803143933,0.3447115743147604,0.04244321501253908,0.13758165835242692,0.8541098495793152
1197,0.5999312646498526,0.9418801612570825,0.3441426793049901,0.04327253200160877,0.13794222479384174,0.8512132811195199
1198,0.5999487497513968,0.9457976586276418,0.3417055169961805,0.04203983582983031,0.13536598196931227,0.8477107331893989
1199,0.5999610541346935,0.9462698183734788,0.3419214651771104,0.04239859017605881,0.13410620999463577,0.8492595953606368
1200,0.5999530446321852,0.9431499915674124,0.34269975119844426,0.04411512101680461,0.13496550460545803,0.84901862797307
1201,0.5999568986628021,0.9446990203545101,0.3432397177730781,0.042475421173445715,0.13592921677115097,0.8513145153746375
1202,0.5999666938293903,0.9449987767102026,0.34371642804095615,0.04381682826973852,0.13587388626928482,0.8514585695838449
1203,0.5999553730907669,0.9477695861049394,0.3451470916552157,0.043479945979929845,0.13599454169824565,0.8559667872874714
1204,0.5999553511998414,0.9448647490861354,0.34505349209552005,0.042018553159796794,0.13566565765900188,0.8574762654677615
1205,0.5999483745689818,0.9434214100873362,0.34673586730522404,0.04144757972521811,0.13721767868975654,0.8615423435006975
1206,0.5999611650085768,0.9457501817867261,0.34650372341476754,0.04104019306393882,0.14000286416308322,0.8584681130172807
1207,0.5999678573633341,0.9440170787036734,0.34492895182571437,0.04295288810742356,0.1381866293236168,0.8536473380461028
1208,0.5999718644839966,0.9449779448816589,0.346533708746143,0.042614231769711505,0.13838094494461486,0.8586059495241026
1209,0.5999784814906417,0.9436315063060753,0.3474017617494074,0.042870275097218226,0.13875985073288039,0.8605751594181237
1210,0.5999912905530356,0.9463059209326762,0.34903819076021614,0.04367218577392769,0.14158005744241958,0.8618623290643013
1211,0.5999848917367869,0.9442509661513057,0.34753667578926223,0.042225897003711564,0.1402043516438312,0.8601797787202439
1212,0.5999736043497992,0.9448575330926022,0.3483464466740826,0.0444021009892182,0.13869650255956126,0.8619407364734682
1213,0.5999757502223655,0.9443973752210965,0.34820474886884756,0.04355352098813305,0.13988448464080566,0.8611762409776039
1214,0.5999673243080991,0.9433192815386138,0.34665513878843673,0.042239097573626636,0.14056259239019345,0.8571637264014901
1215,0.5999445483605854,0.9461291695352412,0.3470727851018222,0.042182590647766534,0.14296795151256964,0.8560678131451305
1216,0.5999507314688052,0.9444633786797304,0.34708978259535983,0.041706658269852113,0.14282972642745098,0.8567329630887763
1217,0.5999514182636126,0.9466196367869153,0.34710655952044595,0.040968242266481956,0.14164613526085937,0.8587053010339966
1218,0.5999649340725942,0.9420905380140367,0.3479500942181399,0.042269864173382396,0.13924981907037193,0.8623305994106654
1219,0.5999485415400817,0.9452311409647334,0.34713993876303106,0.043084658920752986,0.13901721608334877,0.8593179412849915
1220,0.5999442168450128,0.9434935016607127,0.34688712544642825,0.04330451885709927,0.13975364307019963,0.857603214411986
1221,0.5999425925789403,0.9428947031820678,0.34558476100554725,0.042634831971183056,0.13957254512468967,0.854546905920769
1222,0.5999423323858601,0.944815864785901,0.3461937606190408,0.0437992164453308,0.142039537211486,0.8527425282003055
1223,0.5999493359750717,0.9443306389954508,0.34782312385098796,0.04440489721784847,0.1410906841206896,0.8579737902144257
1224,0.5999537978939785,0.947406051498385,0.3467991517113387,0.04342019325832537,0.1374175995857304,0.8595596622899604
1225,0.5999505270786578,0.9451878163337172,0.34915319115386506,0.04368348752280242,0.13820988839926182,0.8655661975395308
1226,0.599927723261237,0.9438116911998792,0.34917054979447154,0.042143935388655226,0.13695604647547602,0.8684116675192833
1227,0.5999089437696443,0.9457017241565094,0.3489225440812202,0.043695036964015534,0.1372315953200163,0.8658409999596289
1228,0.5999090291464161,0.9458394982642204,0.34706557577246777,0.04377894501189509,0.14082590897769956,0.8565918733278087
1229,0.59991010604616,0.9465386252305872,0.3459712575069025,0.043002223621165014,0.13784436667433556,0.857067182225207
1230,0.59989364789024,0.9454594035979859,0.34678352099009635,0.042511992890909595,0.13791631571815752,0.8599222543612218
1231,0.5998999630480226,0.9423206762825281,0.346652490047087,0.04235181384633306,0.13781761627840575,0.8597880400165221
1232,0.5999126182637919,0.9439283062699905,0.3486269266543923,0.04253154797749007,0.1390818293824627,0.8642674026032241
1233,0.5999148644889004,0.9449324202347695,0.3489638276594666,0.04303725895753887,0.14120204389982638,0.8626521801210345
1234,0.5999233734190814,0.9444732953690419,0.34571586420479183,0.04281163901690651,0.1385356647837117,0.8558002888137575
1235,0.5999284906140071,0.9455318377616405,0.3448369118358034,0.04258500818109057,0.14016381419941182,0.8517619131269079
1236,0.599940554989562,0.9447411269402727,0.3431640085860533,0.04352476405642079,0.13852920905137375,0.8474380526503652
1237,0.5999397671139124,0.9427252173890024,0.3441513080144365,0.04317698867976643,0.13694267951865863,0.8523342558448845
1238,0.5999453509930037,0.9447640484141336,0.34344412629070037,0.043395760553981345,0.1341618628096936,0.8527747555084262
1239,0.5999442573413297,0.9471433528921762,0.3471379382048035,0.04281132117505074,0.13696815725334172,0.861634336186018
1240,0.5999388747278336,0.9457114092467609,0.34619288111548563,0.04227360627822855,0.1388041032559378,0.8575009338122904
1241,0.5999483316296034,0.9435968897538938,0.34768441402021855,0.044184028199781705,0.13763686763799157,0.8612323462228825
1242,0.5999518184298039,0.9463954604164772,0.344040014110985,0.04316195787680011,0.1363067938959162,0.8526512905602387
1243,0.5999561597023071,0.9452275193314077,0.34708154634649374,0.044816566137577486,0.13744443091339545,0.8589836419885084
1244,0.5999501624019182,0.9455687742588362,0.34846056606956566,0.044534910846412194,0.13905386748403004,0.8617929198782548
1245,0.5999521485965223,0.944337339506229,0.3444656886875715,0.04425040387595058,0.1362380563795875,0.8529086058071763
1246,0.5999546017040994,0.9433121468141271,0.3460536016835167,0.0435836733383409,0.13596048825502932,0.8586166434571798
1247,0.5999543977581573,0.9462638101238939,0.34384291983754933,0.04190772551053763,0.13867911257656657,0.8509419214255437
1248,0.5999428857030079,0.9448262019590175,0.34481137277101453,0.04195729841248592,0.1401700848761134,0.8523067350244442
1249,0.5999584794507116,0.9436952128967477,0.3449175303299319,0.04254716151657248,0.13961191493935185,0.8525935145338713
1250,0.5999796158367445,0.9434330306923248,0.34584549881954313,0.04297235620548195,0.1407463114641951,0.8538178287889523
1251,0.5999600290194461,0.9429264193685748,0.34669336761783864,0.04313732823948047,0.1380194902607048,0.8589232843533307
1252,0.5999882209193282,0.9445784097439741,0.34812655102007317,0.04248038913369244,0.14101913269933322,0.860880131227194
1253,0.6000055046225015,0.9450316283038077,0.34611845594001767,0.04208966858490702,0.13662293840700018,0.8596427608281457
1254,0.5999991935537159,0.9455748511160439,0.34643890933034566,0.04235366388705738,0.13696716655265,0.8599958975513297
1255,0.5999947001736564,0.9449508430344328,0.3434684178758644,0.04158257196131861,0.13368725850950636,0.8551354231567682
1256,0.5999983367477075,0.9431786100689936,0.34656311015965074,0.04268234348274901,0.1385831149676035,0.8584238720285998
1257,0.599991512337152,0.9466450893148689,0.34780783991588415,0.04229485444071102,0.13931562606069076,0.8618130392462506
1258,0.6000021887322077,0.944114209631766,0.3445701659240862,0.042224448332302,0.13903087801986905,0.8524551714200875
1259,0.599997531941149,0.9439003518938545,0.3468212810350543,0.0415888638007997,0.13926775471395694,0.8596072245904061
1260,0.5999984408556389,0.9470594017050692,0.3469462987270557,0.043175887005122066,0.13890332417580362,0.8587596850002412
1261,0.5999780841503173,0.942568688834029,0.34486272683025465,0.04211709372736245,0.14007113920555764,0.8523999475578439
1262,0.599982202388627,0.9450357881316228,0.3421183387893438,0.04026182849874716,0.14038511570822979,0.8457080721610544
1263,0.5999894531440734,0.9478329975527197,0.3455900815174567,0.04225412817755281,0.14240220340979437,0.8521139129650229
1264,0.5999726620120668,0.9460874195587189,0.3460715349987703,0.04260866911359238,0.14257631801151774,0.8530296178712008
1265,0.5999704855228358,0.945261105315893,0.3443019388218905,0.04161286094423665,0.14111528560288936,0.8501776699185455
1266,0.5999595632049667,0.945644549339573,0.34347469487833493,0.04148629330810922,0.1391899404099149,0.8497478509169807
1267,0.5999427399094809,0.9464617719544837,0.34553873529748425,0.04092975073882523,0.14043084811799533,0.8552556070356321
1268,0.5999683387651902,0.9451372091174111,0.34686042798028427,0.041862593177734324,0.13907310911332085,0.8596455816497975
1269,0.5999645360809135,0.9447194058251004,0.34885199739227263,0.041099440106094884,0.1393051193982485,0.8661514326724745
1270,0.5999678464493318,0.9470812274361855,0.34742343945671067,0.04308748762148228,0.14031079312313333,0.8588720376255163
1271,0.5999699878930843,0.9458196050317694,0.34962143972282184,0.04162616001800865,0.13978885132215274,0.8674493078283041
1272,0.5999571560621898,0.94447076970183,0.34863139116313113,0.042134833270033374,0.13985585864911745,0.8639034815702425
1273,0.5999388822282419,0.9449522831149765,0.34938711007568535,0.04254101789157953,0.1409786520110469,0.8646416603244295
1274,0.599946168545836,0.9435148771887562,0.3473493241776373,0.041895361577148044,0.14003623722044362,0.8601163737353202
1275,0.5999627654626281,0.946350836755523,0.3470459495790027,0.04140841026793223,0.14351736024440825,0.8562120782246675
1276,0.5999927574578984,0.9459142444998656,0.34694319386113964,0.04143665509671237,0.1418584563660219,0.8575344701206845
1277,0.6000043227995564,0.9464398473382718,0.34742664426326225,0.04180107355884975,0.1436387906642848,0.8568400685666523
1278,0.5999911788253337,0.9444102287054219,0.34919762925764614,0.04232028658968459,0.14441997186658423,0.8608526293166695
1279,0.5999980120135542,0.9428561869051493,0.34916828977025727,0.04265276990778844,0.14576249445397207,0.8590896049490112
1280,0.5999948797136738,0.9455819119054768,0.34982824176978783,0.04170607285758628,0.14620731627933292,0.8615713361724443
1281,0.5999833693271651,0.946976810928285,0.3464623757092597,0.04149792295113083,0.1444909958998152,0.853398208276833
1282,0.5999650067981973,0.946602851971335,0.3486482464000257,0.040593682993620914,0.14224505584197675,0.8631060003644794
1283,0.5999632773700451,0.9443430835195727,0.34909225889221623,0.04213377058797459,0.1429907769312486,0.8621522291574255
1284,0.599989508828778,0.9466789747248388,0.3474618791953683,0.04148201216205835,0.14076630737647863,0.860137318047568
1285,0.5999938650799893,0.9450105763577417,0.3459290668118701,0.04104044834655663,0.14116434997702212,0.8555824021120315
1286,0.5999893991149163,0.947026032460324,0.3463540271683974,0.0413149031784734,0.14216137585937794,0.8555858024673408
1287,0.5999949522021899,0.9438817940790348,0.3502276141435846,0.04336965596677899,0.1452383468067238,0.862074839657251
1288,0.6000232351653335,0.9454837522528835,0.3506980677149962,0.04242001294133794,0.14766414834218664,0.862010041861464
1289,0.6000260205847389,0.9452096134634131,0.34921645196142853,0.04211221289719664,0.14737003878667793,0.8581671042004111
1290,0.6000289897601278,0.9455794032592943,0.34817439022375285,0.04089875406962971,0.14704736641167668,0.856577050189952
1291,0.6000371408614933,0.9468009433083359,0.34760426800313027,0.04014555519812324,0.14702376213589122,0.8556434866753763
1292,0.6000111012949711,0.9449333544991502,0.34862265621721267,0.041718963685529846,0.1468059019290081,0.8573431030371
1293,0.6000145277377088,0.9428980705730693,0.34943959512984646,0.038957268730237735,0.14557780530529277,0.8637837113540089
1294,0.6000300043321587,0.9454154073604116,0.3490866199977678,0.0403833480043422,0.14402454516962163,0.8628519668193397
1295,0.6000368042824863,0.9445484147533257,0.3484179423477586,0.040116953684394566,0.14459833437058472,0.8605385389882965
1296,0.6000554425495349,0.9448770216612089,0.3474589486007938,0.039740849230610484,0.14570373847047965,0.8569322581012913
1297,0.6000682014577653,0.9450605737564677,0.3482519460382984,0.040512566012290786,0.14557101984350437,0.8586722522591
1298,0.6000802379966947,0.9458749339582309,0.34784244752088206,0.04099079211477542,0.14454974401716975,0.8579868064307011
1299,0.6000776024018858,0.9451474194071758,0.34934206260632045,0.04043673766366615,0.14367519519384836,0.8639142549614468
1300,0.6000772077619402,0.9445545988355669,0.3492853362577194,0.040639188080731074,0.14418780987729496,0.8630290108151323
1301,0.6000894171644141,0.944958292372722,0.34936496257709576,0.0424057668396884,0.1454356625305241,0.8602534583610748
1302,0.6000908059825306,0.9462559073921835,0.34733677968888566,0.04208160870540065,0.14657230230982046,0.853356428051436
1303,0.6000943720619152,0.9433819934468249,0.3481543821114414,0.04225727632217931,0.1466835612431068,0.8555223087690381
1304,0.6001096666499538,0.948056908408813,0.3474561723390766,0.04175693986100319,0.14505856518819382,0.8555530119680328
1305,0.6000928481080502,0.9448336660762774,0.3492843066732403,0.04125751261190886,0.14540685783042204,0.8611885495773899
1306,0.6000995689384271,0.94578778551436,0.35145716459067594,0.04194186142742264,0.14362654776777511,0.8688030845768301
1307,0.6000962173458144,0.9460210558170433,0.34750125048328395,0.03963314063955057,0.14157689046258845,0.8612937203477127
1308,0.6000915417679559,0.9493335329365375,0.3472901164622482,0.0393408040327964,0.1403574142404066,0.8621721311135417
1309,0.6000929613806539,0.94354606703921,0.3480375415989807,0.04019564709673675,0.14081475760999942,0.863102220090206
1310,0.6000965397003811,0.9478317664367311,0.3485552399182637,0.03938420978682846,0.14272612063182674,0.863555389336136
1311,0.6000903769439305,0.94547145970742,0.34744073178543505,0.03805979227797899,0.14490872279435577,0.8593536802839705
1312,0.6000928047495964,0.9468547460478778,0.3489762778251497,0.03722827447517067,0.14598951924123862,0.8637110397590397
1313,0.600087615342548,0.9461607475167377,0.3480263597233127,0.03766563446224872,0.1414065230648385,0.8650069216428508
1314,0.6001036374588903,0.9460291408510767,0.34916458215927954,0.03757205574749009,0.1448338512214467,0.8650878395089017
1315,0.600104667553899,0.9456499718404033,0.350424497525526,0.037727144336324826,0.14209834567926358,0.8714480025609898
1316,0.6000965633866362,0.945556257648477,0.3502327087394314,0.03833121561697767,0.14440536302374815,0.8679615475775684
1317,0.6000943705092913,0.9468857465086084,0.3477586952848386,0.037613744767564884,0.1447535878393227,0.8609087532476283
1318,0.6000790776137289,0.9475792090091478,0.3482355403292644,0.038314356957587226,0.1428795967001181,0.8635126673300879
1319,0.600087944585392,0.9447159852725758,0.34895818946394275,0.03844615192685064,0.1426664806921715,0.8657619357728061
1320,0.600081341682622,0.9462000967995856,0.3474290767118848,0.03801601226774552,0.14267663833227104,0.8615945795356378
1321,0.6000702779350805,0.9486002311659123,0.3478199315931265,0.03945380307359557,0.14561730477527052,0.8583886869305135
1322,0.6000678544151202,0.945660927833746,0.34950441569308793,0.03995706733115397,0.1449309611492808,0.863625218598829
1323,0.6000718073299539,0.9434114221282975,0.351287269577606,0.03931866239696312,0.14366987589799313,0.8708732704378618
1324,0.6000632246881836,0.9473934448932322,0.35041410445473636,0.03939621757160227,0.14724721607526148,0.8645988797173454
1325,0.6000412071884565,0.944622339271973,0.3511935680235105,0.04011451261874374,0.14538653009773786,0.86807966135405
1326,0.600031682788824,0.9470794433336248,0.35123347305505204,0.0399457931334338,0.14500808866312714,0.8687465373685953
1327,0.600028909840278,0.9452387431220016,0.35169439043524403,0.040115977724819625,0.14499169848123958,0.869975495099673
1328,0.600056538456259,0.9446678580011869,0.3505605751842093,0.04062348440012092,0.14464806644451786,0.8664101747079891
1329,0.6000728375387981,0.9457153581945759,0.35202770646649373,0.03960764468201242,0.1454361045403355,0.8710393701771333
1330,0.6000856409914948,0.9466080917598598,0.3503681859088819,0.040608828926736805,0.1438715093117515,0.8666242194881575
1331,0.600083019315099,0.9479147562140658,0.3498336651336699,0.04049873014322,0.144798644822834,0.8642036204349558
1332,0.6000849277206484,0.9447056076510926,0.35181958649097234,0.0391057321164082,0.1455980313379621,0.8707549960185467
1333,0.6000825533630766,0.9462518371131503,0.3520003256996773,0.039080977331485786,0.14666196315052293,0.8702580366170233
1334,0.6000852253081899,0.9445939984117275,0.3516677108058038,0.03906998651630752,0.144897527456132,0.8710356184449719
1335,0.6000732479314448,0.9464266895449182,0.35037344407882465,0.03871587585074243,0.14644864826586337,0.865955808119868
1336,0.6000777898127975,0.9476758595255836,0.35117320053160245,0.039436683342832964,0.14489150192968492,0.8691914163222895
1337,0.6000738176674133,0.9433861333174588,0.35054629034538226,0.03808133056220153,0.14631043131154428,0.8672471091624009
1338,0.6000734784390823,0.9459458732644446,0.35126958806176345,0.037586344464185545,0.14372033941010118,0.8725020803110036
1339,0.6000779214201549,0.947415703591389,0.35133093617925554,0.037277801367248,0.1435651996066953,0.8731498075638233
1340,0.6000876408026928,0.9451870102126982,0.3477075525642428,0.03850979943063731,0.1396625561281616,0.8649503021339293
1341,0.6000960511314053,0.947010492727544,0.34903121401378795,0.0374436709111498,0.13979874326117564,0.8698512278690383
1342,0.6000893083615358,0.9472030743062709,0.34883315667489684,0.036890830623081454,0.14278968374673598,0.8668189556548731
1343,0.6000748774174564,0.9467169263957218,0.3480032508116941,0.03595883531340349,0.14079320971228412,0.8672577074093945
1344,0.6000704534388571,0.9416182053580262,0.34775029227852006,0.0376846153774634,0.1422862151579477,0.8632800463001492
1345,0.6000879596715502,0.944774665749376,0.3501291075032407,0.037265034499319866,0.14322602339590376,0.8698962646144984
1346,0.6000820709123437,0.9459872779910328,0.34588214532552913,0.03794970377126991,0.14203337288119913,0.8576633593241183
1347,0.6000836836415911,0.9441774619500055,0.3490036488289746,0.03797195028108894,0.1445254723337835,0.8645135238720514
1348,0.6000703904723529,0.9449055474794648,0.3493096780474864,0.03808458362136749,0.14243785754846608,0.8674065929726257
1349,0.6000591895314424,0.9459308286725163,0.34817316300093626,0.03833612931416595,0.14351801887989418,0.8626653408087487
1350,0.6000513081659614,0.9444771355435935,0.34973661371192527,0.03733961616245703,0.14262759317213156,0.8692426318011873
1351,0.600053095778253,0.9444676371592932,0.34962526815482103,0.038085914335943126,0.14376961675344876,0.8670202733750713
1352,0.6000523841574236,0.9477711796584181,0.34675949299943937,0.03698543586038701,0.14284127513224598,0.8604517680056851
1353,0.6000378857251932,0.9480232149756248,0.3488204043659007,0.037475321603940716,0.14211048759350628,0.8668754039002553
1354,0.6000539321007914,0.9459967556172827,0.3494286822450699,0.038017960354394066,0.14159660985492348,0.8686714765258922
1355,0.6000598463628743,0.9435361748470922,0.3486757754445014,0.038202281205986455,0.14154276800238672,0.8662822771251311
1356,0.6000584208381302,0.9455022166370967,0.349994583544013,0.03698419582661298,0.14139770775255686,0.8716018470528692
1357,0.600059259925074,0.9460590199142066,0.3511184789945444,0.03750410910781626,0.14187455672038407,0.8739767711554329
1358,0.6000528326115422,0.9430542115350743,0.3523757731031177,0.036694275819488156,0.14450644472131724,0.8759265987685476
1359,0.6000338201172645,0.9469888681607572,0.3507838048055048,0.03752349046545523,0.1411947238923326,0.8736332000587265
1360,0.6000391907523089,0.9461648036763,0.3490588810586816,0.0361177901743476,0.14062554234406432,0.870433310657633
1361,0.6000339538269336,0.9455074931134221,0.34793005133426097,0.03598534769428574,0.13937351198609196,0.8684312943224052
1362,0.6000379986961712,0.9473622520718065,0.34851077050915885,0.035785344045044645,0.14118208545239266,0.8685648820300392
1363,0.6000414809621637,0.9446519061752464,0.3489221074423528,0.0356156268269782,0.14101364868188485,0.8701370468181954
1364,0.6000500656089297,0.947827341051349,0.35028714660849364,0.035342564320926556,0.14037081965789955,0.8751480558466548
1365,0.6000306014864865,0.9479486867506678,0.35045908336253895,0.03652887109846848,0.14185838926418307,0.8729899897249652
1366,0.600038049160741,0.9469107769807851,0.34995657553251924,0.03625066040557003,0.1401695634989896,0.873449502692998
1367,0.6000476282453934,0.946244060432895,0.3500538156274454,0.036423504964359026,0.13864349635445797,0.8750944455635191
1368,0.6000397798160529,0.9451891044113271,0.3499591001370075,0.0363391414093736,0.14134025757199495,0.872197901429654
1369,0.6000445272854924,0.9454564839703952,0.35048590350056497,0.03665825533245975,0.14405195766379272,0.8707474975054423
1370,0.6000338715769568,0.9424053399286645,0.3518225953264052,0.03579847865972926,0.1413700263488611,0.878299280970625
1371,0.6000422273111112,0.946214722107459,0.3489659060367952,0.03643611072000568,0.1406127916442054,0.8698488157461743
1372,0.6000520401157948,0.9458618363392749,0.3497102253322257,0.036006676894366436,0.1385068403227391,0.8746171587795715
1373,0.6000440360681873,0.946687407640601,0.3491887615255574,0.03751147159440926,0.14060050962401557,0.8694543033582474
1374,0.6000557482240855,0.9483661944041112,0.3497073137670715,0.038935162798206836,0.139556760331327,0.8706300181716806
1375,0.6000634912104951,0.944086321533793,0.3488045593337181,0.03925670826900574,0.13989667944056394,0.8672602902915846
1376,0.6000770289876168,0.9469021826300976,0.3513684784635413,0.037787087131673905,0.13709225261119812,0.8792260956477518
1377,0.6000896062931329,0.950094063253859,0.3510225140624132,0.03912293024124022,0.13851802452640333,0.875426587419596
1378,0.600104612487962,0.9456954557948614,0.3489490859810492,0.0397787343517343,0.13745740034457016,0.869611123246843
1379,0.6001000558790233,0.9455991968430953,0.34865474582227046,0.03945751465731453,0.13844949423681896,0.8680572285726779
1380,0.600102268560285,0.9447713463525026,0.3474939224396279,0.039863906936579055,0.1360658356517502,0.8665520247305543
1381,0.6001125621094382,0.9453076384969753,0.35194553779049176,0.03980195957106733,0.13966700728568232,0.8763676465147255
1382,0.6001327042885092,0.9475018110719589,0.35262483439457953,0.0393572487211417,0.14084872938317158,0.8776685250794253
1383,0.6001402229341155,0.9450372718503107,0.35286267310529246,0.04054542390210563,0.13945571308960375,0.878586882324168
1384,0.6001299985748287,0.9446159501347966,0.3538056072618826,0.03803091605017518,0.1412413341525207,0.8821445715829519
1385,0.6001230122554715,0.9443467444126189,0.35165336547425347,0.03856611661850267,0.13994851228647145,0.8764454675177863
1386,0.6001222332999864,0.9460790047667161,0.35008744818588977,0.03832850937215084,0.13806065356387565,0.873873181621643
1387,0.6000985484236679,0.9450790550283992,0.34962715166461855,0.03848590824410733,0.1375023066869318,0.8728932400628165
1388,0.6001022206197059,0.947376111212677,0.350909786454965,0.038578068604798434,0.13876841926973943,0.8753828714903572
1389,0.6001061077300783,0.945028847799587,0.348675495404367,0.036616769451485856,0.13799111306568293,0.8714186036959322
1390,0.6000813357562778,0.9453258456925124,0.35033690141971136,0.03762599636456335,0.13915632251063054,0.8742283853839402
1391,0.6000886264503438,0.9483145051588723,0.35172437586959054,0.038469372309984456,0.13837126222472584,0.8783324930740614
1392,0.6000916011483691,0.9462995994703438,0.35069663452221517,0.038705881006768264,0.1402726274235549,0.8731113951363222
1393,0.6001100435964155,0.9468494616293289,0.3508426384614664,0.038121389125175015,0.13942939511716046,0.8749771311420638
1394,0.6001158897471088,0.9458408440704195,0.3505161135189535,0.03834192148652723,0.1373848751834662,0.8758215438868671
1395,0.6001139548664755,0.9475681540785198,0.3501848259878584,0.03868528879841251,0.13813225356090114,0.8737369356042616
1396,0.6000847368563108,0.9470971755973527,0.3505270112635597,0.039629913671724575,0.1377098994370111,0.8742412206819433
1397,0.6000788517797184,0.9448750901737305,0.34871676890781905,0.03930637328090237,0.13547848766234932,0.8713654457802055
1398,0.6001008950014056,0.9430849024244033,0.34724737040831444,0.03704956640995415,0.13476532257398674,0.8699272222410025
1399,0.6000989349661965,0.9463457078366228,0.35020489026355595,0.03823033637031877,0.1369218737557594,0.8754624606645897
1400,0.6000884534166231,0.9480570005809863,0.3502329802183172,0.03778480693139578,0.1382119291415038,0.8747022045820521
1401,0.6000964905945276,0.948762450132116,0.3500084543833346,0.03838585500397453,0.13745285422140574,0.8741866539246236
1402,0.6001181490448574,0.9445807919672616,0.34704496023111464,0.03967471000360372,0.13272587216058127,0.8687342985291588
1403,0.6001358065305323,0.9473364179421175,0.3483786673647747,0.03881528609359831,0.1326516321110726,0.8736690838896531
1404,0.6001215416186104,0.9467524479809296,0.3503136413697228,0.03995803779072042,0.13522765701324954,0.8757552293051986
1405,0.600108654422029,0.9449730622952246,0.34837767856549995,0.040483732921430045,0.13478670347468746,0.8698625993003823
1406,0.6000773472839356,0.94616927300755,0.34821413790223266,0.041390394990811936,0.13211915126004428,0.8711328674558417
1407,0.6000907224738113,0.9454667988601378,0.34657142216779363,0.040109791512496135,0.13419222210675405,0.8654122528841306
1408,0.600096690940895,0.9455722618782152,0.34636400159068564,0.04141283842058781,0.13277246404942383,0.8649067023020452
1409,0.600112865913869,0.9465187181864445,0.3464162276341335,0.03988765708629348,0.13364964802134527,0.8657113777947617
1410,0.6001260124896723,0.9458032836187408,0.3451181812270204,0.04060336608259111,0.13269731627709197,0.8620538613213782
1411,0.6001264448429524,0.9490045097339024,0.3431189366775117,0.0419722005049585,0.13238691280709783,0.8549976967204784
1412,0.6001403590960019,0.9477024544915622,0.349366104241714,0.04212757282839931,0.13397099043901367,0.871999749457729
1413,0.6001582396412286,0.9459290669689524,0.3499040431160815,0.04315302137718525,0.13467351333014008,0.8718855946409189
1414,0.6001601993151152,0.9478457709693651,0.34880554689808807,0.042932233437883445,0.1318395020491038,0.8716449052072769
1415,0.6001561793367198,0.9452267704910291,0.3476855676119949,0.0415368892223589,0.13042756868942884,0.8710922449241969
1416,0.6001619606366227,0.9463858630685034,0.3478648010263495,0.04321842337711876,0.1314377962411532,0.8689381834607764
1417,0.6001650856068637,0.9448141318524961,0.34866347804488523,0.04177050386971829,0.1306783955578093,0.8735415347071279
1418,0.6001645229086574,0.9450181096947143,0.34677714001850457,0.042005100496959845,0.13100918499184483,0.867317134566709
1419,0.6001462732512007,0.9463685348206853,0.3493765687394403,0.04107897850767253,0.13126797829517917,0.8757827494154692
1420,0.6001475167660401,0.9457235057564449,0.34998622436000265,0.041246128585375255,0.1312984013253336,0.8774141431692991
1421,0.6001589396275654,0.9483060485629672,0.3494803476373557,0.0402521881519927,0.12868463012513998,0.8795042246349343
1422,0.6001563152538112,0.9462145540581958,0.34762541181796175,0.03957341536792899,0.127174450745898,0.8761283693400582
1423,0.6001662034292513,0.9447950305658421,0.3498497247411779,0.04089739254029155,0.13068079660583332,0.8779709850774088
1424,0.6001840050320839,0.9459446556487815,0.3499633402059417,0.04096143684887685,0.1319223063257659,0.8770062774431824
1425,0.600187070982711,0.9470869374008309,0.34679439597692785,0.03901982742772302,0.1320591387554294,0.869304221747631
1426,0.6002032595209281,0.9456704827964985,0.345777284341514,0.037636207368799426,0.13132049580475177,0.8683751498509908
1427,0.6002010041022401,0.9447732490326833,0.34677856407819646,0.03758313591348148,0.13345940383501226,0.8692931524860957
1428,0.6001936880592388,0.9484394488799779,0.3455172094775245,0.037612517623780976,0.13153535702033606,0.8674037537884565
1429,0.6001916030675063,0.9444198478643719,0.34568222236190965,0.03779206301658138,0.13346895650567617,0.8657856475634713
1430,0.6001929797105077,0.9448616871566624,0.3447035039995376,0.038884455397372,0.13302134246992764,0.8622047141313132
1431,0.600178823801048,0.9466507808399215,0.3459899686195641,0.038142981161099494,0.1312847498161195,0.8685421748814731
1432,0.6001940237857996,0.9452375391692313,0.34739813133946224,0.03812676101408252,0.13107285108452446,0.8729947819197797
1433,0.6002011115464713,0.9451287793765464,0.3463826784508018,0.03949623502943244,0.12914837411388227,0.8705034262090907
1434,0.6002033804576931,0.9481041325441351,0.3445601764552134,0.03945728890269313,0.131376816566207,0.8628464238967399
1435,0.6002082445715812,0.9482317300896764,0.3449906107517458,0.03834501238263381,0.1319797672921257,0.8646470525804778
1436,0.6002204976981339,0.9478008361946092,0.34725558705753484,0.03747731552881573,0.13578614711440562,0.8685032985293831
1437,0.6002205701031712,0.9468794999011052,0.3438553894965288,0.03843081064531921,0.1312707351035396,0.8618646227407273
1438,0.6002193662158998,0.9455338885153407,0.34354314407076453,0.03778002074984111,0.1289720614323656,0.8638773500300869
1439,0.6002316583222627,0.9471073627147322,0.3453356560047144,0.03790146131421812,0.13204612133319202,0.866059385366733
1440,0.6002477899351731,0.9435562452561089,0.34192826880807053,0.037101529559410595,0.1312830802732484,0.8574001965915526
1441,0.6002619669241869,0.946019996971021,0.3426808680228192,0.039141103436674256,0.1335838198493998,0.8553176807823835
1442,0.6002590180889967,0.9447855782802683,0.3469458648415772,0.038653267007813005,0.13554739281653944,0.8666369347003792
1443,0.600269996758774,0.9450260147957419,0.34629071233019215,0.038152971854612416,0.13559387092003383,0.8651252942159301
1444,0.6002863944645623,0.9469246837682443,0.3481970393162522,0.03921950409070921,0.13685448566880432,0.868517128189243
1445,0.6002967779292717,0.9462906824021402,0.34598276635511016,0.03719195497927041,0.13476249909790974,0.8659938449881504
1446,0.6002836694803723,0.9461010340326899,0.3465983369002081,0.03888523440487387,0.1333232807224443,0.867586495573306
1447,0.6002695014199065,0.9451094973346593,0.3477051008561521,0.04042328974934802,0.13197728846418955,0.8707147243549185
1448,0.6002478588870884,0.9474090377862148,0.34715715116680795,0.0381214140215224,0.13398872925906707,0.8693613102198342
1449,0.6002451154375524,0.9474360614692944,0.34618550360654743,0.03859382988474696,0.13343977726600947,0.8665229036688856
1450,0.6002368440363405,0.9462278733235515,0.3467881154774536,0.03999027056474926,0.13410586482161735,0.8662682110459943
1451,0.6002323269183744,0.9485096384004342,0.3480885996863345,0.04019731832765571,0.13448938634755397,0.8695790943837938
1452,0.6002454873377061,0.948070739285192,0.34617045920397194,0.03955119373170993,0.13382676620226822,0.8651334176779378
1453,0.6002359587772972,0.9459998625192818,0.3458551043350458,0.04032838661001335,0.1348516189718819,0.8623853074232422
1454,0.6002329317716765,0.9475803992053495,0.34593536788128904,0.04136525493440742,0.13225786422162253,0.8641829844878371
1455,0.6002322212014162,0.947496664754299,0.3463113334452665,0.04184466240311965,0.1340328624291853,0.8630564755034946
1456,0.6002390725490591,0.9448991348214044,0.34854524338341325,0.04278347400553355,0.1363585370006672,0.8664937191440389
1457,0.6002471203176465,0.9467563778399661,0.3497910945701264,0.04145771774843946,0.1330834707519424,0.8748320952099974
1458,0.6002613854904024,0.9470000992450454,0.34851245026277383,0.041374496192457026,0.13351613793814482,0.8706467166577195
1459,0.6002497675532049,0.9478396787895725,0.3492372685916578,0.041857779880088,0.13257051753722984,0.8732835083576556
1460,0.6002513966834329,0.9473298747039344,0.3471977740576274,0.04136816555838507,0.1328562910261648,0.8673688655883324
1461,0.6002522569223577,0.9466203085883286,0.34632586399519405,0.042887820923763045,0.1337929937374868,0.8622967773243323
1462,0.6002513495861572,0.9459261012437602,0.3507560110986137,0.04221652309488306,0.1340645483342132,0.875986961866745
1463,0.6002525136221167,0.9471273218694276,0.34935105173727443,0.04233276960799721,0.13578971616339,0.8699306694404361
1464,0.6002698957369893,0.946736449776587,0.3474198797025753,0.04130517603070231,0.13439989263260274,0.8665545704444209
1465,0.6002872888433965,0.94715254151675,0.34741677363539547,0.04218978851115306,0.13242043890849642,0.8676400934865369
1466,0.6002934497726133,0.9468268440306844,0.34685314130292355,0.04093235836416016,0.133119294380798,0.8665077711638125
1467,0.6002991743887648,0.9470670507152351,0.3464155826316466,0.04142277220420048,0.1354011589334598,0.8624228167572796
1468,0.6002972269381177,0.9467850612105875,0.3462909419767863,0.04028618935751664,0.13387853016151868,0.8647081064113237
1469,0.6003082620583108,0.9449383943267965,0.34686120909549945,0.04037915629621126,0.13535791340910946,0.8648465575811777
1470,0.6003176825564716,0.9493267607501505,0.34509636642750857,0.04111994335590755,0.13317827053188686,0.8609908853947312
1471,0.6003240156897347,0.945254377448513,0.3450928285957564,0.03967221597331599,0.13265761601736953,0.8629486537965837
1472,0.6003179749784747,0.9447224065715576,0.3465009986153724,0.04107920459810074,0.13227653166295272,0.8661472595850638
1473,0.600326709738986,0.9478029922588382,0.3459870827213285,0.041146943781362494,0.1319198704979733,0.8648944338846497
1474,0.6003378458926654,0.944148645640298,0.3443547014471679,0.04040738902331243,0.1337797768269149,0.8588769384912764
1475,0.6003357776648024,0.9470917826102856,0.34541704682860225,0.04045608914599932,0.13583902104406448,0.859956030295743
1476,0.6003275816415811,0.9439650354040138,0.3458431792150168,0.04005263916609529,0.13727237267135528,0.8602045258075999
1477,0.6003292130351787,0.9429356260395843,0.3469215954967944,0.040488933012255,0.13674950225376958,0.8635263512243587
1478,0.6003252337162404,0.9436317725220904,0.34708060682698877,0.04037941633502036,0.13313796049886173,0.8677244436470841
1479,0.6003266129768028,0.9478454599264478,0.3474719659182307,0.04075022115504533,0.13282954760976257,0.8688361289898842
1480,0.6003137320455671,0.9471233415515925,0.3492268025836781,0.04052015148978066,0.1352091122013272,0.8719511440599262
1481,0.6003167775938363,0.9461985957161831,0.3475322754343194,0.04036958051873602,0.13455368400174444,0.8676735617824779
1482,0.6003268141479039,0.9466044222135577,0.34677513056548176,0.04204209457477678,0.13382441164899206,0.8644588854726764
1483,0.6003183350161021,0.9466184722373961,0.3445726035135248,0.04137544848820195,0.1329948137679749,0.8593475482843976
1484,0.6003037249440959,0.9471756865148,0.3467492951970576,0.04222811184820531,0.1345940391958455,0.863425734547122
1485,0.6003000856628621,0.9463719101872894,0.347775228139728,0.04068095039569201,0.13660826495424702,0.8660364690692449
1486,0.6002989594111947,0.9472683211007118,0.34661135415677274,0.040159662022447466,0.13550244027725936,0.8641719601706115
1487,0.6002991700765392,0.9470077904861898,0.34648526604556495,0.03991395943581728,0.13446714931845305,0.8650746893824246
1488,0.6002977061764379,0.9469564273499403,0.34463880543947073,0.039430330095697214,0.1339738156362295,0.8605122705864854
1489,0.6003003102917671,0.9451393645393076,0.3461675794331816,0.0408153678684078,0.13570962888951907,0.861977741541618
1490,0.6002919770982902,0.9500336930177046,0.3502645848348797,0.042073750257913135,0.1373027181166934,0.8714172861300327
1491,0.6003158378864977,0.9486111999624132,0.3503461985418396,0.04045537837060791,0.138239002505165,0.8723442147497458
1492,0.6003214369525317,0.945750225485719,0.3464921615630297,0.040041702213164394,0.1368301393102321,0.8626046431656924
1493,0.6003092531916622,0.9466338587366504,0.34788671900956547,0.04071453323836878,0.1386673998709825,0.8642782239193452
1494,0.6003116386496227,0.9454069988134683,0.3456722542680169,0.04156586465752225,0.13618670517649253,0.8592641929700359
1495,0.6003152561742642,0.9466390715733298,0.34639314700850893,0.04096230070782089,0.1343906362633002,0.8638265040544055
1496,0.6003084782645204,0.9476690101850106,0.3484754060803887,0.042460913937330286,0.13658381369135564,0.8663814906124802
1497,0.6003116781322085,0.9481892281640805,0.3455669956269013,0.04054980627931123,0.13803140398933883,0.8581197766120536
1498,0.6003255917497003,0.9462869978816982,0.34453188594865547,0.04188991704116914,0.13851845706943103,0.8531872837353662
1499,0.6003243851307505,0.9462433152929725,0.34473568757772427,0.04227425389615041,0.13602512452628926,0.8559076843107332
1500,0.6003246288869437,0.9479390709448795,0.34864698099818864,0.04184795093112713,0.13795135097448494,0.8661416410889538
1501,0.6003097047589309,0.9458792337669653,0.349275920345766,0.042927692245500165,0.13739344605997406,0.8675066227318236
1502,0.6003065662674267,0.9463068920943913,0.3495058293842002,0.043616530075290524,0.13923587752010136,0.8656650805572088
1503,0.6003006145695831,0.9460739281955548,0.3477069661155091,0.04285353847008701,0.13838036422143343,0.8618869956550069
1504,0.6002969097732257,0.9477222689286984,0.34697534674908664,0.04264171947109795,0.13697848756590605,0.8613058332102558
1505,0.6002920323044284,0.9479993783621584,0.34874752289874156,0.04383740209868025,0.13856149803951687,0.8638436685580275
1506,0.6002949509742588,0.9470375728977526,0.3499858232450617,0.04438215271946005,0.1372342374548858,0.8683410795608393
1507,0.6003030148286895,0.9478358955985944,0.3513296248263968,0.04403565288114262,0.13911285872700455,0.8708403628710433
1508,0.6002978957143383,0.9476919281655843,0.35108180113895204,0.043437346571753264,0.1396992474306627,0.87010880941444
1509,0.6002870825311278,0.9475323535800361,0.3503340695280087,0.04305702058695819,0.13983162799391893,0.8681135600031491
1510,0.600291669739231,0.9469018834348513,0.3477429979502701,0.04411348613280631,0.1387299247421499,0.8603855829758539
1511,0.6003061502449952,0.945395812930024,0.34538677767948855,0.04431232944379242,0.1381413362918141,0.853706667302859
1512,0.6003102209601267,0.9470773435106276,0.3468709443641404,0.04374542544257696,0.13765083189581212,0.8592165757540322
1513,0.600299886949354,0.9448173910698443,0.34722561071800334,0.044280089144141895,0.13837758908597234,0.8590191539238958
1514,0.6002948807200671,0.9453285599253337,0.3474246848209067,0.04337673131701288,0.13727873737482119,0.861618585770886
1515,0.6002971741784939,0.9470204541402035,0.34526179424341186,0.041328300650164504,0.13694853802952517,0.8575085440505459
1516,0.600285682737592,0.9456479198895118,0.3464232105666839,0.042038311843610864,0.1370542970085875,0.8601770228478532
1517,0.6002759442796521,0.9441762788671243,0.34778273003077054,0.041179768382811587,0.13899263198777737,0.8631757897217227
1518,0.6002698178574453,0.9472288703109523,0.3470209603973126,0.04064035827228166,0.13765727865516092,0.8627652442644954
1519,0.6002681741728125,0.9469450788193913,0.3456918205328889,0.04077721943579515,0.13453008508968195,0.8617681570731895
1520,0.6002661450347688,0.9471157602358172,0.3481261845526038,0.04149037016844211,0.1375128790107451,0.8653753044786242
1521,0.6002587447887514,0.9477780160328639,0.34841552319820596,0.042929589536982456,0.13697133234173453,0.8653456477159011
1522,0.6002558978086713,0.9473523285913293,0.3504086093950308,0.04341814880485909,0.13697338228654418,0.8708342970936892
1523,0.6002390357070101,0.9466988277462326,0.3504715404174062,0.04333433381086977,0.13707387517055644,0.8710064122707925
1524,0.600242312298644,0.945549514362922,0.34838862573393264,0.042811940190557514,0.1374225206929589,0.8649314163182815
1525,0.6002432296982775,0.9440113118247904,0.3492351178022061,0.04276082884344607,0.13375552894682563,0.8711889956163467
1526,0.6002462093902666,0.9459185722211655,0.35002865932797633,0.042144512809813225,0.13564268680487887,0.872298778369237
1527,0.6002393587096381,0.9449497877831371,0.3486170428261204,0.04215588372883416,0.13888814545935096,0.8648070992901761
1528,0.6002409943342245,0.9487709833805685,0.3478132097652354,0.042288284097265066,0.1386767769554149,0.862474568243026
1529,0.6002288937882405,0.9459373622169479,0.34820186619759247,0.04207117281532188,0.1379971971184496,0.864537228659006
1530,0.6002462337276598,0.9488430610118525,0.34856846249764695,0.042488619308574664,0.13779097302428953,0.8654257951600767
1531,0.6002510941872249,0.9458914696258527,0.34901998246050037,0.04252390788741575,0.13639269486716984,0.8681433446269154
1532,0.6002661646515095,0.9466525428099645,0.3485250135452375,0.042082169080250684,0.13636176532275326,0.8671311062327085
1533,0.6002535441487556,0.9471661703017787,0.34853877909537784,0.04256868665267257,0.13555107314534093,0.8674965774881198
1534,0.6002428532943253,0.9467251465719374,0.34780706594142646,0.043211401757309496,0.13287778187226984,0.8673320141947001
1535,0.6002306446568059,0.9469053354065341,0.3464261660854539,0.0436284359293757,0.1346689412025703,0.8609811211244158
1536,0.6002239809817109,0.9473574023332271,0.3478923970396199,0.042614480758297164,0.13526812921433218,0.8657945811462304
1537,0.6002188358731393,0.9493359590229187,0.3471871797630102,0.04083927064993785,0.13623614041417262,0.8644861282249202
1538,0.6002239950377817,0.9474108224644607,0.34815122030855306,0.04194800345347555,0.13658976471514248,0.8659158927570411
1539,0.6002164882839033,0.9485104461613464,0.3471893049113632,0.041309883842132925,0.137130740056561,0.8631272908353955
1540,0.6002296397960336,0.9471846545530952,0.3504198816439767,0.04118300273440661,0.13801302434926707,0.8720636178482564
1541,0.6002241996203872,0.9469713919619667,0.35030343265334984,0.04093483273725096,0.13802096749797424,0.8719544977248244
1542,0.6002162486433572,0.9471133037860558,0.34990779216369855,0.04338080157299814,0.13629414428813352,0.8700484306299641
1543,0.6002227756842394,0.9472629219498034,0.34888275237591376,0.04067907776387325,0.13797288953636977,0.8679962898274982
1544,0.6002254366578967,0.945543079982164,0.3490571967872754,0.04038669233496798,0.13806794803982608,0.8687169499870322
1545,0.6002407221756708,0.9465479075801652,0.34831509161802426,0.04306062191953761,0.1362331153416946,0.8656515375928404
1546,0.6002534845714197,0.943858085489355,0.34660522828098356,0.0419312861015735,0.13578812548199345,0.8620962732593836
1547,0.6002425547432175,0.9459730949103076,0.3470572516506281,0.04105636820013917,0.1357762497166221,0.8643391370351232
1548,0.6002537652577289,0.946551494039727,0.3473894118839191,0.041079790612648145,0.13653376194795536,0.8645546830911538
1549,0.6002542994856643,0.947001906037487,0.3464657622992918,0.04099024948813519,0.13527760163515587,0.8631294357745845
1550,0.6002569521360824,0.9486941730316614,0.34599128113661054,0.03921722479357031,0.1357526246115228,0.8630039940047384
1551,0.6002622250065704,0.9445244400660286,0.3464537170551305,0.0396138718828068,0.1356781843544653,0.8640690949281195
1552,0.6002653792963802,0.9473357692347705,0.34187538931814815,0.039042744055601604,0.13506296103080473,0.8515204628680381
1553,0.6002752795832837,0.9453126153435114,0.3472201472035231,0.038779362416639464,0.13728731439080782,0.865593764803122
1554,0.600280715524354,0.947065364944701,0.3484064370407419,0.03985300421756668,0.13837434574888396,0.8669919611557749
1555,0.6002853529234101,0.9460273122057455,0.34761570060097635,0.04088987178278962,0.1352991592003697,0.8666580708197699
1556,0.6002849984492743,0.9457792052520625,0.3486265230598821,0.040387868277194004,0.13689218174596698,0.8685995191564854
1557,0.6002871662648527,0.9477707434439219,0.3455253584507469,0.03987865555162306,0.13358286152991508,0.8631145582707026
1558,0.6002741018231926,0.9470932167390423,0.3492803993026506,0.04119347804288028,0.13297616568049522,0.8736715541845762
1559,0.6002860071086763,0.9449231540724986,0.3490471671161403,0.040517583494100444,0.13494462453560657,0.8716792933187139
1560,0.6002747419979625,0.9482340549079561,0.34770433211324164,0.03936601269096977,0.1341818582912208,0.8695651253575343
1561,0.6002724120471156,0.9485293993461099,0.34740167753410395,0.03964987148705668,0.13338378772774653,0.8691713733875087
1562,0.6002769768170225,0.9466259912126084,0.3477543303507876,0.0409172304170199,0.13603954798709939,0.8663062126482436
1563,0.6002756706794893,0.9465764665820141,0.3494000127717511,0.04058728329676275,0.1363633160250996,0.871249438993391
1564,0.6002859801274852,0.948194605304238,0.3461186488001229,0.03944919522486843,0.13716559941336373,0.8617411517621366
1565,0.6002929445784939,0.9462192428724012,0.3476453043243138,0.040638067552304404,0.13629892592064208,0.865998919499995
1566,0.600296609704975,0.9475033625376799,0.3472221341334108,0.04064030901342188,0.13399231514912924,0.8670337782376814
1567,0.6003113779900401,0.94966379607795,0.3482801547592589,0.040621097085241906,0.1337448879415271,0.8704744792510077
1568,0.6003044965790545,0.9470114945373523,0.35026598646620594,0.04121396597092285,0.13701243603924096,0.8725715573884539
1569,0.6002916197544984,0.9471911795117502,0.3493561435688043,0.040325084735405144,0.1356550516235888,0.872088294347419
1570,0.6002954090622984,0.9464638044557264,0.34815077492158913,0.03923890231537987,0.1341124776117909,0.8711009448375966
1571,0.6002982610017633,0.9491087912647843,0.3470709901956379,0.040015785006916146,0.13422988688701096,0.8669672986929865
1572,0.6003007325734667,0.9441626188568807,0.3474485615617615,0.03893278380183649,0.13311429786210968,0.8702986030213383
1573,0.6002927526628564,0.9496065473198578,0.3447053800423406,0.03880094023328136,0.13291494032713866,0.8624002595666017
1574,0.6002903627388148,0.9454611740010221,0.34654583314326054,0.039128480348151216,0.13398587202035028,0.86652314706128
1575,0.6002843486410041,0.9492390813983429,0.3473692465212012,0.03911694280039769,0.13464511226968814,0.8683456844935178
1576,0.6002841744293731,0.949133695842445,0.34637768042373335,0.03853723260010864,0.13310363654440244,0.8674921721266889
1577,0.6002929667516166,0.947562550640645,0.34749947236451006,0.03851395271439455,0.13487464734332855,0.8691098170358073
1578,0.6002835301213629,0.9491793556610487,0.3459336702876649,0.03865813544398284,0.13426145975213025,0.8648814156668817
1579,0.6002833600704207,0.9466364540868575,0.3449159750212109,0.03846182343061029,0.13561424212366813,0.8606718595093544
1580,0.600266208357707,0.946064164239425,0.34942603333661204,0.038378319976593085,0.1365326100861086,0.8733671699471345
1581,0.6002677683697096,0.9442995848222072,0.3499820352877083,0.03817102640450176,0.1370836059547685,0.8746914735038548
1582,0.6002714362300632,0.9480088183941026,0.3486318779281774,0.0373320602485857,0.13938208081341047,0.8691814927225361
1583,0.6002819045094986,0.9479043578938567,0.34858494794709866,0.036892123891778844,0.1384454533620897,0.8704172665874275
1584,0.6002774474679899,0.947167589209207,0.34641885709346554,0.03759873560535817,0.13651052389120882,0.8651473117838296
1585,0.6002681383663242,0.946720687973142,0.34755506217436927,0.038017339605919256,0.1374357343256931,0.8672121125914953
1586,0.6002563806755897,0.9474633645000963,0.3456761156885302,0.03702802338935377,0.13795772408671653,0.8620425995895203
1587,0.6002635895286113,0.9471319225320649,0.34567402845112205,0.03591304157877881,0.13751439514559813,0.8635946486289892
1588,0.6002714412474769,0.9493167162812596,0.34850476682424353,0.03769244110103626,0.13539394238269162,0.8724279169890028
1589,0.6002635279007155,0.9457609990112178,0.3485816510317462,0.03846315114874159,0.13707243562189644,0.8702093663246007
1590,0.6002654593340513,0.9459163447583464,0.35058712060764613,0.0390375120904924,0.13445056186842289,0.878273287864023
1591,0.6002756812788033,0.9467741943041869,0.3481743423561442,0.03874865540419602,0.13587585386377432,0.8698985178004622
1592,0.6002786908186046,0.9467541121520303,0.34587329215248475,0.03917466543837186,0.13492757195701047,0.863517639062072
1593,0.6002820658727853,0.9473318240589024,0.3483943391309138,0.03899022453302608,0.13681411035306343,0.8693786825066518
1594,0.6002793647432214,0.9472615895942317,0.3486501443738545,0.040743696628037146,0.13719400646646715,0.8680127300270593
1595,0.6002906534117359,0.949316608709499,0.34472032720385515,0.04090633380190336,0.13660822901225028,0.8566464187974119
1596,0.6003019949173499,0.9476672269566716,0.3471698695259289,0.041138209095039076,0.13836050874129044,0.8620108907414571
1597,0.6002828676013525,0.9463749480002689,0.3488626739754551,0.04178794751466271,0.13653812966543186,0.8682619447462708
1598,0.6002807870208414,0.9476968685858763,0.34760926565822936,0.04071127444821488,0.13509328107479016,0.8670232414516831
1599,0.6002718300152721,0.947451365920098,0.34840034432956724,0.04073332963043119,0.1368993315824993,0.8675683717757712
1600,0.6002794934962028,0.9484399060158312,0.34989385420284214,0.041307430539013694,0.13766351375831765,0.870710618311195
1601,0.600269464415157,0.9474175809973393,0.3503948110843646,0.04006968584888602,0.13867331172271946,0.8724414356814882
1602,0.6002749306408349,0.9477880632356469,0.3506467041825102,0.04020613991882768,0.1404975106626545,0.8712364619660485
1603,0.6002700089045078,0.9474260359449832,0.3494749679958177,0.040157214360785745,0.1386029334202549,0.8696647562064126
1604,0.600279874317377,0.9473650240781183,0.3490857365353332,0.04007583067209334,0.140045535146105,0.8671358437878014
1605,0.6002828536705845,0.9455398934189003,0.35044078413512836,0.03986196732909689,0.14217078611704698,0.8692895989592413
1606,0.6002850296790623,0.9477192492572778,0.35023221130264554,0.040445461011029984,0.13747872734409264,0.872772445552814
1607,0.6002782054241143,0.9491909705835881,0.3480998154306338,0.04048114023257546,0.13741949032474984,0.866398815734576
1608,0.6002679055026111,0.947731372598829,0.3459833957849162,0.039748081191464585,0.13624705989122213,0.861955046272062
1609,0.6002685402069421,0.9476567675587225,0.34748349861911354,0.04077770014739255,0.135007093712128,0.86666570199782
1610,0.6002619069752011,0.9470848945806233,0.3473757521939041,0.03897248967349927,0.136378849594698,0.8667759173135151
1611,0.6002654157085587,0.9478742533128729,0.3489906953995715,0.03968518401257373,0.1370650665373168,0.870221835648824
1612,0.600265283356703,0.9486068400867709,0.34863326312131876,0.040719848745786394,0.134198898568511,0.8709810420496588
1613,0.600265654387757,0.9478820905630782,0.34622174663807176,0.039496641039304364,0.13449780116373367,0.8646707977111772
1614,0.6002632506092628,0.945925500189269,0.34784506242710095,0.039969757951620714,0.13569726565023477,0.8678681636794472
1615,0.6002602619882716,0.9476806169110152,0.3443569961156555,0.04109526365046355,0.13459133338883872,0.8573843913076644
1616,0.6002520965222929,0.9457468917570883,0.3485271772279953,0.040955746773473016,0.13909834876022711,0.8655274361502858
1617,0.6002668509374968,0.9457809392368309,0.3483552328573003,0.040996940656181306,0.13909954948178208,0.8649692084339375
1618,0.6002547818440266,0.9475738836976814,0.34942355418059573,0.04133915185984016,0.137808595697817,0.8691229149841301
1619,0.6002410406068059,0.9456516185027151,0.34634603082793813,0.041032929856620964,0.13530017154111598,0.8627049910860776
1620,0.6002446467400441,0.9477323264118548,0.3481043323831282,0.03999964325639181,0.13687132371386648,0.8674420301791262
1621,0.6002452498572747,0.9444863183065568,0.34788981807761815,0.038254456864479404,0.13697156354700926,0.8684434338213657
1622,0.6002308422693549,0.9454085689311196,0.3472733755395884,0.03868357797256228,0.13762135346845158,0.8655151951777513
1623,0.6002349804246114,0.9477328738611918,0.3493533666943575,0.03947494358803299,0.13813510683679783,0.8704500496582417
1624,0.6002301808167064,0.9496462986605413,0.35090889787501034,0.0397582900552491,0.14026549188524104,0.872702911684541
1625,0.6002447068793721,0.9485166805093742,0.34792558966539583,0.04028916161944518,0.13773354126892734,0.865754066107815
1626,0.6002415444198281,0.9461243184888987,0.34955057869574435,0.04031155658420307,0.13788610666669018,0.8704540728363397
1627,0.600236021583309,0.9459789900387777,0.348547175578111,0.03945393822324504,0.1365825928236137,0.8696049956874743
1628,0.6002384801137345,0.9470496741445692,0.3498439858560775,0.0390006083566681,0.13728992441278443,0.87324142479878
1629,0.6002282508463954,0.9471316450377714,0.34857029081737445,0.038664689971995875,0.137008122149417,0.8700380603307106
1630,0.6002157117274262,0.9477266963722573,0.35022296796907587,0.03867744776174619,0.13804533848639317,0.8739461176590883
1631,0.6002098174824912,0.9481411080523503,0.34830306307296066,0.03905798570736844,0.13966468623435668,0.8661865172771568
1632,0.6002109809728411,0.9478191874241084,0.34890111966504783,0.039633439080696345,0.13517534990615276,0.8718945700082942
1633,0.6002120940287946,0.9452506516237006,0.3477264254866624,0.03983639692691553,0.13813426722397235,0.8652086123090992
1634,0.6001962638561203,0.9464553536720391,0.3466371372468004,0.03879109701689665,0.13828370952980895,0.8628366051936956
1635,0.6001997578102573,0.9460041098646848,0.3474587489642861,0.0384880571140056,0.14077232209929436,0.8631158676795583
1636,0.6001952187773392,0.9487281447671101,0.3491548055838851,0.03834051788299338,0.13822386605121617,0.8709000328174458
1637,0.6001954390709321,0.9458252511715856,0.3478172663174679,0.038975091376536444,0.139445053341181,0.8650316542346863
1638,0.600191098035685,0.9484718004405411,0.3489208840496785,0.04031803231007511,0.14054884905132214,0.8658957707876385
1639,0.6001744149369703,0.9451904632361733,0.3488538737203245,0.039535994286882044,0.1449390939122209,0.8620865329618705
1640,0.6001713334764633,0.944190069030861,0.3512850322625986,0.03969770878043711,0.14396995129222667,0.870187436715132
1641,0.6001710154142547,0.9454794048448014,0.3482005234073876,0.04012292416805763,0.14076083076245108,0.8637178152916541
1642,0.6001778223364227,0.9469118052949081,0.34772732954681157,0.039866071976461345,0.14056743777492506,0.862748478889048
1643,0.600187171043839,0.944818533453342,0.34949555987065467,0.03951885855886263,0.139180470486394,0.8697873505667072
1644,0.6001865322330444,0.9464124953809854,0.3514132715415972,0.039103546036891625,0.13973977138260152,0.8753964972052982
1645,0.6001761971297047,0.9459959929096794,0.35021640978992286,0.03960833514195947,0.1402767558581489,0.8707641383696602
1646,0.6001806133883707,0.9480975937631826,0.34967391567744965,0.04075375691753753,0.13868180693771234,0.869586183177099
1647,0.6001694172940801,0.9490434306481909,0.3527187294043607,0.03996456733350097,0.1396329802456311,0.8785586406339501
1648,0.6001576135999065,0.9476103006273078,0.35275860560976663,0.038717820724354604,0.14030165571163494,0.8792563403933104
1649,0.6001550984600507,0.9487531827235914,0.3514028838877788,0.04016183806824547,0.13900682432476577,0.8750399892703251
1650,0.6001576636685029,0.9459503535905994,0.3465413315408654,0.03927552478331809,0.13825605455310302,0.8620924152861752
1651,0.6001758905351495,0.947741498567278,0.345842466942073,0.03878695551229694,0.13721314811883928,0.8615272971950828
1652,0.6001812017353042,0.9477160720678726,0.34571519155833663,0.038736959925555293,0.13525361009060755,0.8631550046588471
1653,0.6001905798472884,0.9431051883181106,0.349502900424504,0.03895212836244223,0.13717530429101768,0.872381268620052
1654,0.6001794165184621,0.9444736809401854,0.34745959963254053,0.040866926679804044,0.13436028945392328,0.8671515827638943
1655,0.6001844453356898,0.9465754851884092,0.34785824198589865,0.04071367045072809,0.13507397903932308,0.8677870764676449
1656,0.600185607642098,0.946962772282824,0.34789005790857436,0.040185582984603,0.1374309839316797,0.8660536068094403
1657,0.6001561123419108,0.948259624101167,0.3497936231471376,0.03999991996502899,0.13934521462908941,0.8700357348472942
1658,0.6001592101956871,0.9476351218780705,0.3488100947622586,0.04113374536491549,0.14011121943392377,0.8651853194879365
1659,0.6001606197603143,0.9471360348740752,0.34751990589372456,0.04069589188490186,0.13822620864108298,0.8636376171551888
1660,0.60016866549781,0.9469900174898815,0.3488003442976066,0.04110631250066417,0.13803590383650013,0.8672588165556555
1661,0.6001584687385981,0.9452115723427897,0.34885546376703147,0.04148606273216453,0.13773117819440311,0.8673491503745268
1662,0.6001524871508942,0.9471990812531692,0.347968062289432,0.040559801109533944,0.13718373103836246,0.8661606547203996
1663,0.6001372092391662,0.9479170860139612,0.34801332571375065,0.041089716123999954,0.13544020854454508,0.8675100524727068
1664,0.6001466018620362,0.9484397489587497,0.34985111052151674,0.04000153828731588,0.13600587844977655,0.8735459148274578
1665,0.6001451142957219,0.9464785100353484,0.3501442723044523,0.040577663965021674,0.13714488342746095,0.8727102695208743
1666,0.6001315656739188,0.945987350486304,0.34862026449927713,0.04038360737870082,0.13631225280460668,0.8691649333145238
1667,0.6001188625357661,0.9466867408144904,0.3493265351360847,0.039719222261781026,0.13675295498851167,0.8715074281579616
1668,0.6001186338160017,0.9472730491265865,0.3499913749410434,0.04007516087420824,0.13494881279822096,0.8749501511507008
1669,0.6001199583883943,0.9483651526636684,0.34925701875466675,0.04077650233527354,0.13808444104441986,0.8689101128843066
1670,0.6001172961292927,0.9446815962869103,0.3500763017349014,0.04102677702086825,0.13942738467931873,0.8697747435045172
1671,0.6001202620429594,0.9475487753355912,0.35023860748563496,0.041414931960047,0.13904653462193484,0.870254355874923
1672,0.6001061187684225,0.9455279586292615,0.34981998543394327,0.04157655051609826,0.13734593453783664,0.8705374712478948
1673,0.6001129513512115,0.9470488773350993,0.3486069341441374,0.04076917579378383,0.1373431501799387,0.8677084764586896
1674,0.6000950537558764,0.9465224269160791,0.34606158382409025,0.03957160732965177,0.13943824228003637,0.8591749018625826
1675,0.6000982526041398,0.9492428088445158,0.3467903782931579,0.03981880642005877,0.1411829911350142,0.8593693373244006
1676,0.6000929122815493,0.9460840284658687,0.34550298859204304,0.04008853714078369,0.1399179606497692,0.8565024679855764
1677,0.6000873324053284,0.9477556225227771,0.34565025902464525,0.04062217023872434,0.13705430488087497,0.8592743019543364
1678,0.6000799519817005,0.9453172072869699,0.3475915039778053,0.039939749970762585,0.13613011173979203,0.8667046502228611
1679,0.6000779161975501,0.9491542552541444,0.3458350460028928,0.040413554779881435,0.13528221374555294,0.8618093694832438
1680,0.6000831307135446,0.949108183817795,0.34730985778483386,0.04080746776341703,0.1369071786163565,0.864214926974728
1681,0.6000836041487699,0.9483765853397323,0.34813127578502295,0.04043570335549944,0.13641860782782883,0.8675395161717406
1682,0.6000700495255092,0.9450464792804614,0.34828069603296685,0.04180785204726096,0.13524283952099259,0.8677913965306471
1683,0.6000646590072514,0.9475945661340324,0.3507149682657588,0.03997484837056443,0.13610919005281402,0.876060866373898
1684,0.6000745686905321,0.9446644742193169,0.34868631703459674,0.04043646528702692,0.1327387507314825,0.8728837350852808
1685,0.6000631029176214,0.9481727513523353,0.346611850687632,0.03963919849668739,0.13440189437471955,0.8657944591914892
1686,0.6000552432617235,0.9447960553777371,0.34779865407817057,0.0403918530679935,0.13454571610570248,0.8684583930608157
1687,0.6000552220263148,0.9471471277413387,0.3457781612024939,0.041388375065733334,0.13317779486492587,0.8627683136768224
1688,0.6000533682757483,0.9503003806374138,0.3471975721254868,0.04125540372943688,0.13265861421449252,0.867678698432531
1689,0.600055957005365,0.9496096486343162,0.3460409001786416,0.04156043378846745,0.13608987764043762,0.8604723891070198
1690,0.6000589725736533,0.9488040446424149,0.34719810051334166,0.04165425129227462,0.13537541502553266,0.8645646352222177
1691,0.6000563842731401,0.9451093595453923,0.34445730750994474,0.040176878728091246,0.13368974381394086,0.8595052999878021
1692,0.6000597538176872,0.9471609238473891,0.34665634842470555,0.04192753547460646,0.13486726842893454,0.8631742413705756
1693,0.6000666871769521,0.9474438264023236,0.3496629864169089,0.040943532719509144,0.13732082423718708,0.8707246022940306
1694,0.6000605716921757,0.9483275567503526,0.3467574681093825,0.03935302509519057,0.138289109138997,0.86263027009396
1695,0.6000438340417438,0.9487312253144876,0.34846439438639465,0.04089959267662777,0.13734695853854675,0.8671466319440093
1696,0.6000453079428231,0.9457922496103554,0.3456088485266094,0.04069209520317528,0.13595242486611311,0.8601820255105398
1697,0.6000429452416193,0.9472447355963854,0.3481898143335095,0.04154103337123681,0.1381862573210005,0.864842152308291
1698,0.6000487493065143,0.9455205245996887,0.34775083152734854,0.04133510990831521,0.13981382625664815,0.8621035584170822
1699,0.6000611628340918,0.9462080253656855,0.3491362917687777,0.04194451102819723,0.1372931947243976,0.8681711695537382
1700,0.6000676140628298,0.9454677933991843,0.349809399529817,0.04207568740966062,0.13783730760807403,0.8695152035717163
1701,0.6000757452741587,0.9473243903964125,0.34856281704643705,0.04005834871049827,0.13950748462379686,0.866122617805016
1702,0.6000729636860241,0.9459848628268624,0.34957749238179425,0.041487719011234186,0.1388743197627723,0.8683704383713764
1703,0.6000744089208541,0.9494385740515774,0.3482887442724175,0.04093655841889115,0.1371100212518172,0.8668196531465443
1704,0.600083074111941,0.9449943471277215,0.34656175421881474,0.03891561524078218,0.1388531680586976,0.8619164793569642
1705,0.6000763189537809,0.9482142559397034,0.34837139241940634,0.039371821127341326,0.1399815290543404,0.8657608270765372
1706,0.6000835076866782,0.9457769192771255,0.347400866420619,0.03811138661577543,0.136922468971279,0.8671687436748027
1707,0.6001093341585995,0.9487087201628576,0.34659735375051937,0.039358743638151124,0.1360896701013013,0.8643436475121057
1708,0.6001112751766609,0.9463617191616013,0.34637599503781563,0.03964425878151186,0.13514421384907588,0.8643395124828592
1709,0.6001206259620936,0.9480586013226981,0.34566820864196107,0.03946557775804433,0.13523697312911548,0.8623020750387234
1710,0.6001203117357797,0.948723746087493,0.3466142159423021,0.03968855379396263,0.13452288585283068,0.865631208180113
1711,0.6001030337315972,0.9468607367071828,0.3489453721842787,0.039736923763580206,0.13547914828898203,0.8716200445002737
1712,0.6001106750748545,0.9461871977884646,0.3453822572427724,0.038434892255415784,0.1365102247815408,0.8612016546913606
1713,0.6001196096272482,0.947936565351926,0.3479437271873382,0.04003331225811159,0.13385863317968483,0.8699392361242182
1714,0.6001168027476176,0.9474226589299423,0.34718237204807184,0.040245164397560616,0.1380872379550793,0.8632147137915757
1715,0.6001050548147362,0.9463990525123,0.3499508887136198,0.0391172209091823,0.13662964274295844,0.8741058024887187
1716,0.6000918586123171,0.9494206037041557,0.3491843175992916,0.0399691486918911,0.1368099290845451,0.8707738750214385
1717,0.6000869692194578,0.9461995698790349,0.34899429270893023,0.038584615880402164,0.13969559632541576,0.8687026659209727
1718,0.6000904264787938,0.9470163909607306,0.34568274007876004,0.03892106330972003,0.13868514750914682,0.8594420094174132
1719,0.6000922544438279,0.9487013699841835,0.3456157450990364,0.040656063454334035,0.13672402122244584,0.8594671506203293
1720,0.6000887512788152,0.942863269310899,0.34652386634652976,0.039993750293112744,0.13629587861802375,0.8632819701284529
1721,0.600088754115276,0.9475781441843506,0.35113631502148956,0.040930383278840174,0.13785487503625965,0.874623686749369
1722,0.6000855570036752,0.9476904053282478,0.3482421106109881,0.040154724141457245,0.1380226132571564,0.8665489944343506
1723,0.6000848959057723,0.9502266475578581,0.3479869737656509,0.04041254538283877,0.13769744105959097,0.8658509348545229
1724,0.6000836102037447,0.9446616423555089,0.3455880670242637,0.040056055511503035,0.13753467610879966,0.8591734694524884
1725,0.6000810347828195,0.9488983589540111,0.3494855053197817,0.040241530133177335,0.1368179255656855,0.871397060260482
1726,0.6000693829285926,0.9453343621012997,0.34762177543671063,0.03840241720104661,0.13577506619394106,0.8686878429151441
1727,0.6000419056217093,0.9470221891521615,0.34815817845455116,0.03949745278533535,0.13574101944823297,0.8692360631300851
1728,0.6000514726924009,0.9453789410283799,0.3473605734918624,0.03885437381288062,0.1343031360740466,0.8689242105886599
1729,0.6000651618915565,0.9467877547930578,0.34841749956716284,0.03913966183868721,0.13823216316247378,0.8678806737003274
1730,0.6000675740567925,0.9467906114104725,0.34996536378931015,0.03866605546514458,0.1370259321577039,0.8742041037450821
1731,0.6000665735928994,0.9480921698134785,0.3511254982845112,0.04007293549588224,0.13594635090275353,0.8773572084548977
1732,0.6000656445741207,0.9480492341630778,0.34940720220883,0.04000866375990559,0.1380813266139662,0.870131616252618
1733,0.6000641643474113,0.9476969278918915,0.3503095132718447,0.03999803109712956,0.13724192336084162,0.8736885853575629
1734,0.6000606272149585,0.947316761645729,0.34941230672640355,0.03811392976440886,0.1358546049204346,0.8742683854943673
1735,0.6000545861987246,0.948974437378735,0.348346764320325,0.03892475202146175,0.13982447043339383,0.8662910705061194
1736,0.6000680394189215,0.9462985319786146,0.3510690690172559,0.039860210003943256,0.1385879923598508,0.8747590046879735
1737,0.6000557127306868,0.9465377936987803,0.3489840717591897,0.04162786025271745,0.13523787089586228,0.8700864841289896
1738,0.6000544466806728,0.9486553283477683,0.3484717149314802,0.042463712745586996,0.1348990309345545,0.8680524011142992
1739,0.6000424065638843,0.9460016251223211,0.3478532369932371,0.041495321526901004,0.13474624864562354,0.8673181408071867
1740,0.6000249072161157,0.9478103584700256,0.3475954783318726,0.042259883880521674,0.1346235884234182,0.8659029626916779
1741,0.6000212497710271,0.9477981716263791,0.34895776498326697,0.042324209104039966,0.13701567442084886,0.867533411424912
1742,0.6000367088658976,0.9461018295661124,0.3482156425602268,0.04265672707242016,0.13269686325453295,0.8692933373537274
1743,0.6000346773480744,0.9440087227399745,0.3492813139925261,0.0427661790954201,0.13335650061132165,0.8717212622708367
1744,0.6000360632898591,0.9457125284280408,0.3473346504397182,0.043422964859446044,0.134799442655743,0.8637815438039654
1745,0.6000338592640173,0.9478700426975895,0.3462028171090351,0.04321242327220914,0.13720058825437292,0.8581954398005233
1746,0.6000196488729969,0.9491178069520704,0.3457460472207054,0.04206365623034992,0.13387434402374598,0.8613001414080201
1747,0.6000319813140294,0.945473767252704,0.3472052395642918,0.04076959880142527,0.13153414745057695,0.869311972440873
1748,0.6000313771179976,0.9458752293241939,0.3490907719957512,0.04071250364017687,0.13062848767256244,0.8759313246745143
1749,0.6000224960293249,0.9467217535183325,0.34883347271111037,0.040638038534359676,0.12869135925450934,0.8771710203444621
1750,0.6000272912639459,0.9494235498954464,0.3476481679159116,0.042367811382509245,0.133049844317897,0.8675268480473284
1751,0.600036951928299,0.9471107813303087,0.35053646783665127,0.04211685480946851,0.1353027883781334,0.8741897603223518
1752,0.6000416472639974,0.9468314505296563,0.34749433172526517,0.04156605297484595,0.13297278184308922,0.8679441603578604
1753,0.6000310858247938,0.9467952654547964,0.3493253013868287,0.04169176329771344,0.13124938544557843,0.8750347554171943
1754,0.6000321837065316,0.9466716043575509,0.34748525074110825,0.040880983239899034,0.1319181618626618,0.8696566071207638
1755,0.6000347294907667,0.9482006399680183,0.34868068745481434,0.04147813024500723,0.13060256836590378,0.8739613637535318
1756,0.6000408256818734,0.9459836779309392,0.34805072762640077,0.0413872645220127,0.13080507784580112,0.8719598405113886
1757,0.6000410304032546,0.9483313707821591,0.34707405336547303,0.04052535116740899,0.12836261409717417,0.872334194831836
1758,0.6000419258362278,0.9481844634907445,0.3502135359177565,0.04071989455075479,0.13114531631930396,0.8787753968832107
1759,0.6000485701980475,0.9493488881900672,0.3497042087485373,0.04091324396545125,0.1330832029893918,0.8751161792907688
1760,0.6000456214870931,0.9475652138713399,0.3496715633028023,0.0404043539404018,0.13169422535779618,0.8769161106102088
1761,0.6000290497077174,0.9481823509200793,0.34889273197488113,0.03965160751963053,0.133239659468234,0.8737869289367789
1762,0.60002825060387,0.9463151148547451,0.34844987815523737,0.03970662750944353,0.13305932273674057,0.872583684219528
1763,0.6000226435006681,0.9467692758512143,0.3500624812733515,0.03990816114810892,0.13341323319263393,0.8768660494793117
1764,0.6000179029854736,0.9455261757495586,0.3474705921966719,0.04074373950115277,0.1312060262068128,0.8704620108820502
1765,0.6000089020675164,0.9454263365290212,0.34827873543538174,0.04049275623972961,0.13187676241690943,0.8724666876495063
1766,0.6000175021030532,0.9490849681160108,0.34824676272468574,0.04117133896391722,0.13280455644394176,0.8707643927661981
1767,0.6000212854019568,0.9454129736154965,0.3468242850250776,0.0416692655067716,0.1328065889856039,0.8659970005828572
1768,0.6000150442341655,0.9454133233128164,0.344681217403311,0.0413213863719486,0.13147984723029876,0.8612424186076856
1769,0.600026953068159,0.9483492907749685,0.3470080937242937,0.042081789661495006,0.12867174239220158,0.8702707491191845
1770,0.600023238181397,0.9481838916001842,0.3469716608273442,0.04139456808908697,0.1297848811584315,0.8697355332345142
1771,0.600022796924204,0.9482307345923957,0.3478627709152168,0.041051564122207486,0.13114874988907427,0.8713879987343686
1772,0.6000291202862255,0.9462340379503903,0.34810936065762194,0.041991358966858926,0.13239268213672253,0.8699440408692845
1773,0.6000217326526498,0.9483371845923709,0.34650654820689497,0.043407161559602524,0.1299354349685177,0.8661770480925647
1774,0.6000161224312781,0.9467139322226201,0.3488530901188766,0.042845760062706635,0.12756863240827646,0.8761448778856467
1775,0.6000057021440204,0.9480242750352713,0.3469399802170799,0.04270118796909682,0.1264682837100434,0.8716504689720993
1776,0.59999809039687,0.9490818581202287,0.3472426846320925,0.04219418152799501,0.12818729405375742,0.871346578314525
1777,0.5999883517877866,0.9471059861374194,0.3503248922358861,0.040860002369940425,0.12746442737064018,0.8826502469670777
1778,0.5999943217271768,0.9493881944886409,0.3519793197174892,0.04383814701040492,0.1275512649024398,0.884548547239623
1779,0.5999928856609611,0.9468244770191774,0.35024618084161724,0.04371641843827601,0.12889625680929537,0.8781258672772804
1780,0.5999833654358198,0.9485862414066442,0.34827201444400024,0.04220849069593983,0.12874463069294365,0.8738629219431172
1781,0.5999867825027495,0.9481252545916844,0.35026407215075206,0.043117010564872646,0.12675636758830797,0.8809188382990756
1782,0.6000031428468288,0.9487844107783959,0.3479849150834468,0.042243246757093206,0.1272925068331129,0.8744189916601344
1783,0.6000057719805979,0.947738643375774,0.3478838881761083,0.04027070257214187,0.12847602245467654,0.8749049395015065
1784,0.600006028625372,0.9465951330993142,0.34701866861930036,0.04165971925593914,0.12650902796880853,0.8728872586331533
1785,0.6000212528083698,0.9467667712373722,0.34819841215528397,0.04140951782511555,0.1260755672048935,0.8771101514358429
1786,0.600019200484198,0.9472225292587226,0.3490632598709979,0.04053617834155068,0.12803234458864846,0.8786212566827946
1787,0.6000284214835054,0.9466259486035843,0.3477892877085649,0.03843812118267884,0.13042850753982588,0.8745012344031899
1788,0.6000345115524629,0.9471700350814766,0.34779733912365646,0.039342889658799694,0.12871205855576123,0.8753370691564086
1789,0.600038682560552,0.9464395249460452,0.34727972158014264,0.03802210115351165,0.12864661869073418,0.8751704448961821
1790,0.6000408948615039,0.9478643057140307,0.34566546125550335,0.03869859334090833,0.12647412356408794,0.8718236668615137
1791,0.6000385667033641,0.9501026911650101,0.34599929382918554,0.03937490743454506,0.1268091048240815,0.8718138692289301
1792,0.6000488940148379,0.9505854394956134,0.34788982814283986,0.0398962725021226,0.12917736777202146,0.8745958441543754
1793,0.6000332183276894,0.9464842485829109,0.3490049736561561,0.03845557573279095,0.12749555789902128,0.881063787336656
1794,0.6000118850476162,0.9461709543581397,0.3472192672806659,0.037756462171607365,0.12909716563434218,0.8748041740360483
1795,0.6000203388217116,0.9456451775886272,0.3473991949203818,0.037295316584914855,0.1307829975432427,0.874119270632988
1796,0.6000215071432501,0.9486414436322356,0.3445377490561226,0.037844405255860504,0.1321786746624573,0.8635901672500501
1797,0.6000312664312124,0.9495272996907358,0.35080066600190973,0.03743771890228579,0.13446199536867057,0.8805022837347728
1798,0.6000307742799745,0.9476325902451791,0.348292976470036,0.0369505620431475,0.13284388533488556,0.8750844820320748
1799,0.6000354899903516,0.9479923969766226,0.3480239866753769,0.037719123775320225,0.13074045587779032,0.8756123803730202
1800,0.600021366718576,0.9470122969681848,0.3494337070101137,0.03879045002136188,0.13039054922235732,0.8791201217866219
1801,0.6000134679526571,0.9454043556022902,0.34799381416734426,0.03927701999629658,0.12847915400570692,0.8762252685000292
1802,0.6000295294100736,0.9495177962499735,0.3496748882643342,0.038302894640238686,0.12883324642508562,0.8818885237276782
1803,0.6000389914276716,0.9509031551148129,0.3527162368677492,0.040427238063581776,0.13175278949431932,0.8859686830453465
1804,0.6000373791845794,0.9479957936588324,0.3513140817056632,0.03851624033502808,0.13088662071107143,0.8845393840708902
1805,0.6000224093921863,0.9473686155889797,0.34958775317600016,0.03809150551287298,0.1335361388651635,0.8771356151499641
1806,0.6000037030878099,0.9483912981595797,0.34954614105206044,0.04039633714356546,0.13176749586258393,0.8764745901500319
1807,0.5999980335379838,0.947335106302533,0.35068833215070977,0.03776048927104738,0.13021541121352856,0.8840890959675535
1808,0.5999954119219658,0.9468000955633621,0.3490781661021348,0.038675646658587276,0.1321217653181,0.8764370863297171
1809,0.6000042536448612,0.9471712106329992,0.35223627708301314,0.038002461386105156,0.13487923665803297,0.8838271332049012
1810,0.6000054430363793,0.9473182378671218,0.35192777567043393,0.038592264450373094,0.13054564548851227,0.8866454170724166
1811,0.6000087440930871,0.9473979456985311,0.3513974280960584,0.03806517512084774,0.13128828623852032,0.8848388229288072
1812,0.6000238479420721,0.9462291548732977,0.34938270224540485,0.036142984813570526,0.133693285783186,0.8783118361394581
1813,0.6000236268942097,0.9470019611049071,0.3480746314963744,0.03602077222459137,0.13136504503792643,0.8768380772266055
1814,0.6000177887564554,0.9505784336725868,0.3493088018990698,0.03670796804168584,0.13386797046938115,0.8773504671861425
1815,0.6000262784056588,0.9476494925965139,0.34722036650256766,0.03629365206515715,0.1309653399937462,0.8744021074487995
1816,0.6000258461540575,0.9478769718177616,0.3482193377367884,0.037699361280795034,0.1310445939763524,0.8759140579532178
1817,0.6000199775192296,0.9497402535687782,0.3474062106232264,0.03730877814823696,0.1322071309689576,0.8727027227524845
1818,0.6000265422770727,0.9470067552815031,0.34752544953941183,0.036636101559039395,0.13381215503403932,0.8721280920251567
1819,0.6000255760125729,0.9495829438893156,0.3512287913270501,0.03636552083133509,0.13473906938675093,0.8825817837630641
1820,0.6000231909382291,0.9451025843960592,0.34901646346572834,0.03598877018517026,0.13319100731220387,0.8778696128998109
1821,0.6000032564232415,0.948789922068853,0.34850801992776687,0.03677211781584823,0.1312258061258349,0.8775261358416176
1822,0.600000790407689,0.9504453040965941,0.3521658021196198,0.03649897078879193,0.13078793229408858,0.8892105032759788
1823,0.5999968605121101,0.9487002161858816,0.3514334692236262,0.034496536112895666,0.13512378648671783,0.8846800850712653
1824,0.6000077169214556,0.9491971187968865,0.35095851100610237,0.034958013990753586,0.13711479385949885,0.8808027251680546
1825,0.600005305370143,0.9457296644501704,0.35061321526149636,0.03614561725897447,0.13823117964147388,0.8774628488840405
1826,0.6000007186449381,0.9484721140270246,0.3480719373377783,0.034027686251752155,0.13523212469110107,0.8749560010704818
1827,0.5999999009947238,0.9471848819188791,0.34965820073553405,0.036099230085345956,0.1354849697230534,0.877390402398203
1828,0.5999856527470987,0.948791342072844,0.3471423332008105,0.03527106303791488,0.13396621851646712,0.8721897180480496
1829,0.5999884598248092,0.9466723912384016,0.3452904073116373,0.03704569026638057,0.13354239540381074,0.8652831362647205
1830,0.6000017839350562,0.9481510076455187,0.3485482397335604,0.036288411851093806,0.13434645912064686,0.8750098482289406
1831,0.6000112863555108,0.9479172720496817,0.34799160117721184,0.036566807627385636,0.13063815441759113,0.8767698414866588
1832,0.5999988726945656,0.9458658668964012,0.3491234440843514,0.03658382650394032,0.1332358062002058,0.8775506995489082
1833,0.5999950728117994,0.9449967246623452,0.34681098423567713,0.0367526959656394,0.13115963468674738,0.8725206220546445
1834,0.5999967913104155,0.9482902643092828,0.3465975619772627,0.036905444350237564,0.13098437542415026,0.8719028661574003
1835,0.5999913259889589,0.9474426523193026,0.3479618261235616,0.03728943304701368,0.1319112119764097,0.8746848333472614
1836,0.5999965791497149,0.9476443239750837,0.3491216834077167,0.03896633842963721,0.13267572809648379,0.8757229836970292
1837,0.5999890680277649,0.9503602491795803,0.3486113978429742,0.03771734636159189,0.13305702737689576,0.8750598197904348
1838,0.5999886301234144,0.9488739371632191,0.34723582971717865,0.0368295210387384,0.13458897033843573,0.8702889977743618
1839,0.5999931030346864,0.9464252982114267,0.3495390206504626,0.03616029839247748,0.13457549302529903,0.8778812705336113
1840,0.599994876101533,0.9477262857067466,0.347672674757082,0.036074923284523615,0.13468260521035655,0.8722604957763658
1841,0.599983080279121,0.9500760857118903,0.3463320218248213,0.03427927795420337,0.1324060355620475,0.8723107519582132
1842,0.5999701788671171,0.9453070499179733,0.35018270675152713,0.03646547616043583,0.1328724891147164,0.8812101549794292
1843,0.5999562221633803,0.9473415186481008,0.34952285217694523,0.03649931619553267,0.13371331069056006,0.8783559296447428
1844,0.5999633321712117,0.9464819238994903,0.3485140397944081,0.03699588893315079,0.13203763363933013,0.8765085968107432
1845,0.599942679785155,0.9484998465641259,0.34757911627986837,0.036618799702378926,0.13347059570397143,0.8726479534332549
1846,0.5999263903878543,0.9492363325708061,0.34778439041877324,0.037887555787681854,0.13283119030115687,0.872634425167481
1847,0.5999236550387177,0.9487642318859817,0.34611940787955536,0.03537657486941553,0.128967445387808,0.8740142033814425
1848,0.5999149041004433,0.9483122279861135,0.34733159482138876,0.036364465307450314,0.13102676769571475,0.8746035514610012
1849,0.5999289130600044,0.9490537803297658,0.3506243560322667,0.03710980197825136,0.13292886264785803,0.8818344034706908
1850,0.5999156681307589,0.9492158079583716,0.3455507385932384,0.03710671670278584,0.13006604993442492,0.8694794491425045
1851,0.599907722692614,0.9508832431807831,0.34762172076755754,0.03584224384249568,0.1317702047029845,0.8752527137571923
1852,0.5999127354220322,0.9484559593725879,0.34493943776122643,0.036553617440538165,0.12939598394919433,0.8688687118939469
1853,0.5999075569444954,0.9488687815514256,0.3481522224325373,0.036743403257801815,0.13138944964248658,0.8763238143973235
1854,0.5998989147119466,0.948444694409025,0.3486856600738436,0.03733943367259155,0.13003856280452253,0.8786789837444169
1855,0.599895256602093,0.9477650637162632,0.3469213636769919,0.037639660240830076,0.13191379536056078,0.8712106354295848
1856,0.5998892847089682,0.9493765772678587,0.3457273592453919,0.03667212637373777,0.13278975583830058,0.8677201955241374
1857,0.5998920277901849,0.9472231356948743,0.34731847281134964,0.03585103739353405,0.13145451466538147,0.8746498663751334
1858,0.5998796155589847,0.9506405503987874,0.3480550697832582,0.03620275906030869,0.13203546977736422,0.8759269805121017
1859,0.5998847255920697,0.9442081943335175,0.3480201097328879,0.03579087578776407,0.13239691904516968,0.87587253436573
1860,0.5998763017002419,0.9493326312135675,0.3480697556354833,0.03515865865689683,0.1328950215467956,0.8761555867027575
1861,0.5998805582084739,0.9491562522049893,0.3453478510002649,0.035459784756665245,0.13113600619841595,0.8694477620457133
1862,0.5998904602834544,0.9481543724034868,0.344752236502699,0.03637807757187353,0.12867728165745984,0.8692013502787636
1863,0.5998993793858701,0.9463074504605739,0.34505589858816493,0.03535960988788168,0.1297698008003982,0.8700382850762148
1864,0.5998943384526726,0.9455461822833329,0.34533143706438196,0.034590439725881446,0.12914930522304163,0.8722545662442228
1865,0.5998681318726466,0.9476580947744221,0.34487545422174437,0.034555891937224796,0.12974115111805523,0.870329319609953
1866,0.5998726900991814,0.9491107084411122,0.34737992473496543,0.033947820261088654,0.1314231645491845,0.8767687893946232
1867,0.5998637607451296,0.9500421927347282,0.34587511508985824,0.034649276845319175,0.1326361088005249,0.8703399596237308
1868,0.5998633162749629,0.9461495837033943,0.345337635736995,0.035206536889093636,0.13237292960693084,0.8684334407149604
1869,0.5998609757783047,0.9475239636409875,0.3463243274144716,0.03433390728290856,0.13313873902730067,0.8715003359332055
1870,0.5998647353999892,0.947209295381226,0.3477415810225831,0.03373198490359403,0.13187890125893406,0.8776138569052213
1871,0.5998611951860332,0.9489621794795432,0.34553082062935314,0.034404683223873495,0.12973360782932852,0.8724541708348574
1872,0.5998523891851367,0.9465772662065385,0.345380421741326,0.03325356430472852,0.12729290326320605,0.8755947976560435
1873,0.5998318692802519,0.9487361059843942,0.34628680625855207,0.03343672468727758,0.12940495788338213,0.8760187362049964
1874,0.5998250083122082,0.9481845229471009,0.3477936301367219,0.03342706387928428,0.1286031088528085,0.8813507176780728
1875,0.5998241913919256,0.9489980536297102,0.34806949615003796,0.03439009300918239,0.13042609999483348,0.8793922954460981
1876,0.5998303026584731,0.9491829248631599,0.3454946370192856,0.03392865098510483,0.1316027765125714,0.8709524835601805
1877,0.5998320997002041,0.9468672031587563,0.34702855445482717,0.03504086216487964,0.12889848617505514,0.8771463150245468
1878,0.599826841881634,0.9473141638214692,0.34732513492161055,0.03481529300956993,0.1303824780651834,0.8767776336900784
1879,0.5998400099135595,0.9482049445569144,0.34907156238060055,0.03411396907974459,0.13200281868882424,0.8810978993732329
1880,0.59985273627796,0.9459987358085098,0.34701907686242817,0.03399957961055202,0.1342360644964346,0.8728215864802977
1881,0.5998471924942507,0.9482383780683786,0.34546536707943437,0.033318448442042806,0.13358974542378294,0.8694879073724773
1882,0.5998464979034029,0.9480513484192749,0.3456207049018392,0.03270543705353355,0.13390812290494716,0.870248554747037
1883,0.5998366357177626,0.9500764712417998,0.34741424494672357,0.0340307669039128,0.13365868303651351,0.8745532848997442
1884,0.5998234229295463,0.9494669405483852,0.34644246763087516,0.03399691622172895,0.13322832194950332,0.8721021647213932
1885,0.5998354864109978,0.9451180507937083,0.3489483334248858,0.03320383090776016,0.1322391377955235,0.8814020315713736
1886,0.5998354202427123,0.9489886540462292,0.3511475400904685,0.034115616476105864,0.1315743623533509,0.8877526414419488
1887,0.5998474994497458,0.9478110619080726,0.35027006206128236,0.03469492943700118,0.13238172976925097,0.8837335269775949
1888,0.5998491650300004,0.946902445967048,0.3473346496300783,0.03449270927144456,0.13273242778478167,0.8747788118340086
1889,0.5998446632802005,0.9480547598477636,0.3480594822338084,0.03389833298264577,0.1300460924736895,0.8802340212450901
1890,0.5998411080253755,0.9469182312553336,0.34657079341658076,0.03416759073527091,0.1293214296142116,0.8762233599002597
1891,0.5998330231127426,0.9496266923365815,0.345851706569661,0.03314468170815501,0.13013758640821396,0.874272851592614
1892,0.5998288366094606,0.94635984998135,0.3455645795848808,0.0332533643274126,0.13010161692869474,0.873338757498535
1893,0.5998409100984975,0.9484176530657643,0.3444102514669426,0.03373166016025952,0.128712971925984,0.8707861223145843
1894,0.5998341909674951,0.9485926540084243,0.3461309545056556,0.032798622112555804,0.12975025263557988,0.8758439887688313
1895,0.5998382461078771,0.9484635968730882,0.34823677060559616,0.03308850010395267,0.12672854559522648,0.8848932661176093
1896,0.5998328476550421,0.9474983481880295,0.3418662858732909,0.0331485534804053,0.12621021355335135,0.866240090586116
1897,0.5998249626293415,0.9484337657934637,0.3426764827246223,0.033523153050651074,0.12567603262823668,0.8688302624949792
1898,0.5998112318331648,0.9463622159397096,0.34192800556422875,0.03366129458034511,0.1283271808194615,0.8637955412928796
1899,0.599809263858747,0.948069028281308,0.3425061564885149,0.03345931752409151,0.12703073092823555,0.8670284210132176
1900,0.5998025553159027,0.9470723871874294,0.3433344643492566,0.034099921084678894,0.12405815563572836,0.8718453163273626
1901,0.5997928500466955,0.947457409382272,0.3443825300820037,0.034836881988702544,0.12562999403722414,0.8726807142200844
1902,0.5997867892680233,0.9466511758726132,0.34558787546619485,0.03404248934654928,0.12711332102241604,0.8756078160296192
1903,0.5997687987944879,0.9473378899330849,0.3458625242581703,0.03517442225915737,0.12579245370905076,0.8766206968063028
1904,0.5997681365264,0.946700308653231,0.34647141072480403,0.034895474101798524,0.12603288617956732,0.8784858718930463
1905,0.5997669251154095,0.9469703177279889,0.345110579958328,0.033771174799273114,0.12575329637394578,0.8758072687017653
1906,0.5997621335278279,0.947829540222275,0.3473129417445347,0.033411335054350205,0.128554280684716,0.8799732094945381
1907,0.5997593837129902,0.9459487134280519,0.3470786668714894,0.03502236354365271,0.12772823882141598,0.8784853982493996
1908,0.5997642711374124,0.9484905641808864,0.3483543865389131,0.033999326376319194,0.12846256663595182,0.8826012666044682
1909,0.5997706634846087,0.9499028511497227,0.3479725963199192,0.03428648855854989,0.1273532405277928,0.8822780598734149
1910,0.5997878397155074,0.949027757175127,0.34317221228321176,0.03459387760066232,0.1302532015957721,0.864669557653201
1911,0.5997869311475953,0.9477269343236024,0.34395722597475464,0.03393755311660735,0.12897166826453413,0.8689624565431224
1912,0.599790405989322,0.949162602238366,0.34499140564364933,0.0329639688238871,0.12847367762200826,0.8735365704850526
1913,0.599777856874603,0.9484026218225902,0.3432650046644362,0.03411286185659912,0.12633218924691197,0.8693499628897974
1914,0.5997743510003805,0.9481198159689587,0.34497368144987556,0.032961160260859323,0.12730626338601275,0.8746536207027545
1915,0.5997820435718059,0.9486966710307746,0.3433691155316472,0.03396920224028637,0.12676624012535195,0.8693719042293032
1916,0.5997869260122007,0.9454688596918356,0.34509379876172186,0.03333936254632717,0.12782906913740794,0.8741129646014304
1917,0.5997791685201006,0.9491424552347606,0.3465120993364575,0.03325381155610398,0.12912652069806504,0.8771559657552034
1918,0.5997783382577168,0.9480665045042043,0.3470523350958957,0.03367577028783751,0.12951458396138243,0.8779666510384673
1919,0.5997747033551091,0.9491732033640702,0.3454911008072682,0.032487583328257276,0.12911204506144724,0.8748736740320999
1920,0.5997748916563924,0.9454128632930086,0.34646985641449296,0.033681434457721836,0.130619469235737,0.8751086655500201
1921,0.5997795567382659,0.9484943687345477,0.34477543696442253,0.03360325364167082,0.13093060888335095,0.8697924483682459
1922,0.599770341523877,0.9482111713432798,0.3440717147229347,0.034341125530144144,0.13264860242486032,0.8652254162137997
1923,0.5997705519701965,0.9471410166657627,0.34484263609387633,0.03395043084490885,0.1286020595283573,0.871975417908363
1924,0.5997738792333379,0.9454269252099009,0.34655344693967727,0.03325953350874332,0.12970475512252397,0.8766960521877645
1925,0.599773644138404,0.949151234305069,0.34529147237415375,0.03168295299933041,0.1309508624465133,0.8732406016766175
1926,0.5997594850382736,0.9502320907106117,0.34580574298273964,0.03268412503218423,0.13145895573941627,0.8732741481766184
1927,0.5997637202899252,0.945680411826403,0.346969407474869,0.032916768565704656,0.12909408259418606,0.8788973712647163
1928,0.599765953440853,0.9467674044465141,0.34716610170985834,0.032602711720166405,0.12944472852735361,0.879450864882055
1929,0.5997661237798037,0.9460288017592233,0.3477208445266258,0.03397508134864633,0.13017397054993113,0.8790134816813001
1930,0.5997694827930804,0.9466257141644802,0.3450039297264587,0.03432418172833405,0.12907715216886378,0.8716104552821783
1931,0.5997760879699906,0.9481644913758128,0.3468111945393535,0.03219934287206193,0.13077791270042585,0.8774563280455727
1932,0.5997636958429564,0.9480834617980243,0.3483056266306894,0.033631376368786964,0.13106473525111348,0.8802207682721677
1933,0.599772384483036,0.9484296879883664,0.3474623096636627,0.03338260537229951,0.13066977618582534,0.8783345474328633
1934,0.5997746070597137,0.9492502912076852,0.34806934518040933,0.034396981637727836,0.13031200148836874,0.8794990524151314
1935,0.5997729405536265,0.9489032982272155,0.3460821168990892,0.03329316498337789,0.1324233266491327,0.8725298590647569
1936,0.5997682193408931,0.9483133877847678,0.34696819955601677,0.03305247615482929,0.13280707126226443,0.8750450512509566
1937,0.599754624203272,0.9472195053092018,0.34560080272433447,0.031945546032605444,0.13279328520986827,0.8720635769305296
1938,0.5997642619804909,0.9490294603412227,0.347235375246443,0.03106859932128649,0.1308705818312039,0.8797669445868386
1939,0.5997537708931365,0.9482484842796237,0.3475975874366008,0.03051901029081485,0.1314686921593497,0.8808050598596378
1940,0.599754438548634,0.9485528366315145,0.34913611142563516,0.031233152595463623,0.13210020202096642,0.8840749796604753
1941,0.5997679952915307,0.9472193781087603,0.3461166110365456,0.030468489302864995,0.13235668047763843,0.8755246633291336
1942,0.5997712750369065,0.9481752313007283,0.34717201015507887,0.03229309909664612,0.13239416587424568,0.8768287654943449
1943,0.5997651957212002,0.9470268083633976,0.3476724676583408,0.0336957953617205,0.1308215805891872,0.8785000270241148
1944,0.599753283889656,0.9489779576174888,0.34633800144449295,0.03299198745419976,0.1294460136971184,0.8765760031821608
1945,0.5997490519236054,0.9466187982717097,0.3482018818666362,0.03296556695704454,0.13050665881267817,0.8811334198301858
1946,0.5997436032560047,0.9491027928450787,0.3469025208665176,0.03339145491598502,0.1293749299126545,0.8779411777709132
1947,0.599737610450777,0.9470144458136089,0.3474675101307271,0.03380845963819127,0.1319428630738666,0.8766512076801232
1948,0.5997441499529514,0.9481016832659157,0.3479605090911566,0.034032630923655244,0.13161858417308975,0.8782303121767249
1949,0.5997622291653125,0.944373340520164,0.34580630787298194,0.0338775437173622,0.1304704855135467,0.8730708943880371
1950,0.5997661116866645,0.948227886905968,0.3463730375888148,0.0347423629021626,0.1318174505683147,0.8725592992959671
1951,0.5997725050632444,0.9487598174361849,0.3460713250515272,0.03498136422928438,0.1319811932747487,0.8712514176505485
1952,0.5997758320925802,0.9464908200094068,0.3469036260642176,0.03477607753989035,0.13003130367198742,0.8759034969807751
1953,0.5997824656374326,0.9482083156661277,0.3446869576587839,0.03427715050356298,0.1324402469647599,0.8673434755080289
1954,0.5997932263933801,0.9486954097297734,0.3444036418783284,0.034112937010724306,0.1328544874023627,0.8662435012218983
1955,0.5998118078006024,0.945364244816359,0.34593204810375233,0.03519575944359217,0.13119626366275058,0.8714041212049143
1956,0.5998144501930767,0.9467601230863287,0.34973520151913,0.03304500282825835,0.1302051606073889,0.8859554411217426
1957,0.5998116261064855,0.9504166338162511,0.35003626862436776,0.034329413632808954,0.13124184989166973,0.8845375423486246
1958,0.5998120901449543,0.9474170079465074,0.3481410551837372,0.03435983529705098,0.13096468417646726,0.8790986460776934
1959,0.5998063627527673,0.9473357361871153,0.3481106231931724,0.03377253923283309,0.1290016002264855,0.8815577301201983
1960,0.5998073786713806,0.9493224796811549,0.3511364555473852,0.033892327090850986,0.1315377615854293,0.8879792779658754
1961,0.5998092972069168,0.9475438083433022,0.34991110367252715,0.034522105367578854,0.12870066242286118,0.8865105432271413
1962,0.5998140577146072,0.9500959114151399,0.3488537080686219,0.03412008516426212,0.12915292628527997,0.8832881127563237
1963,0.5998128966839376,0.9483937868671036,0.3497826331386154,0.03486915496043784,0.13050630646601466,0.8839724379893938
1964,0.5998033274742995,0.9491061191794862,0.34869556363974075,0.035099788399793656,0.12994581573863204,0.8810410867807966
1965,0.5997890734643097,0.9467259877401173,0.34994782958553833,0.03475132055781589,0.12818524078374685,0.8869069274150523
1966,0.5997960140954505,0.947471949735118,0.34512376321074006,0.034705579019454834,0.1251048605179687,0.8755608500947967
1967,0.5998076477805109,0.9478860930529678,0.34520062150814756,0.03425427833123667,0.1251339148324064,0.8762136713607996
1968,0.5998127144124922,0.9508780688375915,0.34692700511533975,0.03439817555288265,0.127335936807715,0.8790469029854215
1969,0.5998165204164211,0.9456320345119059,0.3459661232644729,0.035041401823394255,0.12847376064411714,0.8743832073259074
1970,0.5998024917075047,0.945464195736855,0.3463805023450678,0.03434389680172356,0.126371774608481,0.8784258356249987
1971,0.599803724971211,0.9462053113374765,0.3486292410314981,0.036191522403568516,0.1268798278856079,0.882816372805318
1972,0.5998003811093119,0.9478886450171827,0.346411101755779,0.03321738177281981,0.1282735529221124,0.8777423705724049
1973,0.5997997122243964,0.9483057835943018,0.3470686849970522,0.03273790982641702,0.1275585677144643,0.8809095774502753
1974,0.5998040966499246,0.9481440702430989,0.345981281102972,0.0327273536974827,0.12678913144153944,0.8784273581698938
1975,0.5998156668356077,0.9478174612734936,0.34469759741807976,0.034322034031571,0.12743183395556282,0.8723389242671054
1976,0.5997975318607517,0.9490321422552678,0.3442713998967298,0.03438569236303019,0.12604976036409937,0.8723787469630597
1977,0.5997989722742123,0.9473972047551581,0.34661146397570114,0.03393264642557826,0.12410809152471085,0.8817936539768144
1978,0.5997988946295087,0.9468680998597168,0.34494607380956066,0.033287056425693136,0.12439519430358564,0.8771559706994033
1979,0.5997877574596041,0.948862170979871,0.3444800732826326,0.03277328624637815,0.12590859549660258,0.874758338104917
1980,0.5997866664290662,0.9499697654461308,0.343099877619181,0.033261018806892396,0.1253697620275193,0.8706688520231312
1981,0.5997894563864742,0.9484047805626843,0.3478410427789058,0.03287216483499736,0.12570371348749823,0.8849472500142218
1982,0.599791552595934,0.9468541853231187,0.34630489797996433,0.03304750707965493,0.12617976494835484,0.8796874219118833
1983,0.5997973076429418,0.9491756479030259,0.3451138798212048,0.03262170147068877,0.12566472214741034,0.8770552158455154
1984,0.599792512398103,0.9491471310375161,0.3477760358922804,0.03269050342654043,0.12470029393437708,0.8859373103159237
1985,0.5997848515941907,0.9472679181592691,0.3460821148068934,0.03151319408661732,0.12605008739488302,0.8806830629391798
1986,0.5997837368878681,0.9496445866215758,0.34523794243166145,0.031421593547741274,0.12374824783917727,0.8805439859080656
1987,0.5997776174562977,0.9481602488110287,0.3455448458395507,0.031131970807901876,0.12696426593597718,0.878538300774773
1988,0.5997880323409094,0.9469187794093663,0.34696409088877117,0.03311675430768197,0.1259523263311561,0.8818231920274755
1989,0.5998043265199402,0.9493834612823042,0.3478491122070312,0.03279983725733447,0.12718320708608902,0.8835642922776701
1990,0.599808429869963,0.9480167044915155,0.34769107948761785,0.032337666868815354,0.12655647620154029,0.8841790953924981
1991,0.5998008807681123,0.9461863182695791,0.34930741925313813,0.03133309343642283,0.12973533825877384,0.8868538260642177
1992,0.5998017334014166,0.9458078264197197,0.3506025728652468,0.032330001859333546,0.13081399179914094,0.8886637249372659
1993,0.5998051673186808,0.9495880166803718,0.35015880151690093,0.031186648520057682,0.1271113631366607,0.8921783928939845
1994,0.5997982471532165,0.9487135205337214,0.3478902007301589,0.030764342667817253,0.12559788487059664,0.8873083746520628
1995,0.5997992600851386,0.9502491540969819,0.34749647316387394,0.030797280371049025,0.12835750840685478,0.8833346307137181
1996,0.5998098490461131,0.9467484564689506,0.34827244965348464,0.03091286652752465,0.1253882320376652,0.888516250395264
1997,0.5998150377764985,0.9507670544048588,0.3466186468838507,0.03142500045399453,0.12648523237256568,0.8819457078249918
1998,0.5998158732568638,0.9500967617797212,0.34777265986684597,0.03178664673591134,0.12834391241146056,0.8831874204531661
1999,0.5998049566719731,0.9479074256461381,0.3471494695543974,0.03139042192254418,0.12737260119785213,0.882685385542796
2000,0.5998011232815832,0.9470559248373359,0.34665026164111795,0.03136432964200407,0.12616698855220568,0.8824194667291442
2001,0.599815901623182,0.9483881157856875,0.3483244367116966,0.0320075072285529,0.1264568315522849,0.8865089713542519
2002,0.599820988184878,0.9476427356794735,0.34820668252602155,0.03216422202027299,0.12999589545577864,0.8824599301020128
2003,0.5998153230220445,0.9495993381345981,0.3461637503771065,0.03258032996123251,0.12930411714117224,0.8766068040289147
2004,0.5998225472703681,0.9468261356611333,0.34615715229096033,0.032921209576097135,0.12803982947258077,0.877510417824203
2005,0.599826666841306,0.945647595643359,0.3471423163793042,0.03196658011479083,0.12474351494995174,0.8847168540731701
2006,0.5998223648894487,0.9492559114361667,0.34526716190199996,0.03109838914120222,0.12256271576851488,0.8821403807962829
2007,0.5998349126581854,0.9469753620584824,0.34524770669650867,0.031661891326817404,0.12504831298221822,0.8790329157804904
2008,0.5998276727293195,0.9485303010800119,0.34746773272856923,0.03041500494877449,0.12756292759042684,0.8844252656465063
2009,0.5998260598675996,0.9490325510508225,0.34564163658785957,0.030987349557721183,0.1240958436723378,0.8818417165335198
2010,0.5998255445573678,0.9471937427649184,0.34692978899489485,0.03147693996880206,0.12379812302613263,0.8855143039897497
2011,0.5998309195542498,0.948630353353821,0.3492103723053274,0.029830474452206237,0.12498534248931503,0.8928152999744611
2012,0.5998246453774723,0.9489813652125212,0.3450864868197278,0.030563546442324906,0.1240222698475108,0.8806736441693477
2013,0.5998147437249275,0.9483960419417059,0.34558634080184886,0.03184749987908396,0.1258901990533007,0.8790213234731618
2014,0.5998159369664566,0.9455295621155989,0.3482154971772798,0.03255108393021476,0.12401952053165595,0.8880758870699687
2015,0.5998118499497092,0.9463295400802394,0.3476370519047631,0.03289077303922762,0.12646749435234664,0.883552888322715
2016,0.5998177392285409,0.9474655848714589,0.34683166053432896,0.032686974631501074,0.12552113827948702,0.8822868686919987
2017,0.599823155661302,0.9476042729143257,0.34698215647887914,0.03160445439418733,0.12503218846751168,0.8843098265749384
2018,0.599828353675203,0.948668608606148,0.3466205446936365,0.031164710380782265,0.12543323681587695,0.8832636868842504
2019,0.599840631391378,0.9468289416919966,0.3469674392014153,0.03158092207035964,0.12655974237815396,0.8827616531557324
2020,0.5998417727219518,0.9489801899832194,0.3442887874734348,0.03059642928279961,0.12487146437051982,0.877398468766985
2021,0.5998365887870868,0.9524633541232571,0.34729497656637176,0.02948591867420243,0.12455944247049215,0.8878395685544207
2022,0.5998430599471635,0.9481418011766325,0.34506060211581296,0.029623288346429577,0.12473611049010142,0.8808224075109078
2023,0.5998452952163587,0.9468308304786045,0.3445816251059226,0.03010157832125839,0.12290707481409377,0.8807362221824157
2024,0.5998527410037682,0.9473744885005931,0.3445319291443784,0.030327540259201553,0.12413347626011015,0.8791347709138235
2025,0.5998594623409014,0.946847795441451,0.34626390081372826,0.03111541938124418,0.12284896857510327,0.8848273144848373
2026,0.5998567555838005,0.946778187745447,0.3465880872062876,0.031209150839180588,0.1252754573445097,0.8832796534351725
2027,0.599853071956327,0.950295677319415,0.34374214745830967,0.030787578598774252,0.12514011077853243,0.8752987529976223
2028,0.5998590434503631,0.9503738463462408,0.34652127857883414,0.02993371568435233,0.1255720687003413,0.8840580513518088
2029,0.5998609332149402,0.94916619594992,0.3475467284415449,0.030540060453743044,0.12693614744020487,0.8851639774306866
2030,0.5998690809301883,0.9504190757749252,0.346798568142459,0.031507826412249786,0.12560711940016833,0.8832807586149589
2031,0.5998741858452977,0.9475125573069827,0.3459631822375373,0.029678967965299594,0.12444014621271952,0.8837704325345928
2032,0.5998818395367027,0.9508677535616028,0.34743235967339714,0.029189158026166652,0.12611685595708194,0.8869910650369427
2033,0.5998676163407443,0.9496137434287333,0.3479015855941941,0.029683670282699567,0.12736934354497592,0.8866517429549068
2034,0.5998652403952871,0.9488674406074918,0.34732028117946595,0.03013688736675425,0.12682127745657545,0.885002678715068
2035,0.599858521631648,0.9475976147569547,0.345083756739303,0.029816153371370127,0.12397776825329973,0.8814573485932391
2036,0.5998498886364022,0.9490649268804084,0.3451820786173188,0.030815746459847363,0.12343490565397114,0.8812955837381379
2037,0.5998485753847472,0.9483086457232254,0.34463389313288967,0.03003111243461274,0.12534378299910318,0.878526783964953
2038,0.5998440682516634,0.9467858463150354,0.3474422777639311,0.029811724672090457,0.12440282689692098,0.8881122817227819
2039,0.5998278103597477,0.9470719539866905,0.34605151942757634,0.029639283512447535,0.12463044165335777,0.8838848331169237
2040,0.5998214736205438,0.9502892082800681,0.3462241423840489,0.0284781963378019,0.1239074511578641,0.8862867796564806
2041,0.5998305325103103,0.9491068524542796,0.3413522174365961,0.02785444516976138,0.12282138889933525,0.8733808182406916
2042,0.5998313737645976,0.9482826724750889,0.34383678676305623,0.02766093209281512,0.12223384651352077,0.8816155816828329
2043,0.5998307678059155,0.9493399216553874,0.34538581945534663,0.02866476026961873,0.1269890992197889,0.8805035988766323
2044,0.5998404370345762,0.9483621571186137,0.3474793200832857,0.02856205315034579,0.12628444980626904,0.8875914572932422
2045,0.5998427985614599,0.9509590680927176,0.3470388367758668,0.028267912068106197,0.12433124916094297,0.8885173490985512
2046,0.5998409180918113,0.9504972071995405,0.346397744427078,0.028044483168348986,0.1256622831396357,0.8854864669732493
2047,0.5998384549139122,0.9478284912729615,0.34361122591236054,0.027661905993827614,0.12408219539343983,0.879089576349814
2048,0.5998426550225643,0.9457638531876084,0.34626230356203513,0.028536746751943558,0.12360209214615678,0.8866480717880051
2049,0.5998334641284659,0.9499812586085442,0.3453667712766573,0.029348028360157836,0.12508065370676494,0.8816716317630493
2050,0.5998259100474036,0.9497174814471965,0.3458316646860355,0.029374301084673652,0.12519210319183052,0.8829285897816022
2051,0.5998252567865295,0.9478162057011319,0.34560582326895817,0.029156867363198904,0.12395886752130614,0.8837017349223696
2052,0.5998260804273857,0.9480216228506109,0.3459458845076669,0.02955211878211516,0.1254923548658337,0.8827931798750519
2053,0.5998222677863919,0.9458824051875909,0.3449091288365088,0.030364672028763272,0.12721486852549288,0.8771478459552703
2054,0.5998208094587066,0.9481526326886777,0.345658736066952,0.02985082794622516,0.12655088851106117,0.8805744917435699
2055,0.5998239320367308,0.9485737864110422,0.3458600258484398,0.03042835997033827,0.12610019519605006,0.8810515223789309
2056,0.5998261287183997,0.9491547819618962,0.3465028652529146,0.0302288898034188,0.1271164289023092,0.8821632770530159
2057,0.5998243260363172,0.9499827617524503,0.3444662360136615,0.028657761669589936,0.12588325003647288,0.8788576963349217
2058,0.5998179824873677,0.9474901848813263,0.3427846769609416,0.02821600987394343,0.12503252669614867,0.8751054943127328
2059,0.5998132666351987,0.9490788853860598,0.3435727168988405,0.027866489436659713,0.12531896861988048,0.8775326926399812
2060,0.5998099501970938,0.9497457562717811,0.34313237145586395,0.028548076614826102,0.126097294119305,0.8747517436334606
2061,0.599812586239967,0.9488844478058632,0.3447206065673395,0.027289993514317105,0.12353969950352496,0.8833321266841766
2062,0.5998034782693816,0.947945212186814,0.34527727395824015,0.027358052839330283,0.12540669952964298,0.8830670695057471
2063,0.5998054086464241,0.9475363030496133,0.3447501392044767,0.028772670487750573,0.12490943261941781,0.8805683145062617
2064,0.5998130258095815,0.9478134751131911,0.3439384554776596,0.028517765142409026,0.12416204310501487,0.8791355581855548
2065,0.5998146988486982,0.9490215169840446,0.3449972445768898,0.028303568390504623,0.12500791725920654,0.8816802480809584
2066,0.5998213384672474,0.9468385073657476,0.34415062766520865,0.0282279027195421,0.12494456450230393,0.87927941577378
2067,0.5998165904644391,0.9475520275563537,0.3464919549945157,0.028676983466725283,0.12499866088030392,0.8858002206365179
2068,0.5998204307483075,0.9484345475655115,0.3445459963752305,0.028316637525780283,0.12350106783919872,0.8818202837607124
2069,0.5998210046828285,0.9457728933592976,0.34558970531988314,0.02818070379795991,0.12042366916495993,0.8881647429967298
2070,0.5998150787858957,0.9468288771302577,0.34527617032704844,0.028043636290700388,0.11994870861799335,0.8878361660724515
2071,0.5998140112574234,0.9491021083200654,0.3439236660691804,0.027206631142037238,0.12064819896309792,0.883916168102406
2072,0.5998274197381099,0.9494909965172948,0.3446106661088326,0.02775524445865317,0.11965395469580245,0.8864227991720421
2073,0.599831153523033,0.9502499303221755,0.34178171235005783,0.027234967265156566,0.11755793209511942,0.8805522376898975
2074,0.5998429865613008,0.9486562713371565,0.3456935716979441,0.02828857170845044,0.12176863024200245,0.8870235131433795
2075,0.5998380618324627,0.9489522186539415,0.34338121249351655,0.027503247948165898,0.12061138262232865,0.8820290069100551
2076,0.5998353077739494,0.9499415835896451,0.34601233194048103,0.02851919187708139,0.12268300893614917,0.8868347950082125
2077,0.5998249956564401,0.9470684884228621,0.34422254487462944,0.028476450626013984,0.12144074071913336,0.8827504432787411
2078,0.5998326968176703,0.9481212823588104,0.345188231286253,0.028159274378994077,0.12065812553941196,0.886747293940353
2079,0.5998316184467487,0.9473293533439076,0.3458836994415741,0.028656914376138248,0.12351296558731013,0.885481218361274
2080,0.5998289688451092,0.9492896479761169,0.34517659512063875,0.030030976043739978,0.12454290835564123,0.8809559009625352
2081,0.5998212065044475,0.9473899589007707,0.34311016888218493,0.029733370982897585,0.12136040500831086,0.8782367306553465
2082,0.5998125500858728,0.9487766002058299,0.34098941860804816,0.029262007262396306,0.12126222665880665,0.8724440219029416
2083,0.5998121613231401,0.9481082945039169,0.34357417059236256,0.02966017489984358,0.11861425356062162,0.8824480833166224
2084,0.5998104982378742,0.9501586369307091,0.3428860906066774,0.02885280442843288,0.11789494640482519,0.8819105209867742
2085,0.5997892825986668,0.9485900231695025,0.3465366479921756,0.029054064032522545,0.12188163132191202,0.8886742486220922
2086,0.5997886629621423,0.9472896058863083,0.34602888046841734,0.02840759487558692,0.12178002422504434,0.8878990223046208
2087,0.5997907736942936,0.9457028066735763,0.34281962362213064,0.029034668716878178,0.11944663159840799,0.8799775705511058
2088,0.5997912013746023,0.9471014207940761,0.34194251224130684,0.030071566053714607,0.11936279714050262,0.8763931735297033
2089,0.5997943030515457,0.9501700131462866,0.3436202857230643,0.029803318036227586,0.1175559706186593,0.883501568514306
2090,0.5998008104444644,0.9479104542987444,0.3427426369326094,0.028963771471475063,0.11795928266873242,0.8813048566576208
2091,0.5997960347970757,0.9485501256743054,0.34356625240262895,0.028159313830273355,0.11638793376719317,0.8861515096104203
2092,0.599797984377357,0.9478827592510958,0.3449428970253758,0.02947398347714032,0.11909919412564042,0.8862555134733465
2093,0.5997956786400002,0.9478457585373186,0.34379000117280756,0.029374501375791624,0.11863334545194523,0.8833621566906857
2094,0.5997961216403607,0.9498579940107749,0.3439181696664242,0.029806621461906966,0.12131377087607233,0.8806341166612932
2095,0.5997813014736072,0.9478693835066583,0.34483986772071584,0.02931746630424757,0.12120751454883938,0.8839946223090606
2096,0.5997777417941533,0.9504912383115812,0.3439092738800565,0.030578905647777228,0.12146815124343165,0.8796807647489605
2097,0.5997847324423431,0.948260310046548,0.3450137521690157,0.0309109748509233,0.11929837678807961,0.8848319048680441
2098,0.5997886199135068,0.9489392307072642,0.34649163541954997,0.02984089437432403,0.12147299989001013,0.8881610119943156
2099,0.5997908368791655,0.9476789486286327,0.3446408421250687,0.029116688407799164,0.12308254512878196,0.8817232928386249
2100,0.5997993053893628,0.94740498888588,0.34539565043409753,0.02894379924775807,0.12308661992691326,0.8841565321276214
2101,0.5997981009703844,0.9479240041906816,0.3442950944430972,0.030018519279911882,0.12443231536523253,0.878434448684147
2102,0.5997967744817877,0.9463246051776963,0.34395518634794203,0.02902596699117595,0.12370960798890734,0.879129984063743
2103,0.5997940624397935,0.9488677775036404,0.3436584652865364,0.02970327483377909,0.1213530754361961,0.8799190455896341
2104,0.5997842558363684,0.9466721358687281,0.3420067477055057,0.028895238105782154,0.11957607676797463,0.8775489282427602
2105,0.5997773511357096,0.9469198532364277,0.34054976799521863,0.02843752384836471,0.1184908424422284,0.8747209376950627
2106,0.5997696259131324,0.9484337418343057,0.34344478340360846,0.02778001800148743,0.12034069369369038,0.8822136385156476
2107,0.5997696844631059,0.9499359233118746,0.34335909132455633,0.027785428305116662,0.12358814199868501,0.8787037036698673
2108,0.5997665445495891,0.9485637445717667,0.3429456886748438,0.027453487835763686,0.12250457054503425,0.8788790076437336
2109,0.5997668747069266,0.9481049849229868,0.3427283257150949,0.027305578041221447,0.12233987375940525,0.878539525344658
2110,0.5997595383080612,0.9470502399878616,0.34335920277722465,0.027520304259648957,0.11999804971034674,0.8825592543616784
2111,0.5997580070357299,0.9481156341907168,0.3435815391710089,0.02703097440313976,0.12126889778107494,0.8824447453288121
2112,0.5997480896282855,0.9480631845419628,0.3451329246115159,0.028368455343952523,0.1210904011410561,0.8859399173495391
2113,0.5997603651730042,0.9482692909870322,0.34510745156977635,0.027974053514589505,0.11820607220525842,0.8891422289894811
2114,0.5997661300372156,0.9479241871336893,0.3441418840007583,0.027602805252905947,0.11994203898539753,0.8848808077639715
2115,0.5997689745896297,0.9486717541556715,0.34600469450623283,0.027856198321960048,0.11909982732409567,0.8910580578726427
2116,0.5997687878737881,0.943613390858631,0.34914268192661563,0.0289355138573867,0.12137871269087681,0.8971138192315834
2117,0.5997788829160219,0.9504570069477357,0.34574094224784047,0.02855696360053978,0.11959816952288936,0.8890676936200921
2118,0.5997797895010867,0.9474890470962831,0.3475127273105462,0.027560318458037768,0.11806446889094474,0.8969133945826561
2119,0.5997761412350341,0.9483338636046815,0.346747511239634,0.02772055995899911,0.1212865915696568,0.891235382190246
2120,0.5997715029081772,0.9465444152381957,0.34534396337093815,0.028031528776306713,0.12099658012893563,0.887003781207572
2121,0.5997751065172607,0.9468187515798957,0.3455494046805192,0.02827821906743202,0.12175496832561314,0.8866150266485123
2122,0.5997848058054253,0.9493615861594672,0.34440097843605993,0.028519901810861302,0.11950613340639753,0.885176900090921
2123,0.5997691166684745,0.9473934555348088,0.3448526405091151,0.026484150486389222,0.1200413551643071,0.8880324158766489
2124,0.5997624624421356,0.947636309363339,0.34264855908441916,0.02706547065718243,0.1197136508490632,0.8811665557470117
2125,0.5997570448509554,0.9473172961177123,0.3461431436621206,0.027002683021856006,0.12110938509159322,0.8903173628729124
2126,0.5997487736356412,0.949750342942886,0.34414311466784625,0.0272077246018576,0.11892606926586446,0.8862955501358166
2127,0.5997481808852851,0.9488468486679555,0.3428395298320895,0.027626558920855315,0.1203901643566255,0.8805018662187876
2128,0.5997427605514721,0.9490774717024621,0.3420835296967316,0.02801871955121934,0.11942475866160397,0.8788071108773716
2129,0.5997466932309415,0.9483238790070712,0.34124295587681325,0.028004464110792583,0.11798947988749806,0.8777349236321491
2130,0.5997407215874333,0.9471612313417265,0.34251625693063237,0.02772337960533664,0.12006612706915995,0.8797592641174005
2131,0.599746383154342,0.9489329826657399,0.3457838877308286,0.026796339349793547,0.1205716302081765,0.8899836936345157
2132,0.5997518055001663,0.9470617116097767,0.3437093701987887,0.026446547266170305,0.1199388246327093,0.8847427386974864
2133,0.5997471280005627,0.9496446919712987,0.34404848575387,0.025991002529818466,0.12298636885422853,0.8831680858775629
2134,0.5997486063292492,0.9499481291680751,0.34285458050384876,0.02693569580912019,0.12149706154735984,0.8801309841550664
2135,0.5997492248903792,0.9485877090782697,0.343927034776421,0.0259383329971451,0.12396258157268378,0.8818801897594343
2136,0.5997513945422492,0.9474552952096941,0.3468987791356048,0.02588282091726445,0.12382955901060584,0.8909839574789442
2137,0.59975588422593,0.9502930770677073,0.34604614661565497,0.025093173133743592,0.1237576649459167,0.8892876017673046
2138,0.5997619992844393,0.9499988572316795,0.34630555258074214,0.02583820338736505,0.12408763641978798,0.8889908179350734
2139,0.5997548778936993,0.9468134112137211,0.34375863853416744,0.025121440086683197,0.12393871135212545,0.8822157641636937
2140,0.5997645822984338,0.9472074161579437,0.3437473896625585,0.026933476374683313,0.12297133410441681,0.8813373585085754
2141,0.5997586564714227,0.9502282003046955,0.3469562998011838,0.02553593803146377,0.12440783121042244,0.8909251301616653
2142,0.5997554279021092,0.9474435726941833,0.3453180042161822,0.025683374126320452,0.12396427932109463,0.8863063592011317
2143,0.5997516307683041,0.9491100310487142,0.3445604866929353,0.026182101470392797,0.12272651657094075,0.8847728420374724
2144,0.5997460453142806,0.9491880258470893,0.3456375917585667,0.026415032348227327,0.1242956043494413,0.8862021385780314
2145,0.5997390190451269,0.9480963688960825,0.34419586138125385,0.025918036205961805,0.12421217360414658,0.8824573743336532
2146,0.5997279585155155,0.9489001731642314,0.3424152581752395,0.026821208062180173,0.12174215511436924,0.878682411349169
2147,0.5997307309997796,0.9495484744178267,0.3433545314933195,0.026447661296861633,0.12250545512715226,0.8811104780559447
2148,0.5997377250193278,0.9487542260206616,0.34499947259375735,0.02601693311904053,0.12314227159067649,0.885839213071555
2149,0.5997347788066588,0.9482147493628781,0.3459404275594201,0.02636952663575507,0.12379951636936516,0.88765223967314
2150,0.5997383922561883,0.9475340417355256,0.3440752659552104,0.025463706251855837,0.12413235802792323,0.8826297335858521
2151,0.5997389521344504,0.949555669768393,0.34765499151182294,0.025376301915459237,0.12479607839391575,0.8927925942260938
2152,0.5997414053682274,0.9487490991619205,0.34714380689188423,0.026052690512867016,0.1251844814677166,0.8901942486950691
2153,0.5997385562308248,0.9474912920558799,0.3458603653180683,0.02602186437869346,0.12381379566303322,0.8877454359124782
2154,0.5997310317507101,0.9506333789790508,0.3459106842482788,0.027023819494187487,0.1260414687352713,0.8846667645153778
2155,0.5997241527693099,0.9469238639189146,0.34454443753029523,0.027578419068654665,0.12493911632685939,0.8811157771953716
2156,0.5997195281555594,0.9468082792346065,0.3452304256070715,0.027239001015604416,0.12442814032504311,0.884024135480567
2157,0.5997160832770554,0.9489064869757217,0.3439829441214627,0.026890946026640217,0.12436122531924143,0.8806966610185065
2158,0.5997084847786348,0.9496428654897933,0.3463420985600615,0.026492006186231057,0.12532501873573407,0.8872092707582193
2159,0.5997048170114443,0.9483208371157457,0.3454904671164438,0.027240703399743327,0.12254058457350119,0.8866901133760868
2160,0.5997037092111968,0.9454499146495565,0.34359178439054666,0.027274483371837643,0.12337847595615094,0.8801223938436513
2161,0.5996963929671277,0.9482293970713099,0.3465724465517264,0.026684037423733258,0.12579321243400685,0.8872400897974391
2162,0.5997028918159334,0.9488590938755206,0.3468152103179224,0.02631540503463497,0.12433150247168062,0.8897987234474516
2163,0.599708309270537,0.9480604798796634,0.3469747041702125,0.025502917324416778,0.12531815309316002,0.8901030420930607
2164,0.5996942181755821,0.9464664055299339,0.34527157510999157,0.025654241522330343,0.12372526106624757,0.8864352227413967
2165,0.5996904251706255,0.951091589933036,0.3450043628666595,0.024516176472878404,0.12565131020946402,0.884845601917636
2166,0.599687224253821,0.9486154032078635,0.3462847573778137,0.02419027289025583,0.12476886602522606,0.8898951332179593
2167,0.5996892657171882,0.9515129578735025,0.34406495685314636,0.025887751790985132,0.12507341295805185,0.8812337058104021
2168,0.599686508762454,0.9500786426693789,0.3455638207886301,0.02444779729237261,0.12513953706696254,0.887104128006555
2169,0.5996856553197016,0.9485220821302379,0.34700705561032746,0.026168176475652904,0.1248720844306543,0.889980905924675
2170,0.5996778898851889,0.9514479088273854,0.3445038246166272,0.025908025235698736,0.12237307577985063,0.8852303728343323
2171,0.5996702018795282,0.9470923657318073,0.3451231494036809,0.024730418386310557,0.11985542377037826,0.8907836060543539
2172,0.5996797972454583,0.9474070587812365,0.3429621603479144,0.02471931723155917,0.12125196640039729,0.8829151974117866
2173,0.5996763827040997,0.9493595373571136,0.3434993886855689,0.024630592116030192,0.12457058672741735,0.8812969872132593
2174,0.5996828039412097,0.9496643651454377,0.3434898857745233,0.024384181153704266,0.12509885858019407,0.8809866175896716
2175,0.5996816391918662,0.9452208926527954,0.3415778232007185,0.02409158800858369,0.12267354049585148,0.8779683410977203
2176,0.5996839810350175,0.9465785954681487,0.3434520322228515,0.025796899184701943,0.12470258203704236,0.8798566154468102
2177,0.5996906566135848,0.9495190435658262,0.34116907513087097,0.026226652180962037,0.12289163013397011,0.8743889430776807
2178,0.5996853545935658,0.9485750320996814,0.34289778918364944,0.02585914250442369,0.12105484123995618,0.8817793838065683
2179,0.5996825991978773,0.948282218594685,0.3451650561548416,0.02583664895713565,0.12171308615543038,0.8879454333519589
2180,0.599671903982604,0.948174309193645,0.34503232202868855,0.025572610000194722,0.12169633541965032,0.8878280206662205
2181,0.5996671453833764,0.9503926027203818,0.3435450695436856,0.025041704160918377,0.12295813463131945,0.882635369838819
2182,0.5996660751870048,0.94981771925057,0.3426144972720868,0.026045256406065437,0.12111235329166661,0.8806858821185284
2183,0.5996669535264303,0.9499344731570619,0.34618532769720134,0.025146852560468055,0.12199616351328539,0.8914129670178507
2184,0.5996643143782073,0.9480990861013634,0.3454403856955105,0.025215496729987127,0.12146593692079592,0.8896397234357486
2185,0.5996576907251855,0.9493430816953337,0.347020292297158,0.02484289960837369,0.11993609647173202,0.8962818808113682
2186,0.5996536918402101,0.9492861160890914,0.34754907858231754,0.025296374174927045,0.12037609780481333,0.8969747637672122
2187,0.5996595638095037,0.9481355135213445,0.3454736722893904,0.024993769335387297,0.12135015961403336,0.8900770879187505
2188,0.5996658916971321,0.945476691014134,0.34479600342454936,0.025035244557132363,0.12143894124651261,0.8879138244700032
2189,0.5996702078609447,0.9491914030698604,0.34301392690957766,0.024039959693248614,0.11668951490749864,0.8883123061279856
2190,0.599661747396484,0.9495864244134218,0.3439250352466519,0.024217154894435315,0.11934216068024943,0.8882157901652709
2191,0.59965393890116,0.9492224336822912,0.3453810200519946,0.024658359183691237,0.12044743548503295,0.8910372654872597
2192,0.5996666752628672,0.9471007029477538,0.3454737474641843,0.024232600209923162,0.12154515105153792,0.8906434911310918
2193,0.5996620634095079,0.9464658305826834,0.34446731467260944,0.025279134027426476,0.12041860408311685,0.887704205907285
2194,0.5996684497870307,0.9511183990978946,0.3412637500812501,0.025782691872878294,0.12125863852183606,0.8767499198490359
2195,0.5996676626492875,0.9463616726022085,0.3450589180626874,0.024173885948643302,0.11960218909701766,0.8914006791424012
2196,0.5996724731308477,0.950698058998162,0.34569993617667855,0.02532561596321385,0.11909398206599658,0.8926802105008254
2197,0.5996789590146864,0.9505916552515825,0.34690508866540415,0.02496592339639659,0.1186260058907968,0.897123336709019
2198,0.5996740818927832,0.9477137866676644,0.34752492832105025,0.024558024338958862,0.12178454763932291,0.896232212984869
2199,0.5996774166528497,0.9489659889148074,0.3466716267289719,0.025083339384205112,0.12200542213542068,0.8929261186672899
2200,0.599680720051784,0.9479290985805823,0.34754593742358464,0.024923761713718455,0.12195550960541308,0.8957585409516224
2201,0.5996782968004244,0.9480498471825566,0.3477510174134476,0.024493431447950173,0.12087219155761424,0.8978874292347786
2202,0.599683403349945,0.9487998579366315,0.34522623071027686,0.023993414561947576,0.11877586831362821,0.8929094092552547
2203,0.5996865883651669,0.9470773875623549,0.3441041335641456,0.024342204103647274,0.12133546652932736,0.8866347300594623
2204,0.5996947768177174,0.9507434067980962,0.34624017735499113,0.024982448020176618,0.1204511927629295,0.8932868912818673
2205,0.5996877337346244,0.9482771838667776,0.3479206568479138,0.024039116903943537,0.12101153395975826,0.8987113196800395
2206,0.5996838503851502,0.9472447289506184,0.34573922623253445,0.026299449374782895,0.11995199314111368,0.8909662361817069
2207,0.5996831493220044,0.9478349932810199,0.3445195654208049,0.025620777515136396,0.12092286410231708,0.8870150546449612
2208,0.5996751735976268,0.9475618247476091,0.3455352735587263,0.025512261407621816,0.12207117937781459,0.8890223798907424
2209,0.5996785872025143,0.948061071288903,0.34541292025938486,0.025775745295712155,0.12109229994167481,0.8893707155407676
2210,0.5996744284427217,0.9488072491134788,0.3491758422080261,0.025673380058343617,0.12172054539386014,0.9001336011718747
2211,0.5996676465823441,0.9503400528753846,0.34863137926768384,0.02688070702000626,0.12255112194336044,0.8964623088396846
2212,0.5996674309052615,0.9470650859776073,0.3474902915723845,0.027069119331591306,0.12067200347938947,0.8947297519061728
2213,0.5996631822842158,0.948861896226255,0.3468567650922783,0.027005686907042747,0.11926088364942665,0.8943037247203656
2214,0.599663256207645,0.9494043382513886,0.3440466766252602,0.02623410996102233,0.11961897621328138,0.8862869437014768
2215,0.5996607134349557,0.9495897484913365,0.34306925814230477,0.027663942225611204,0.11777074939406096,0.8837730828072421
2216,0.5996649825413923,0.9489496564251336,0.34492293865555385,0.026450102985105386,0.11849274625957552,0.8898259667219807
2217,0.5996696767781391,0.9468480619477594,0.3467334824909429,0.026356000701879777,0.12068605211728094,0.8931583946536679
2218,0.5996664829902626,0.9468206388793021,0.3480616034648029,0.026756128243270776,0.12089714174278804,0.89653154040835
2219,0.5996638927976742,0.9486081074086148,0.3469182477699975,0.026893565269664844,0.12101585383453273,0.8928453242057949
2220,0.5996648740987508,0.9473845154432434,0.3471695225126434,0.027753489517405628,0.12201618896200488,0.8917388890585197
2221,0.5996599213754911,0.9494368931711329,0.3430022514559402,0.027872639171034153,0.11953130373507956,0.881602811461707
2222,0.5996526577070704,0.9472297478687047,0.3437008720793492,0.026133161493047615,0.11748010481217992,0.8874893499328199
2223,0.5996471354082973,0.9493236890916337,0.34287069755937605,0.02629691163312849,0.11763826968471527,0.8846769113602844
2224,0.5996368247649894,0.9480848340268003,0.3419764908132228,0.0256954966996107,0.11462443682628151,0.8856095389137761
2225,0.5996289889716316,0.9485834977461732,0.34382164752849126,0.027162055226011717,0.11442384021526252,0.8898790471441995
2226,0.5996271371232865,0.9474591802732671,0.34292052686353547,0.026585532264623613,0.11340185420772295,0.8887741941182598
2227,0.5996455212392464,0.949351001538877,0.34213169209502325,0.026068063693763074,0.11545368878802563,0.8848733238032812
2228,0.599636472598722,0.948633187970004,0.34218812010186844,0.02567816307045924,0.11814423465054852,0.8827419625845976
2229,0.5996326575000622,0.9490922130855212,0.34368237986027445,0.025434631179080586,0.11837321785639847,0.8872392905453442
2230,0.5996360653550866,0.9467632228376172,0.3428710635283785,0.02650115732969555,0.11813881845947612,0.8839732147959637
2231,0.5996275021777653,0.9480756741314742,0.34443843578773575,0.025368077122384845,0.11838745321519643,0.889559777025626
2232,0.5996369036706277,0.9479096987757871,0.3464618268231429,0.025551134712203678,0.11699737066768058,0.8968369750895443
2233,0.5996319503111814,0.9487107809492646,0.3444138903136772,0.025365787636851177,0.11647551537546927,0.8914003679287111
2234,0.5996381984479836,0.9493558609605022,0.3429553843748619,0.02527019800731845,0.1154101053853088,0.8881858497319585
2235,0.599631715256767,0.9455467280050779,0.3442304324373747,0.025404887633476394,0.11406264674454263,0.8932237629341052
2236,0.5996304676032964,0.9476237024313475,0.3425863190523995,0.024635354156547374,0.11382704607372629,0.889296556926925
2237,0.5996355511341993,0.9494628070712772,0.34103342473730336,0.024917566270222333,0.1159524390121627,0.8822302689295249
2238,0.5996239590417376,0.9489783566875813,0.34200216221845375,0.025008709669750964,0.11599142775153233,0.885006349234078
2239,0.5996172500803171,0.9473575657577151,0.3413850325332406,0.025216971529877497,0.11316569522823154,0.8857724308416126
2240,0.5996138345059645,0.9461360338357304,0.3412293320090209,0.02390394419738707,0.11489484260165404,0.8848892092280215
2241,0.5996181323659134,0.9478984660179133,0.34112595460877143,0.024559172442191066,0.11381976805277401,0.8849989233313491
2242,0.5996149458974961,0.9474612794244913,0.3412845221346617,0.025072596229168322,0.11498544642993146,0.8837955237448852
2243,0.5996209103198158,0.9467413564364546,0.34014574705259026,0.02524632711188841,0.11298743580360418,0.8822034782422782
2244,0.5996256012873584,0.9493615056300956,0.34481502750874765,0.024774589550666044,0.114333300388305,0.895337192587272
2245,0.5996322398146486,0.9489937786052884,0.34144382759955566,0.025292929850327422,0.1113242889774495,0.88771426397089
2246,0.5996421565624754,0.9490075602162269,0.3432350038713908,0.025119679660158094,0.11224399820594796,0.8923413337480661
2247,0.5996476365283444,0.9488945845553908,0.34303583972874374,0.0268373630168036,0.11203537308094963,0.8902347830884779
2248,0.5996381453688776,0.9495233023901067,0.3437031513299956,0.027352601793280265,0.11231076703805519,0.8914460851586515
2249,0.5996434654094137,0.9481467550817998,0.3428799920699138,0.02698333038654655,0.11309321859147389,0.888563427231721
2250,0.5996477680565657,0.947116637190001,0.34286064374817926,0.026461624270638067,0.11056041341826922,0.8915598935556305
2251,0.5996562707417046,0.9449834368616827,0.3435230183383731,0.027706823944950297,0.11217672220035313,0.8906855088698159
2252,0.5996632750854108,0.9483365388697239,0.3452160798554462,0.027104154290066764,0.11611848291612728,0.8924256023601446
2253,0.5996594954529478,0.9493682351507311,0.34329762191657553,0.026491750508415773,0.11561054820398528,0.8877905670373255
2254,0.5996588448114246,0.9440154147895611,0.34417129337051333,0.026431146168893267,0.11638782219860642,0.8896949117440403
2255,0.5996516145832942,0.9506681066382612,0.34562456789668344,0.02639914130011413,0.11669008933474574,0.8937844730551905
2256,0.5996525999817949,0.9490838484439003,0.34463310414904785,0.02607880140696287,0.11372092441835137,0.8940995866218294
2257,0.5996610296917378,0.94740552991044,0.3424319909092791,0.025620998370942307,0.11462237264350353,0.8870526017133914
2258,0.5996575034061763,0.947840478929024,0.3426769215738267,0.025886160540959546,0.11498420860833812,0.8871603955721824
2259,0.5996572579714531,0.9460989328986332,0.3411576469167118,0.02607153971419945,0.11575731234264695,0.8816440886932889
2260,0.5996427109455165,0.9465449464114769,0.34154076630570857,0.026819911600959374,0.11460049368768419,0.8832018936284821
2261,0.5996339769308848,0.9480286396907142,0.3412219469120944,0.02678691431867763,0.11237887820340244,0.8845000482142032
2262,0.5996229271584952,0.9487179336519761,0.3418598357708709,0.026463220387899795,0.11358142200300515,0.8855348649217077
2263,0.5996208157007056,0.9464567381076335,0.3408999352447344,0.027877664107183515,0.11544455593028752,0.8793775856967322
2264,0.5996338039000843,0.9482479716526712,0.34365354347998883,0.028074961529016996,0.11533724229502235,0.8875484266159271
2265,0.59963274868845,0.9484409730556593,0.3421167071270739,0.02670967601744411,0.11632596449517395,0.8833144808686036
2266,0.5996300145093767,0.9486185754282168,0.3424903207438871,0.02581264045967317,0.11520696803143789,0.8864513537405502
2267,0.59963247224813,0.947714310600115,0.3429927824866904,0.02633735993733601,0.11603292419117399,0.8866080633315612
2268,0.5996307958180638,0.9471344911074565,0.34144999440424323,0.027114612184645757,0.11695211413769274,0.8802832568903912
2269,0.59963575636202,0.9469775280292795,0.3406106049309969,0.027873275956832273,0.11374439327784445,0.880214145558314
2270,0.5996374180027932,0.9486712661322724,0.34028669357288277,0.02822832422635907,0.11335640675807039,0.8792753497342187
2271,0.5996511267556038,0.9459473597097708,0.3392630733161051,0.02752762854897388,0.11553707162025731,0.874724519779084
2272,0.5996506967148508,0.9481117588380218,0.3426113534962612,0.02817957536229322,0.11370092540855632,0.8859535597179339
2273,0.5996599809214355,0.9488912994069065,0.34179918639879187,0.027987302148987214,0.11159063973059904,0.8858196173167893
2274,0.5996584735409164,0.9496469531619175,0.3416089781509676,0.026863684751835596,0.11319607426115112,0.8847671754399161
2275,0.5996627751571277,0.9471433792017477,0.3425741089364811,0.026027503543913654,0.11293455612914098,0.8887602671363887
2276,0.599653601639312,0.9496760845367859,0.34451872027121033,0.026913421306971604,0.11248471105600773,0.8941580284506515
2277,0.599661344228775,0.947829752815061,0.34081714199654345,0.02688838512423884,0.1099449388246732,0.8856181020407182
2278,0.5996624693940046,0.9505261144746052,0.33816244678343793,0.026910841025114943,0.1105018135492276,0.8770746857759711
2279,0.5996593390801549,0.9493587462743778,0.3413431577234976,0.025378229089884623,0.10971057581098369,0.8889406682696246
2280,0.5996715995151016,0.9477976518398418,0.3414106478388889,0.02579534698880665,0.10954062293050355,0.8888959735973565
2281,0.5996744154031929,0.948973938472289,0.3397417385755588,0.026087831631010267,0.10855500771644165,0.8845823763792244
2282,0.599666010551277,0.95025604938643,0.3429325335545775,0.02728659275252304,0.10848125068488226,0.893029757226327
2283,0.599665092972855,0.9480605889820722,0.3408894437681954,0.026859665015166914,0.10880861922861032,0.887000047060809
2284,0.599657866307546,0.9481229647406314,0.3439944155105992,0.025168580136236827,0.11040022965784575,0.896414436737715
2285,0.5996615778395481,0.9469206444525459,0.3451219091131209,0.026549546240006563,0.11039251728866388,0.8984236638106924
2286,0.5996582929280533,0.950055314054024,0.3442387017689438,0.026745314026626485,0.11088025913731098,0.8950905321428937
2287,0.5996488797500817,0.9495604980777669,0.34512554562342684,0.02762040619774706,0.11257860038190685,0.8951776302906267
2288,0.5996561260142684,0.9478945043150038,0.34244786445542397,0.0274174566051997,0.11221771866966126,0.8877084180914109
2289,0.5996513415104521,0.947454875299448,0.34446473849903436,0.026994238888429334,0.11119460470403925,0.8952053719046343
2290,0.5996435316598859,0.9515180468449885,0.341307723107434,0.027528777298270874,0.1113350681408947,0.8850593238831365
2291,0.599638161152347,0.948152500277761,0.34426112344666493,0.02812990399447868,0.114238256757732,0.8904152095877842
2292,0.5996384958547035,0.9458930823654003,0.34401976055829464,0.027886882679119755,0.11364580294322968,0.8905265960525345
2293,0.5996395166238018,0.9467284695505049,0.3436985906203261,0.027110273074396053,0.11343875992512259,0.8905467388614596
2294,0.5996401795547529,0.9471366584872827,0.34410950638824217,0.027785215495764168,0.11493551077785595,0.8896077928911065
2295,0.5996385197502102,0.946701599830703,0.34325620714306065,0.027586037891219696,0.11367130872853329,0.8885112748094292
2296,0.5996421371973177,0.9488543803793635,0.34403702765631544,0.027135490141601902,0.11252561139869241,0.892449981428652
2297,0.599647164571856,0.9508227345950381,0.3421334727560651,0.027385368582862772,0.11363017989681815,0.8853848697885144
2298,0.599644681273674,0.9486922253526927,0.3440980166735217,0.026364184926596566,0.11293948112857496,0.8929903839653935
2299,0.5996395679596418,0.9452710844193551,0.343275179594494,0.026829979549071698,0.11116145797883649,0.8918341012555738
2300,0.5996414048784879,0.9491108252515799,0.34220587912501127,0.0261773220538249,0.11062724367442618,0.8898130716467828
2301,0.599644979561123,0.9474778216548472,0.3423750126764471,0.026333618662327925,0.1118843868998062,0.8889070324672073
2302,0.599649777712685,0.9466939530384744,0.3434731197441281,0.025116805448031205,0.11329996706687528,0.8920025867174778
2303,0.5996403965599343,0.9501874298744859,0.34283226241346365,0.02599983062023526,0.1146133487447063,0.8878836078754493
2304,0.5996371627762294,0.9479136132320991,0.34309791427937364,0.0260677665203718,0.11434734170170542,0.8888786346160437
2305,0.5996440820631946,0.9480408050800075,0.34570564646101126,0.02578861995526272,0.11672142158968352,0.8946068978380876
2306,0.5996297459240569,0.9505151981208438,0.3446241967071092,0.024924118633827444,0.11533989730350243,0.8936085741839979
2307,0.5996333247825226,0.9498708750501558,0.34474646839847617,0.026024298462772943,0.11182866031726785,0.8963864464153877
2308,0.5996383739147336,0.9498652701947262,0.34124680652678735,0.02537473801744237,0.11042029013018226,0.8879453914327373
2309,0.5996306454345768,0.9451780078793613,0.3450126356991611,0.02646490958491001,0.11277740967077189,0.8957955878418012
2310,0.5996436402722637,0.9490051190502675,0.3438929193676217,0.02610852485487715,0.11362895083123704,0.8919412824167507
2311,0.5996322733001448,0.9480803616680703,0.34445306353302085,0.025341497193417606,0.11402101629862968,0.8939966771070152
2312,0.5996422093743791,0.9493162138691879,0.3440600347709192,0.02510731049894906,0.11528938195594031,0.8917834118578681
2313,0.5996396792936125,0.9490705203990999,0.3438234912879826,0.02470391047903409,0.11436792873070149,0.8923986346542123
2314,0.5996303467203347,0.9493412295676006,0.3441729774250189,0.025067563169995182,0.11405480948225517,0.8933965596228063
2315,0.5996339657074816,0.9472336190888335,0.3449311348060425,0.025056297068553522,0.11308019349384439,0.8966569138557294
2316,0.5996326821822479,0.9495924458492541,0.34546248664745277,0.02437639510935648,0.11585973584953149,0.8961513289834703
2317,0.5996274022756239,0.9479306343411501,0.34195743268201884,0.02396537830274569,0.11314252064764888,0.8887643990956619
2318,0.5996341684082662,0.9485695486167759,0.34414749929092275,0.024192029366872776,0.11304009414636071,0.8952103743595348
2319,0.5996291154394248,0.9468977442100748,0.3410969548312122,0.02404532038037168,0.11417664367010541,0.8850689004431593
2320,0.5996374281767707,0.9491917542585225,0.34397282016265923,0.024410141197130718,0.11398512954102089,0.893523189749826
2321,0.5996369847995255,0.9483774591262887,0.34592512106050616,0.024963844539755257,0.11410953295464028,0.8987019856871229
2322,0.5996412378820677,0.9475838245754554,0.34352495076285905,0.023537829437365952,0.11429985173250826,0.8927371711187029
2323,0.5996405325773387,0.9475954594916725,0.34415862808856346,0.024314936504759594,0.11374426837787532,0.8944166793830556
2324,0.5996322436249666,0.9491468290498696,0.34414159926972493,0.02537525154109862,0.11453835820120381,0.8925111880668724
2325,0.599633537726665,0.9487650483996414,0.34382944050881803,0.024725312285347797,0.11123859422776636,0.8955244150133398
2326,0.5996245408082995,0.9481266131762499,0.3409907973651079,0.024520022508940306,0.11156005931539431,0.886892310270989
2327,0.5996281569088485,0.9461499047056801,0.3418205426060829,0.025198703430684685,0.10947954972398191,0.8907833746635822
2328,0.5996277773935009,0.94840118752001,0.34166058099615404,0.024812738682114137,0.10819606164207712,0.8919729426642707
2329,0.5996323588571058,0.9485811244577459,0.34297741887579514,0.024063473821167282,0.10995036509958989,0.8949184177066284
2330,0.5996353054688947,0.9488487487885603,0.3444366389063777,0.023614858930909945,0.1119821385345563,0.8977129192536669
2331,0.5996391307095675,0.9493255003457957,0.3437367726566981,0.023823695937809773,0.11050096069849687,0.8968856613337876
2332,0.5996404327889938,0.9478492030905349,0.3449490223221946,0.02432589116875933,0.1091816983889921,0.9013394774088324
2333,0.5996503785958952,0.9511335446818882,0.34310236316740567,0.02427372247201307,0.1089608048348523,0.8960725621953518
2334,0.5996479028243255,0.947915293736239,0.34334744628514907,0.02287917226011444,0.10907006834108925,0.8980930982542435
2335,0.599639073484483,0.9494378097705722,0.343430226213071,0.023108334241537666,0.10927982536452685,0.8979025190331485
2336,0.5996425519767891,0.9498941989041998,0.34215320208967037,0.022097176846368905,0.11002252500117163,0.8943399044214707
2337,0.599640599611561,0.9466171815188176,0.3408652562209761,0.023124413269088668,0.11126430917417876,0.8882070462196607
2338,0.5996416643263035,0.9466446181941258,0.3396421157493435,0.024506988159435382,0.11113468920503596,0.8832846698835591
2339,0.5996515333120644,0.9489785990297185,0.3397252071873389,0.02445936243640669,0.11018433736645973,0.8845319217591502
2340,0.5996496172296779,0.9468334363118386,0.3396766864025454,0.024737626891394613,0.10936469036369174,0.8849277419525498
2341,0.5996498046405363,0.9519483151489339,0.34004961892162533,0.02269727804357087,0.11010560529103539,0.8873459734302697
2342,0.5996541322584209,0.947421793496604,0.3411705210887984,0.02250711929426702,0.11204411215368251,0.8889603318184457
2343,0.5996571855097413,0.9511867221263689,0.34231736384729833,0.02264524392353721,0.10907825225179182,0.8952285953665661
2344,0.5996614536884495,0.9487146617741243,0.3429303797959291,0.023131033741584057,0.10981679995886814,0.8958433056873351
2345,0.5996749382986587,0.9517122483590391,0.3411873240213795,0.02328780556864897,0.10811056079628169,0.8921636056992079
2346,0.5996693697671138,0.9484160472338051,0.34094967333333326,0.022732720130681415,0.10943563745765461,0.8906806624116638
2347,0.5996697439131217,0.9499880960686472,0.34208145491082065,0.024403874146565526,0.10930870107610077,0.8925317895097956
2348,0.5996657406998402,0.9461377841465219,0.3429538298032997,0.025249994373217018,0.10627231576532412,0.8973391792713579
2349,0.5996753811123621,0.951010441211219,0.3445051285497326,0.02458756980611313,0.10979691344866045,0.8991309023944242
2350,0.5996772040063849,0.949777990136009,0.34466884604220765,0.02435756662658216,0.1100549475878412,0.8995940239121997
2351,0.5996725673065783,0.9485437542870905,0.34479787191585753,0.0239756092771072,0.10983835185273216,0.9005796546177331
2352,0.5996852560267112,0.9467549477728382,0.34493171675138895,0.02452274807833615,0.10908151475977443,0.9011908874160564
2353,0.5996840877432942,0.9482091652836361,0.34262733607376894,0.025616935000927696,0.10848572124548374,0.8937793519748953
2354,0.5996920458247754,0.948856095372186,0.34198723150386384,0.024867982253909033,0.11071315754575406,0.8903805547119283
2355,0.5996898463140206,0.9471199254002732,0.3417844558124797,0.02533463495338066,0.10986975986760249,0.890148972616456
2356,0.5996928176831321,0.9489892888472844,0.34241600490320484,0.025756197115968514,0.11122814900813491,0.890263668585511
2357,0.5996980263186272,0.9460077249245271,0.34363876211981276,0.023984148510396947,0.11059775493450309,0.8963343829145382
2358,0.5996959387064338,0.948967879373731,0.34499105583227585,0.024399334402726312,0.11078432114880762,0.8997895119452934
2359,0.5997050984999762,0.9486717626237358,0.3453606441912564,0.02427238413246443,0.10943311638238841,0.9023764320589164
2360,0.5997041933330123,0.9473862717718685,0.3450278638271111,0.024534817014010425,0.10844163215588305,0.9021071423114397
2361,0.5997063104126253,0.9480297460556752,0.341432633154325,0.02369883390445967,0.10900845337604377,0.8915906121824716
2362,0.5997083721332455,0.9483547661178985,0.33930736688148994,0.023265308229733286,0.10640153874870135,0.888255253666035
2363,0.5996954980506398,0.9508080008790757,0.3415644301188924,0.02437837140532257,0.10791042382197259,0.892404495129382
2364,0.5996965610747058,0.9477463848952797,0.3406043267691072,0.024229101618820897,0.10923005914974862,0.888353819538752
2365,0.5996837108234501,0.9498181639385876,0.3380035024689411,0.024387807272017184,0.10875749131117328,0.8808652088236328
2366,0.5996883456623556,0.947727617596946,0.3393793140675946,0.023406096944383746,0.11086939293319707,0.883862452325203
2367,0.5996946256598135,0.9477979281254567,0.3402893886011021,0.02253351155785368,0.10969725856019268,0.8886373956852599
2368,0.5996891966184972,0.9467852979368203,0.33873192695037,0.02276345494674182,0.11035383345845012,0.8830784924459181
2369,0.5997062703129676,0.9492338863316266,0.3411581347498043,0.023297203418424887,0.10948928346237721,0.8906879173686107
2370,0.5997035270359635,0.9482095864920628,0.34165705866173735,0.02214477801720562,0.11334314155341002,0.8894832564145964
2371,0.5996981529357394,0.9502913107917891,0.34204673769550836,0.02310633906615053,0.1121638281772943,0.8908700458430803
2372,0.5996964759221299,0.9486307351580516,0.3399791423091502,0.023039638341886458,0.11289223987185641,0.8840055487137078
2373,0.5996937669388778,0.9495995116152753,0.34156860512214066,0.02321408835432703,0.11322145007325667,0.8882702769388383
2374,0.5997006997853194,0.950332324208084,0.3421473279263441,0.02300410255083902,0.11419689414382268,0.8892409870843706
2375,0.5996931965055001,0.949855988198714,0.34157879180313866,0.02249264535387478,0.11215439908826876,0.8900893309672724
2376,0.5996995190887761,0.9505292897493188,0.3447341374371133,0.023443923774537988,0.11365999030951855,0.8970984982272833
2377,0.5997052290513023,0.9488354459194601,0.3448908127514982,0.02364563327458391,0.11533440671515333,0.8956923982647572
2378,0.5997037878140106,0.948138620876397,0.34546097682089766,0.02384942851194589,0.11500332025221306,0.8975301816985338
2379,0.5997052674865851,0.9494785345253944,0.3454035354821368,0.024074077665452796,0.11477853494655736,0.8973579938344003
2380,0.5997014145614071,0.9487409018393077,0.3427634285085027,0.024047355984512474,0.11323054728432472,0.8910123822566709
2381,0.5997023046629283,0.9483884397394383,0.34564639184605783,0.02434152669622825,0.1164946655073985,0.8961029833345467
2382,0.5997054421987518,0.9490401306622688,0.3462452060910376,0.024190223373115497,0.11902187644042685,0.8955235184595706
2383,0.5997108943809142,0.9507730286510457,0.34691410622933216,0.02420420386406461,0.11761614848794526,0.8989219663359866
2384,0.5997100989447285,0.9501598078373285,0.3456746209318228,0.024401960470146696,0.11441099247333088,0.8982109098519906
2385,0.5997059478896787,0.9447603210033133,0.3479240202654432,0.02506234840624639,0.11494808102319237,0.9037616313668908
2386,0.5997107718159815,0.9501481135045307,0.34360455052325095,0.024163508155116087,0.11561571018406486,0.891034433230572
2387,0.5997177944543874,0.9489809904318822,0.3460917424023178,0.024293206337236434,0.11740962000278149,0.8965724008669356
2388,0.5997184356165621,0.9479010676067509,0.34533167728126146,0.024837960817401087,0.11559246002702331,0.89556461099936
2389,0.5997185070703213,0.9482107261902567,0.3455876055667888,0.024200393141817895,0.11655594149513471,0.8960064820634137
2390,0.5997304096604938,0.9476440440463307,0.3446188836229777,0.02455673743104055,0.11684055498200538,0.8924593584558871
2391,0.5997434323841239,0.9502741901837993,0.34580657246587443,0.024852809640931547,0.11330508889636652,0.8992618188603252
2392,0.5997452951068093,0.949966768784829,0.34656949014276567,0.02579745395621806,0.11361030991450574,0.900300706557573
2393,0.5997393211211638,0.9494605420975606,0.3493876191592313,0.0257632495209281,0.11423522076473731,0.9081643871920284
2394,0.5997449518733927,0.9499028697343559,0.35091260531464374,0.02520491018237805,0.11495776320190583,0.9125751425596473
2395,0.5997410204458614,0.9495413963849334,0.34683287864605894,0.02542460234850944,0.114481764669662,0.9005922689200054
2396,0.5997491860587876,0.9499125973707756,0.3482597978341882,0.025143014153211983,0.11218747531761168,0.9074489040317408
2397,0.5997432307467889,0.9475865743141862,0.34772437424524416,0.023873997041230537,0.11118513086671222,0.9081139948277898
2398,0.5997403829228664,0.9490855927929539,0.3478847300647938,0.025215567060553175,0.11026792349331799,0.9081706996405103
2399,0.5997477959291976,0.9470286938638133,0.3456081110737573,0.024664137735579936,0.10985429644636704,0.9023058990393249
2400,0.5997522404371497,0.9517439735637152,0.3456395123660253,0.02520501818272277,0.11075712285297754,0.9009563960623754
2401,0.5997489820293362,0.950517615702961,0.343101258267956,0.024278798063429596,0.10878690998056936,0.896238066759869
2402,0.599744895125925,0.9507888630259741,0.3420592638755453,0.024954787111826613,0.11011308859717751,0.8911099159176318
2403,0.5997553615846792,0.9480580765225811,0.34350226678250734,0.025342831505629375,0.11247349533761966,0.892690473504273
2404,0.5997538708871801,0.9488394538479217,0.3478880452952529,0.026624081255207432,0.11419367787033242,0.902846376760219
2405,0.5997507423666649,0.9489722406320652,0.34757589180928966,0.025475355401727698,0.11476250726508999,0.9024898127610512
2406,0.5997448099882293,0.947357514152514,0.34603308973691205,0.025791720367916875,0.11134262891650895,0.9009649199263102
2407,0.5997405855773572,0.9468833548372894,0.34468357040319414,0.024839699840539624,0.11439314730578118,0.8948178640632617
2408,0.5997460094576953,0.9510975274820317,0.3473572583288584,0.025709793374718036,0.11412154857698319,0.902240433034874
2409,0.599738137815263,0.9480762325668407,0.34564684549312513,0.02522532589290966,0.1136068711256658,0.8981083394607999
2410,0.5997480268421792,0.9478201270051801,0.34464529721292625,0.02537834205897105,0.1110485034202661,0.8975090461595416
2411,0.5997451345449338,0.9497623674450743,0.34518129693711735,0.024901515940589026,0.11206031982403804,0.898582055046725
2412,0.599744304264556,0.94911185050959,0.3461731082753911,0.024788303754360655,0.1100125273255949,0.9037184937462179
2413,0.5997484027156916,0.9490678970584505,0.34277621231228217,0.02446607531913941,0.1106441008821553,0.8932184607355519
2414,0.599745173243299,0.9465147487494316,0.344786969231787,0.024840604863690535,0.11126220814819572,0.8982580946834747
2415,0.5997516200743989,0.9461932988041948,0.3472108971683577,0.024224002448282482,0.10991698479096326,0.9074917042658274
2416,0.5997558768495175,0.9488506859242613,0.3466373989327133,0.0233752952594786,0.10918474339693604,0.9073521581417252
2417,0.5997558654969842,0.9486003928447481,0.3474395815079099,0.02407794835582112,0.10927839550134462,0.9089624006665639
2418,0.5997580638428656,0.9467165667968922,0.34657583859030716,0.024078684847856593,0.11026667784316313,0.9053821530799019
2419,0.599759611770237,0.9471775768554769,0.34387322347564714,0.024900058651554712,0.1082032536641233,0.8985163581112635
2420,0.5997423061542164,0.9502780242550322,0.3418696808030492,0.025367612527915327,0.10700314866010142,0.8932382812211307
2421,0.5997374052099205,0.9484226551678552,0.34269619782431715,0.02513614944632411,0.10724314865401334,0.8957092953726141
2422,0.5997449009567613,0.9504796117857421,0.34385416148496634,0.02467927695855743,0.10958871203704737,0.8972944954592942
2423,0.5997431198871087,0.9478386988984,0.3430711747749539,0.024026895901207816,0.10943151202342617,0.8957551164002279
2424,0.5997509849714018,0.9483348498399778,0.3459806026498745,0.024043367825020874,0.10876311277919726,0.9051353273454054
2425,0.5997545215923362,0.9511440152147996,0.34353558219737307,0.0242611997408386,0.10924861707650034,0.8970969297747804
2426,0.5997551964413433,0.9506784135316474,0.34378464855669477,0.02354006199377427,0.11025517708220778,0.8975587065941023
2427,0.5997619544827985,0.9498447486066671,0.34395386287114676,0.023681511177432897,0.10998645556971032,0.898193621866297
2428,0.5997547398421522,0.9492112448882656,0.3438719025137355,0.024221340849856957,0.10926663007144695,0.8981277366199026
2429,0.5997619245899378,0.9474804931448116,0.3445187840054201,0.02430022579662566,0.1102884955475218,0.8989676306721127
2430,0.5997633074335794,0.9478518607098025,0.34380589242017756,0.02387358242304495,0.11116967351007832,0.8963744213274094
2431,0.5997645741653075,0.9479860961549338,0.3442869460853744,0.02388763334186702,0.11123711939246728,0.897736085521789
2432,0.5997602248004921,0.9484316477854439,0.34245999261246857,0.022888558718409897,0.10767745275634626,0.8968139663626495
2433,0.5997539134023993,0.9463185259935756,0.3460098303232929,0.02299843350459603,0.10796733422244756,0.907063723242835
2434,0.5997490669654526,0.9503571257109499,0.3459595482747765,0.024117629426197322,0.11059705362782074,0.9031639617703114
2435,0.5997558208734627,0.9503970478720585,0.3442626217719065,0.02257749676522548,0.10845942608474389,0.9017509424657499
2436,0.5997603333265247,0.9483181461154047,0.34579720335504305,0.022348652516360333,0.11175405616778818,0.9032889013809806
2437,0.5997604068270673,0.9466291699889062,0.3457389776788086,0.023661751080664876,0.11036657758349112,0.9031886043722698
2438,0.5997653736171286,0.9480392164769995,0.34374042365304674,0.023863387639014456,0.10780490220604626,0.8995529811140796
2439,0.5997636472725925,0.9477304163238932,0.3426260901011701,0.02357563502125059,0.1080216480896015,0.8962809871926581
2440,0.5997714023273606,0.9501566888327164,0.3457838175762973,0.022584551428527007,0.10887030365208765,0.9058965976482772
2441,0.5997789840008849,0.9484954541858002,0.3459631854811533,0.023093594828823442,0.10788858819714607,0.9069073734174904
2442,0.5997813996932656,0.9467015862290348,0.3460822994110576,0.02321234797485661,0.10943096442189515,0.9056035858364211
2443,0.599778328306893,0.9502644777453392,0.3430957431742542,0.0221837443165631,0.1085222509915434,0.8985812342146561
2444,0.599782402062906,0.9476289423232305,0.34053513308844396,0.022711943021623826,0.10764234994850666,0.8912511062952012
2445,0.5997787007652369,0.9508124803510427,0.33992708103648545,0.023480146268961204,0.1082614780149857,0.8880396188255094
2446,0.5997827652266987,0.9489265618078141,0.34094163764381336,0.02358937678584216,0.10848681751459584,0.890748718631002
2447,0.5997892580152048,0.9509305952385123,0.3411487195216018,0.022667340695774158,0.1092060836385542,0.891572734230477
2448,0.5997952486342343,0.9496477811805538,0.3430859095107467,0.022955194911006997,0.11049860846759262,0.8958039251536405
2449,0.5997884780731104,0.9500352968498333,0.3457553266965506,0.0229512247188546,0.11288163837078001,0.9014331170000175
2450,0.5997898300055934,0.9475948869091216,0.34647173526937974,0.022259117333096403,0.11287096738159354,0.9042851210934495
2451,0.599788265285495,0.9486312307848725,0.3457443645630219,0.022270503236634993,0.112801169571422,0.9021614208810085
2452,0.5997831864708859,0.9495469230360428,0.34356009955521377,0.022431102246716714,0.11041749231271268,0.8978317041062119
2453,0.5997818458341488,0.9490361937350982,0.34256991408950827,0.02354617138476584,0.11006734746493713,0.894096223418822
2454,0.5997820573613578,0.9491855609482815,0.344827019407491,0.023546137744220427,0.10964998884835844,0.901284931629894
2455,0.5997847748275168,0.949048928495537,0.3440279907174107,0.023170687643475425,0.11052270669459204,0.8983905778141646
2456,0.599784182890891,0.9463286987921773,0.341605986519708,0.02242984277668563,0.11005352317286725,0.8923345936095711
2457,0.5997733726844214,0.9494779402782664,0.34352956301506665,0.02254744808765815,0.10662706428083493,0.9014141766767069
2458,0.5997781462081357,0.9499829299952511,0.341910421189865,0.02249605737167487,0.10460728783002704,0.8986279183678931
2459,0.5997780850543513,0.9439427766034327,0.3440305011896108,0.022146950490052608,0.10910564433833811,0.9008389087404417
2460,0.5997809486515656,0.9479220478051932,0.34057872324479493,0.022042567224032982,0.10633216714932252,0.8933614353610294
2461,0.5997856716149118,0.9472714951315981,0.3410772022653822,0.0219785934292674,0.10859048484393304,0.892662528522946
2462,0.5997807118679491,0.9484175793119298,0.34311397662793125,0.022791833564482673,0.10665993320302898,0.8998901631162821
2463,0.5997791426437398,0.9473883460634752,0.3448694811767342,0.023100600983170506,0.10760756388346625,0.9039002786635659
2464,0.5997781078565292,0.9477572408942311,0.34286682650407935,0.02320589782110947,0.10394596369969435,0.9014486179914342
2465,0.5997754785249588,0.9483196064877994,0.3431190285970585,0.022849130421638872,0.10412675180613909,0.9023812035633976
2466,0.5997752905679087,0.9482130674558589,0.3430166555850652,0.022410024492376533,0.10561395719791179,0.9010259850649073
2467,0.5997680970858128,0.9481365846322704,0.34011059538572563,0.02224642747610971,0.10507032799361339,0.8930150306874539
2468,0.5997719420748111,0.9486634727094801,0.34174692937985446,0.022687858589567365,0.10696066459823482,0.8955922649517611
2469,0.5997738062662521,0.9473815418867114,0.34162304801645405,0.02203539804339458,0.10684049301377897,0.8959932529921886
2470,0.5997644029123723,0.9494116749393716,0.3438741396666057,0.02199612099424641,0.10774098483588185,0.9018853131696888
2471,0.5997604773999736,0.9487004206531624,0.34557703123253514,0.02216977607159178,0.10876954771158913,0.9057917699144244
2472,0.5997565175817282,0.9476302665572426,0.3430492690440982,0.023116246922304875,0.10735936953975982,0.89867219067023
2473,0.5997603338080876,0.9483630058003459,0.3445313762499887,0.02294690270594755,0.10759237879522947,0.9030548472487893
2474,0.5997619643967124,0.9510041686268829,0.34203986382947055,0.023069974469329402,0.10702404611767191,0.8960255709014102
2475,0.5997627356080926,0.94851005017171,0.3450446305467313,0.02287492902424395,0.11010120331481808,0.9021577593011318
2476,0.599768548513668,0.9503288509604998,0.3443946880812617,0.022829686724406772,0.11141282128972989,0.8989415562296486
2477,0.5997742410025342,0.9494684262862869,0.3413183281955756,0.021705016665201693,0.10828377608525591,0.8939661918362691
2478,0.5997680824065034,0.9492499188227441,0.3441592283932503,0.022368001231900737,0.11089298651705141,0.8992166974307987
2479,0.5997726236415243,0.9508053664320357,0.3472422283917824,0.0220779751341796,0.11002967732405726,0.9096190327171104
2480,0.5997745953044811,0.9491446114358904,0.3464336404818508,0.022451479356862383,0.11019683634633642,0.9066526057423536
2481,0.5997721737206146,0.9470459578110317,0.3410917592695796,0.021259458585442797,0.10798365721176499,0.894032162011531
2482,0.5997760258285442,0.9502024291338358,0.341936546713813,0.021664127468755356,0.10666411664598568,0.8974813960266979
2483,0.5997611137043537,0.950405170439396,0.3424980306933732,0.021704619382499804,0.10559558532098426,0.9001938873766356
2484,0.5997578864578839,0.946204075538573,0.3433752361299353,0.020842995746227253,0.10520061114101457,0.9040821015025642
2485,0.59975830976936,0.9499534500246308,0.3450389394537545,0.022736664877885775,0.10769915589980986,0.9046809975835679
2486,0.5997567358422383,0.9480616523643258,0.34646819163764153,0.022877137116533126,0.1077489077934215,0.9087785300029699
2487,0.5997583681793777,0.9488687482655895,0.3461779803409918,0.023525818606065885,0.11036892687791079,0.9046391955389986
2488,0.599753917160133,0.9497924455591426,0.3442881340808768,0.022904478718173655,0.10944738677686523,0.9005125367475915
2489,0.5997530504478351,0.9478938716871337,0.343022206635733,0.022793627354033938,0.10742736040129548,0.8988456321518696
2490,0.5997518165184201,0.9473576870281591,0.3418025438342854,0.023063478249414137,0.10528106477733044,0.8970630884761115
2491,0.5997553366997846,0.9498988013694627,0.3441170727757932,0.02250265062498121,0.107537435849231,0.9023111318531674
2492,0.5997599371069104,0.9475158451931827,0.3421659806545371,0.023478776497334496,0.10521245235358595,0.897806713112691
2493,0.599767765261321,0.9469617799423237,0.3436089732556029,0.02381291112910976,0.10786815736678435,0.8991458512709145
2494,0.5997772031886996,0.9507776892554852,0.34394093283548616,0.023658850369546184,0.10758170761747528,0.9005822405194369
2495,0.5997699398592503,0.9502851745095675,0.3439733687707175,0.02353317056605421,0.1077119863311229,0.9006749494149755
2496,0.5997712587251697,0.9492590173117902,0.343198795940504,0.023803168034633317,0.1089071750173539,0.8968860447695249
2497,0.5997707558054673,0.9495063710420963,0.3445753386878677,0.022925519780106842,0.10589984408905173,0.9049006521944445
2498,0.5997657837011595,0.9503794633617175,0.3437069690468938,0.02285758262198557,0.10664069592654189,0.901622628592154
2499,0.5997733270612948,0.9479565214266068,0.3456567478231574,0.021950869476371447,0.10861340221892678,0.906405971774174
2500,0.5997662759995451,0.9504353698027747,0.3440236800800607,0.023277770501185506,0.10817742999090277,0.9006158397480937
2501,0.5997686456089332,0.9501788273827204,0.3435444777999237,0.023151855140369857,0.10745285765340344,0.9000287206059977
2502,0.5997565915356382,0.9485142780642527,0.34535202376933405,0.02345212153185649,0.10714289779731666,0.9054610519788289
2503,0.5997440447966612,0.9476954012760193,0.3436308161600025,0.024011539538871293,0.10894204032306604,0.8979388686180702
2504,0.5997420654482791,0.9469890566426206,0.34443049792674024,0.02524909137664883,0.107740069420264,0.900302332983308
2505,0.5997550043211254,0.9472075758826861,0.34141221795401244,0.024769439438617598,0.10859617255724559,0.8908710418661742
2506,0.5997533171662702,0.947516576884556,0.34266492436894286,0.025307570625335587,0.1081095143027229,0.8945776881787698
2507,0.5997640022490184,0.9494765252751294,0.342806747647255,0.025272149079424863,0.10783674898648934,0.8953113448758507
2508,0.5997601444583844,0.9496862783213681,0.34383264451550666,0.025509824329583264,0.10451347850969267,0.9014746307072439
2509,0.5997478825071664,0.9466395617045402,0.3443138618263902,0.025889078530862863,0.10446576286393124,0.9025867440843763
2510,0.5997572380754206,0.9507974611052173,0.3441230305052118,0.02511932586001485,0.10705410430524358,0.9001956613503771
2511,0.5997504463593891,0.9456894039266834,0.3442385533237574,0.025584563265987476,0.10662136548497324,0.9005097312203115
2512,0.5997481532145904,0.9473968177229046,0.3459282753279263,0.024508134061335337,0.10685690870852123,0.9064197832139222
2513,0.5997538043069238,0.9487849543651266,0.3449672675427019,0.024453210861519085,0.10862325945500247,0.901825332311584
2514,0.599744493749538,0.9473872152751104,0.3454995143770661,0.024187123967551755,0.11084784889741317,0.9014635702662334
2515,0.599748278086858,0.950787176206932,0.3439405419965455,0.024397273398074234,0.10946777391772684,0.8979565786738355
2516,0.5997487965078772,0.9510644251581436,0.34762470971372156,0.02403065982582279,0.10935301408277592,0.9094904552325661
2517,0.5997485797798755,0.9485130056836578,0.3471860914619613,0.02452952402427868,0.1071461841348106,0.9098825662267946
2518,0.5997578880938066,0.9490426162783464,0.3454610672066567,0.024388221719244804,0.10821092424981456,0.9037840556509109
2519,0.5997618462887117,0.9478860203957572,0.34750646542750346,0.024196092370242162,0.10807402162480602,0.9102492822874623
2520,0.5997569015861388,0.9505639908384728,0.34497139151792894,0.025213548539118502,0.1061134341296507,0.9035871918850176
2521,0.5997469022101826,0.9481993666566122,0.3468712616146499,0.024654033776794045,0.1074521979936348,0.9085075530735208
2522,0.5997511951731913,0.9492705144922111,0.3463719243467764,0.025073683028535982,0.11043599401835939,0.9036060959934338
2523,0.5997631737978388,0.9491013569280947,0.3490961061270493,0.02554002230318476,0.11144657820173862,0.9103017178762244
2524,0.5997727212941796,0.9491489418999929,0.3490629005605393,0.026529460228253685,0.1092420752968894,0.9114171661564748
2525,0.5997735920879371,0.9517461865340067,0.34592744544154447,0.024915635886602446,0.10900755958948675,0.9038591408485441
2526,0.5997829360993716,0.9467075520963671,0.34640996843509175,0.0253604346982541,0.11032592769382289,0.9035435429131984
2527,0.5997852491781079,0.9471157038585966,0.3461363114075176,0.025325464625776197,0.10737196401237763,0.905711505584399
2528,0.5997897680322448,0.9488640106632384,0.34366034979736093,0.02542155129016776,0.10659428713588974,0.8989652109660253
2529,0.5997969587136301,0.949342950938157,0.3429717449577335,0.025694587079978234,0.10528581365860028,0.8979348341346222
2530,0.5997921075009427,0.9464616513574845,0.3444152062783726,0.02708990853483097,0.10747812133238858,0.8986775889678981
2531,0.599790248146524,0.949301616346881,0.345071319738437,0.0257773385904438,0.10687081395128106,0.9025658066735861
2532,0.5997897960095663,0.951664342524257,0.34613658604875674,0.025791998398856843,0.10878992823418225,0.9038278315132311
2533,0.5997921542796347,0.948633423125678,0.34775715097503335,0.025567159882789056,0.10779803204753911,0.9099062609947719
2534,0.5997886053962663,0.9478348031311881,0.3476677019834111,0.025537316108772145,0.10789546363466912,0.9095703262067921
2535,0.5997788172601847,0.9508750675534263,0.34713334894001596,0.025487669627246825,0.1090967739390348,0.9068156032537662
2536,0.5997783992339868,0.9481207899205538,0.34667952603605456,0.024999939498867266,0.10757657175630447,0.9074620668529918
2537,0.5997760565502808,0.9479754262803657,0.3469659034296343,0.025689369467572398,0.1078847246571018,0.9073236161642287
2538,0.5997689968004732,0.9476834003277127,0.3459341844191088,0.02435467225762574,0.10783390510147588,0.9056139758982247
2539,0.5997646910452049,0.9472950953164879,0.34671107705020626,0.02405432806231798,0.1067424672387327,0.9093364358495681
2540,0.5997664266079192,0.9497881814047368,0.3476628459109779,0.02358401252789127,0.10907720869232951,0.9103273165127129
2541,0.5997642055538894,0.9483471172368859,0.34699230548050297,0.02412461306658045,0.10991878303494101,0.9069335203399873
2542,0.5997618353651115,0.9510685566737289,0.3460939628555725,0.024108573136189596,0.11050310717763713,0.9036702082528905
2543,0.5997672965717626,0.9476865574663845,0.34936042738245787,0.024283382170102025,0.10936991383852206,0.9144279861387495
2544,0.5997729150441902,0.949881232793432,0.34759841343235126,0.02318426297400883,0.11048198372634785,0.9091289935966972
2545,0.5997695677695589,0.9484087194491431,0.34552144430798876,0.0224964638030163,0.10948032625368703,0.9045875428672631
2546,0.5997817373200435,0.9478095679411589,0.34482684800777536,0.02253975631125414,0.10889423916174236,0.9030465485503296
2547,0.5997865676794502,0.9520756540562069,0.34632873629997696,0.022775277855667138,0.10786755608063592,0.9083433749636278
2548,0.5997853055898186,0.949485213651671,0.3461369548308459,0.023384354946379433,0.10687864414647784,0.9081478653996804
2549,0.5997719117164856,0.949929622940059,0.3434216257001887,0.022912140673982714,0.10732219574269117,0.9000305406838922
2550,0.5997710060572999,0.9481297445297879,0.34512257288875886,0.02327648947510532,0.10740457012298593,0.9046866590681854
2551,0.5997746005781952,0.9492310543621476,0.34484120777268246,0.02304348355396663,0.10732148990264384,0.9041586498614368
2552,0.5997716593349162,0.9489236452904225,0.344582979404299,0.02386435167479412,0.10697696311431866,0.9029076234237842
2553,0.5997590848104719,0.9465120804451942,0.3454716742622123,0.02379262129072946,0.10559762855113376,0.9070247729447737
2554,0.5997731649574096,0.9496886119292677,0.3443582090271592,0.02316676221725669,0.10345135987899493,0.9064565049852259
2555,0.5997774808525143,0.948238031084257,0.3455199766534295,0.023403074326716053,0.10282230512202123,0.9103345505115512
2556,0.5997708978392428,0.9482093366540121,0.3459052676876073,0.022615615370709375,0.10443096696916913,0.9106692207229435
2557,0.5997782854774907,0.9491499624824692,0.3463585888534942,0.02300630988432308,0.105867483100903,0.9102019735752565
2558,0.5997754744555653,0.950241753930834,0.3463445499633673,0.024017661635239017,0.10690601657409944,0.9081099716807634
2559,0.599773301958907,0.9464365238007595,0.3461691159699289,0.024211462800660055,0.1066738196439394,0.9076220654651874
2560,0.5997696095313537,0.9470980013559949,0.34402887089056666,0.02347825035184463,0.10610524643925114,0.9025031158806043
2561,0.5997636102765834,0.9517471377522568,0.3460134937078447,0.023738589634998173,0.10519365894152281,0.909108232547013
2562,0.5997653084387109,0.9513555599776727,0.34585728164130014,0.022103828342809988,0.10630091105858352,0.9091671055225068
2563,0.5997655989127826,0.9471654100827063,0.3464065754160967,0.02353863791169395,0.10366438028721452,0.9120167080493816
2564,0.5997757802569181,0.9498398596518489,0.3457569749254052,0.02378872641189676,0.10550512640834249,0.9079770719559763
2565,0.5997769138716894,0.9501571008487998,0.34581602650293486,0.023683499116048386,0.10506274263568151,0.9087018377570747
2566,0.599778230908685,0.9482113860822441,0.3448313531788109,0.023909421922898674,0.10758895964244818,0.9029956779710859
2567,0.5997818435361018,0.9489968974697881,0.3459251157568704,0.02302540940471969,0.10632072612515374,0.9084292117407379
2568,0.5997792743546778,0.9503135588929407,0.34538487124509665,0.023181937844968505,0.10826912351579938,0.9047035523745222
2569,0.5997918123976113,0.9522790108378553,0.3435139089127949,0.023273039655541092,0.10550182594065201,0.9017668611421915
2570,0.599802088120689,0.9489934688885256,0.34438625380992277,0.02390016538516971,0.10557065375404857,0.9036879422905499
2571,0.59980260054028,0.9503748274729831,0.3432154259025918,0.023774771603674787,0.10479414058207884,0.9010773655220218
2572,0.5997943884015088,0.9503040597090868,0.3426575380353666,0.023812959351400775,0.10244795625407893,0.90171169850062
2573,0.5997958058759127,0.9473883027968242,0.3412889250685747,0.02340763107278182,0.1036070590712484,0.8968520850616938
2574,0.5997995077702729,0.9486314615618062,0.34430667277729327,0.02336879869255,0.10411870080761593,0.9054325188317139
2575,0.5998029243560394,0.9513402288344396,0.34462067442168076,0.023798505694380568,0.10419061908870207,0.9058728984819596
2576,0.5998004738830726,0.9476426565032543,0.3432812619058161,0.023977511650684603,0.10427782008028547,0.9015884539864781
2577,0.5997952679237735,0.9492063437701468,0.3434030047531637,0.02290121382869912,0.10422160717862484,0.9030861932521673
2578,0.5998007261058322,0.9508603669706057,0.34351848303016397,0.023563422240111275,0.1030953511086076,0.903896675741773
2579,0.5998107108519753,0.9463673070169368,0.34832642616277576,0.02342331900947819,0.10363833896961226,0.9179176205092369
2580,0.5998093495361444,0.950810507581455,0.34469975221383314,0.02274719165780901,0.10373481562875617,0.9076172493549344
2581,0.5998106812137461,0.951777799984239,0.3449763616984297,0.02303051063166245,0.10254746236219772,0.909351112101429
2582,0.5998154982015481,0.9480620218131389,0.34718177721330074,0.023776264423658725,0.10510390506401308,0.9126651621522303
2583,0.5998189120149289,0.9498960982747473,0.3461431175756898,0.02475477236089612,0.10445662793096558,0.9092179524352076
2584,0.5998223091889483,0.9503868406640573,0.34635267606402353,0.02478864560992856,0.10483542923595718,0.9094339533461847
2585,0.5998237926557027,0.9467939989461992,0.34827358834022726,0.024839592396035278,0.10501087652194135,0.9149702961027052
2586,0.5998249100590979,0.9484498530987083,0.34655065562431414,0.02438322280774823,0.10620657071641776,0.9090621733487763
2587,0.5998271306649747,0.9482409163327739,0.3481397151646875,0.025282060122299374,0.10549695549346769,0.9136401298782956
2588,0.599818325184898,0.949116817794822,0.3472957876132031,0.025873248572296528,0.10517795102581626,0.9108361632414965
2589,0.5998184148268285,0.9507241100934943,0.34680559577025044,0.026139264012080114,0.10350485238572739,0.9107726709129439
2590,0.5998187215559411,0.9505747674150223,0.34756264250564517,0.025726377183338492,0.10327324443534856,0.9136883058982483
2591,0.5998227750142777,0.9487437861598242,0.34716048941041516,0.02599405823989395,0.10344697510731417,0.9120404348840374
2592,0.5998306743099351,0.9469815901453674,0.3459098825423445,0.024701867323753807,0.10362468353064583,0.9094030967726339
2593,0.5998305874505246,0.9498465210908501,0.34301714034561637,0.025538938257186297,0.10501091924404883,0.8985015635356141
2594,0.5998289189760614,0.9523148761772038,0.3443823782655901,0.02557613562773066,0.10356721717585778,0.9040037819931819
2595,0.599821047696192,0.9488169880603082,0.3448252653871395,0.02508027790659101,0.10096752826625863,0.9084279899885688
2596,0.5998115669544479,0.9515498886745527,0.34359079252477953,0.024212617607771027,0.1018160258485096,0.9047437341180579
2597,0.5998114784821785,0.9495143571446826,0.3439178511121805,0.02440552833563129,0.10421274999501844,0.9031352750058917
2598,0.5998040404892327,0.9496399595188242,0.3409844431068714,0.025316566380576132,0.10214116888416007,0.8954955940558782
2599,0.5998099690838058,0.9480778578713683,0.3414805459396222,0.025416079290874107,0.1003303043123281,0.8986952542156642
2600,0.5998034930201467,0.9458973231121904,0.3442115654730457,0.025702049529018785,0.10110109015842765,0.9058315567316907
2601,0.5998068331274903,0.949937989633344,0.3455239552600897,0.025049921761813324,0.10111660866488795,0.9104053353535679
2602,0.5998139301231756,0.9499097403414616,0.34593545698632366,0.0251490552734176,0.10220729381835009,0.9104500218672034
2603,0.599810576238841,0.9492889722149489,0.34583366848689656,0.024506455726316583,0.10290056525716398,0.9100939844772091
2604,0.5997999941950396,0.9502946514005851,0.3471277264081622,0.025826016354794545,0.10322208098993446,0.9123350818797574
2605,0.5997985661801957,0.9499173724226276,0.346653101049866,0.026723230827069008,0.10506274465954987,0.9081733276629791
2606,0.5997934150701693,0.9487606405084511,0.34482796079542155,0.02699356312715323,0.10341313174198247,0.9040771875171288
2607,0.5997908732878265,0.9516820268336436,0.34195655811431547,0.026905248503265554,0.10093687758887089,0.8980275482508099
2608,0.5997915649814843,0.9501551466595264,0.34429115906294105,0.026797838717536864,0.10263600503216977,0.9034396334391167
2609,0.5997905975830651,0.949035038523031,0.3434006637266036,0.027455519006395864,0.10350565371684342,0.8992408184565716
2610,0.5997859189016,0.9480388786465921,0.343140473615735,0.027501330604790025,0.10398062304559554,0.8979394671968194
2611,0.5997823221947286,0.9501074317448218,0.34473536939462196,0.02652337875436618,0.10542345833255398,0.9022592710969458
2612,0.59978111734694,0.9487130868795155,0.3467112685293675,0.026610320321072918,0.10621546234505262,0.907308022921977
2613,0.5997790834396124,0.949191920907603,0.3474442351185851,0.027655889805766755,0.10543984791490599,0.9092369676350824
2614,0.599774208409844,0.9499922918902404,0.34785131748933723,0.027655124379279448,0.10662915858610864,0.9092696695026236
2615,0.5997749554814905,0.9520883377416329,0.3492070081081,0.026304594880955268,0.10757733938029099,0.9137390900630538
2616,0.5997732473470925,0.9505260469018367,0.34766493310303137,0.025368989728106885,0.10753365231975617,0.9100921572612312
2617,0.5997740077871825,0.9504077017430325,0.3481289559771797,0.026495175005935793,0.10867351028921611,0.909218182636387
2618,0.5997704784431813,0.9492757253264376,0.3458122814760777,0.027017436516771378,0.1046696631417722,0.9057497447696895
2619,0.5997697384267175,0.9487137201886405,0.3491544770407463,0.026854092867928683,0.10511966906924063,0.9154896691850697
2620,0.5997807808924621,0.9498063807195248,0.34754740476458096,0.027687661568193005,0.10476436356915153,0.9101901891563984
2621,0.599780081347446,0.946030846112933,0.3488125202868072,0.027327808149518733,0.10663218587973912,0.9124775668311638
2622,0.5997793450672192,0.9502381469636315,0.34714692357017507,0.025874581078742187,0.10337020740883963,0.9121959822229432
2623,0.5997720310280278,0.9488772988965061,0.346706854489582,0.025754141196311607,0.10452068447733749,0.9098457377950967
2624,0.599775334316642,0.9506403943889551,0.34947496681405643,0.025547698529469805,0.10344028762242755,0.919436914290272
2625,0.5997762104580162,0.9490502431690098,0.3472265074189094,0.025112828768772074,0.10474188118409859,0.9118248123038576
2626,0.5997702688303972,0.9497922234825931,0.3466166278178153,0.02621334911844046,0.10479253271235807,0.9088440016226473
2627,0.5997699267781406,0.950024107516856,0.3463233442540964,0.026598486855129656,0.10289797153257242,0.9094735743745871
2628,0.5997662423386285,0.9500693788121839,0.34687064180501026,0.02573637942352516,0.10366131633972318,0.9112142296517824
2629,0.5997736025990048,0.9494100512336682,0.3473234323927022,0.026292515993631745,0.10346942923961652,0.9122083519448583
2630,0.5997807529168887,0.9488362500491199,0.3470345522382641,0.026857996999586745,0.10358219673960996,0.9106634629755956
2631,0.5997777189008955,0.9486360395001869,0.34769580212470663,0.027587276028655898,0.10369162584811997,0.911808504497344
2632,0.599775899235487,0.9478102050090623,0.3479499705646281,0.027049529030144372,0.10500175204144863,0.9117986306222914
2633,0.5997727494312585,0.9490873949873558,0.34557186266644385,0.027273317673625796,0.10357179914447226,0.9058704711812335
2634,0.5997768378811953,0.9489738271941097,0.3477814398655813,0.02743832427468896,0.1046084520482224,0.9112975432738326
2635,0.5997789309148419,0.9464611024367162,0.3481358163958036,0.027093730187655492,0.10392047940806425,0.9133932395916909
2636,0.5997858598095366,0.947673146480157,0.34805013289761066,0.028166173246551258,0.10416320214986827,0.9118210232964123
2637,0.5997804767099933,0.9486398935546716,0.34572676726737206,0.027030692098957695,0.10611172443113527,0.9040378852720232
2638,0.599791046827004,0.9489836804595003,0.34790300389399786,0.027843127348375147,0.10609694108773735,0.9097689432458812
2639,0.5997928877267678,0.9459815485339956,0.34636083617347246,0.028147928076632488,0.10739739872970125,0.9035371817140837
2640,0.5997957636844812,0.9510455458163192,0.3469636337741538,0.028695931161253418,0.10905724692021833,0.9031377232409896
2641,0.5997965663143734,0.9507889109641113,0.34581545658509255,0.027690596232935946,0.10547414155031702,0.9042816319720246
2642,0.5998095151840356,0.9502168485231144,0.3471299455990826,0.027661626850949462,0.10563181987741281,0.9080963900688855
2643,0.5998077690880027,0.9496962387072079,0.3450668491197202,0.02846485382649923,0.10670170877157793,0.9000339847610833
2644,0.599818567166539,0.9469695267640835,0.3470847607859928,0.028060245038665013,0.10706079500371676,0.9061332423155964
2645,0.5998198130137847,0.9500553241113366,0.34931240254584356,0.02973775751655946,0.10567062470011578,0.9125288254208554
2646,0.5998248836265184,0.9493670930363083,0.35174401369236996,0.02872259749235852,0.10955641253980777,0.9169530310449436
2647,0.5998174065744911,0.9483399288293143,0.35003805086326456,0.028653379288188733,0.10669553388711457,0.9147652394144905
2648,0.599816842799589,0.950463011333928,0.35271308718439803,0.02763783670327582,0.10706295293972892,0.9234384719101894
2649,0.5998129859590974,0.9494757263491101,0.34915256241275083,0.02860914291649461,0.10609792453086177,0.9127506197908961
2650,0.5998071541242579,0.9484786545051213,0.34772673985166735,0.027469816377069765,0.10610722317712891,0.9096031800008032
2651,0.5998060166077663,0.9489944019847283,0.3484083490709777,0.02914324780012066,0.10587687889554767,0.9102049205172648
2652,0.599810680645479,0.9467564886208657,0.3478776196284205,0.030054882342004704,0.10668910628914666,0.9068888702541102
2653,0.599816734465088,0.9480297338911007,0.3477719313821251,0.028988682562323467,0.10639693314683137,0.9079301784372203
2654,0.5998221297361075,0.9484040726995412,0.3479749826285599,0.02758208115418736,0.10768128182513306,0.9086615849063595
2655,0.5998273008395871,0.9503254313535265,0.3473198991247427,0.027436559253764856,0.1067547413183583,0.907768396802105
2656,0.5998234619707271,0.9495003500271456,0.3442128760039373,0.02709052608999247,0.10644329880456183,0.8991048031172576
2657,0.5998160726153793,0.9505642454158694,0.34844455699918775,0.02709027970655384,0.1088962250727951,0.9093471662182143
2658,0.5998254822633374,0.9470618251960519,0.3481055128993663,0.027800953965117777,0.10875095307029133,0.90776463166269
2659,0.5998339504980728,0.9478217587226669,0.3484503111900699,0.027650334526073742,0.10881838115791753,0.9088822178862184
2660,0.5998353306537159,0.9477352735323659,0.34628898481840675,0.026938505462540556,0.10752353430830364,0.904404914684376
2661,0.599837036093696,0.9480386840387209,0.3467315262254272,0.026143368846419067,0.10456681307441623,0.9094843967554465
2662,0.5998363300902078,0.9497158612659605,0.34951955971987164,0.025810088447248473,0.1094043384908894,0.9133442522214771
2663,0.5998337121386489,0.9482294102112736,0.35018308373021845,0.02621035530931258,0.10979850436824422,0.9145403915130984
2664,0.5998338252349632,0.9462981402619927,0.3490393178528721,0.0269285763021549,0.10995861085277857,0.9102307664036828
2665,0.5998399476565087,0.9489860811789909,0.35117911343147656,0.026719675472428827,0.11111106446934174,0.915706600352659
2666,0.5998403336281485,0.9523144972280131,0.35363264376782655,0.028099999136151244,0.11061762753741476,0.9221803046299136
2667,0.5998428907412507,0.9490725763127216,0.35200134138529243,0.027793224955044275,0.10826817760287637,0.9199426215979567
2668,0.59985908148403,0.9491956670184698,0.3505452470394385,0.028004433189960258,0.10792271170753924,0.915708596220816
2669,0.5998625445955853,0.9479746655148507,0.3486577168868075,0.02679388882591749,0.10863593684625511,0.9105433249882499
2670,0.5998736377951973,0.9494198988466013,0.34770204777696245,0.027052041948755753,0.10935487883582325,0.9066992225463082
2671,0.5998764385513601,0.9523693523563795,0.3482158605807984,0.02784550595127567,0.10710450646090947,0.9096975693302102
2672,0.5998684919605768,0.9508944828811507,0.3494384372301587,0.026077014403848253,0.1091520375756187,0.9130862597110091
2673,0.5998757331498382,0.9502240859352874,0.3516495769699946,0.027557216369985274,0.10991474685909948,0.917476767680899
2674,0.5998764231261866,0.9478033349148773,0.3511547550175568,0.02688467775186544,0.11003610108328551,0.9165434862175192
2675,0.5998911154233248,0.9491726472571097,0.3489041947645298,0.026553479484997127,0.1081106320541604,0.9120484727544317
2676,0.5998939356522383,0.9504356446819002,0.34874696084813467,0.026837101565129348,0.1086903339872001,0.9107134469920746
2677,0.5998916846550358,0.9479285428548713,0.347230090215851,0.026892548379819567,0.1092100316940713,0.9055876905736622
2678,0.5998994147708244,0.9488103187402629,0.3469564624137572,0.027382024296884168,0.1071417378491368,0.9063456250952506
2679,0.5999044559538208,0.9505203531159669,0.3477266016363503,0.026920975787227228,0.10899527902907422,0.9072635500927492
2680,0.5999101096373667,0.94946574381378,0.34857649423425524,0.02808517984039692,0.10933949093170468,0.9083048119306641
2681,0.5999103756125532,0.9504339939593478,0.3483675018758221,0.027426949930492953,0.1088542048339371,0.9088213508630363
2682,0.5999096602780711,0.9507615666139667,0.3456219199584056,0.02803415892661853,0.10867406404048956,0.9001575369081086
2683,0.5999016947336583,0.950170965751252,0.34766314242927326,0.028039222671860497,0.1068987911977719,0.9080514134181873
2684,0.5999044984953111,0.9490778155840094,0.347934607889398,0.029054277904720142,0.10729325617133277,0.9074562895921411
2685,0.5999051242385381,0.9524645549178722,0.3486477679087692,0.028966597369894608,0.10916079219214117,0.9078159141642719
2686,0.5999111210873233,0.9507457912400556,0.34910178928796937,0.029439084873923813,0.10772463922464466,0.9101416437653396
2687,0.5999201001660517,0.9497216727121859,0.3500832038842877,0.02945117521482939,0.107327664417802,0.9134707720202317
2688,0.5999194652034654,0.948547517051372,0.34813026914081396,0.02765960238652121,0.10676226506364875,0.9099689399722719
2689,0.5999162841074221,0.9450360639167888,0.3483157394565655,0.028211583889926492,0.1069164273884521,0.9098192070913179
2690,0.5999195819853101,0.950062209953651,0.34515017066770076,0.02622063305610976,0.10853419890416711,0.9006956800428253
2691,0.5999142724158499,0.9480010069230274,0.3468216584898743,0.026297496728022073,0.10991741816675996,0.9042500605748407
2692,0.5999180640958951,0.9497140169885555,0.3455035644595982,0.025689388360299506,0.10693784184025454,0.9038834631782405
2693,0.5999223137967449,0.946769624266763,0.3437736897033645,0.02578854858527486,0.10525251768233915,0.9002800028424798
2694,0.5999260068443586,0.9511573194136925,0.34704330157646784,0.02742936404500772,0.10935024070022575,0.90435029998417
2695,0.5999137715389966,0.949842286436675,0.3488874314352859,0.026126065085493786,0.10906031517094014,0.9114759140494237
2696,0.5999202605623952,0.9502297618142808,0.3478098065916551,0.026922293410893583,0.10754734436573014,0.9089597819983415
2697,0.5999129269102575,0.9507350881084538,0.34965502177208546,0.02765731561860348,0.10797224403388589,0.913335505663767
2698,0.5999057553061597,0.9503883554969685,0.34881538936693607,0.025302313924705198,0.10497058663961706,0.9161732675364859
2699,0.5999000509255915,0.9467799678234741,0.3510085075120074,0.02607180252967465,0.106121215498073,0.9208325045082746
2700,0.5998953934535948,0.9500778459897344,0.34942854670830525,0.026335976623697868,0.10404948878839426,0.9179001747128236
2701,0.5999025305871063,0.9494134842911599,0.347931517128489,0.026810883446382883,0.104722606106723,0.912261061832361
2702,0.5998992265007875,0.9474056537769472,0.34583456386537337,0.02604124457363743,0.1041901981995533,0.9072722488229295
2703,0.5999023006322761,0.9473629742458272,0.34628779916250174,0.02624682739561519,0.10131554499443096,0.911301025097459
2704,0.5999057011069967,0.950238143529178,0.345424410844427,0.027721510152877073,0.1038042583545803,0.9047474640258236
2705,0.599906384251988,0.9486889447932508,0.3470662333623678,0.02682031016215762,0.10334794611363855,0.9110304438113073
2706,0.5999015482235351,0.9519481991643612,0.3450820744415587,0.025832763651243658,0.10228731323274687,0.9071261464406856
2707,0.5999068125947086,0.9482593858438918,0.34736711277336774,0.026163634132836417,0.10219827418045857,0.9137394300068082
2708,0.5999074109739541,0.9485357451649262,0.3478436699046362,0.025481182045681068,0.10373787944290522,0.9143119482253224
2709,0.5999080649118335,0.9488724922818373,0.34893707103714827,0.026852389327132895,0.10649163284684562,0.9134671909374663
2710,0.5999067433422698,0.9524206497547585,0.34826872054153857,0.026090023106624706,0.10631067769474598,0.9124054608232451
2711,0.5999067965022562,0.9502373173197687,0.34698963875744654,0.02617405182809629,0.10510464134487431,0.909690223099369
2712,0.5999113610412539,0.9512332278155339,0.34516851710467533,0.026401586224698202,0.10527380746632993,0.9038301576229978
2713,0.5999030226994814,0.9496502010521438,0.3457095505185966,0.0258957603301585,0.10725829374415004,0.9039745974814812
2714,0.5999099093147753,0.9490919345205048,0.3476250866410079,0.026636817507129318,0.10775738663343472,0.9084810557824596
2715,0.5999176013580194,0.949592186415498,0.34887516021636533,0.02679308601521321,0.10685007101592404,0.9129823236179588
2716,0.599902197574073,0.9509131692222211,0.3487257482538683,0.026925148064809244,0.10737948205060817,0.9118726146461874
2717,0.5998985804440943,0.9479586792106404,0.3454564624294587,0.027501880582506386,0.10622062517509209,0.9026468815307778
2718,0.5998874775762161,0.9509604583191997,0.3485004923678645,0.02711269156478908,0.10702248739707894,0.9113662981417255
2719,0.5998966628688216,0.9474539289901542,0.3482070355642031,0.026546565580592627,0.10741737829382529,0.9106571628181913
2720,0.5998904782138502,0.951707216110488,0.34714436188799974,0.028371732617345484,0.10612730492619084,0.906934048120463
2721,0.5998925161484776,0.9487006032505065,0.34845042444553076,0.025801024645875966,0.10720861981657565,0.9123416288741406
2722,0.5998848421548859,0.9500051198589187,0.3474762300039267,0.02634681143314034,0.10591604549529096,0.9101658330833489
2723,0.5998817654285585,0.9484170199807868,0.348310780141958,0.026737929516131256,0.10760523873751385,0.9105891721722288
2724,0.5998744600977225,0.9510318572454686,0.3494112840029976,0.02715724856830517,0.10765209957094347,0.9134245038697439
2725,0.5998734377005259,0.9508385364444152,0.35029626695231386,0.02674817087690309,0.10788869958929559,0.9162519303907429
2726,0.5998728719873583,0.9486079281068748,0.3462930300563167,0.026746165808960578,0.10621358441097627,0.9059193399490133
2727,0.5998752244120168,0.9499009091676467,0.3504189400854887,0.025666596103601967,0.10875105955969278,0.9168391645931713
2728,0.5998850321371733,0.9498826721182716,0.351458136977594,0.027116137788394355,0.10807493552376514,0.9191833376206225
2729,0.5998844849880924,0.9492661163632522,0.35028678768275356,0.02723066282903673,0.10586525574973021,0.9177644444694938
2730,0.5998938342122341,0.9493838476358352,0.34728814144901304,0.027252887422292104,0.105627288947769,0.908984247976978
2731,0.5998942236542724,0.9500435255665122,0.3486232703473158,0.027945339903621896,0.10313161623389547,0.9147928549044299
2732,0.5998883274516565,0.9470406381044111,0.34807613548502403,0.027159278109121252,0.10195902669799195,0.9151101016479589
2733,0.5998967903076617,0.9500088625941306,0.3485239829323911,0.026935075528814183,0.1025018778052245,0.9161349954631347
2734,0.5999002784637348,0.9516904113275483,0.3462100697269231,0.028133212048955233,0.10275133706934735,0.9077456600624668
2735,0.5998938606865355,0.9499532877756038,0.3441992824594834,0.02661159184037391,0.10305903801932065,0.9029272175187556
2736,0.5998914995568405,0.9510023601895099,0.3465664822893757,0.02757189688500482,0.10167764180550608,0.9104499081776163
2737,0.5998881921165702,0.9521177006285299,0.34569097850393155,0.02685675558399714,0.09973669261376511,0.9104794873140324
2738,0.5998871401192782,0.9505106875924086,0.3447353313385832,0.02589619861592429,0.10139746746962357,0.9069123279302017
2739,0.5998917798009936,0.9488170690302425,0.346006800046602,0.025463488892785192,0.10229573968380792,0.9102611715632128
2740,0.5998901365306002,0.9511963172878121,0.3485922050530119,0.024578547422761818,0.10368574260962041,0.9175123251266537
2741,0.5998935961394951,0.9460866583677913,0.34890271687558305,0.02630045989321266,0.10177624031702669,0.9186314504165097
2742,0.5998946261993889,0.947459155244092,0.3458446224576896,0.026826443701742697,0.10312589157489313,0.9075815320964331
2743,0.5998985440183409,0.9487816150777799,0.3472229740569276,0.02581588235064963,0.10425142089671878,0.9116016189234143
2744,0.5998940853714366,0.9490963328042785,0.3507694970919231,0.0254850970288296,0.10570571581608054,0.9211176784308591
2745,0.59990030925392,0.9488280190477458,0.3480354217292162,0.025297884776675838,0.10377713961405595,0.9150312407969169
2746,0.5998991431323599,0.9513471993016012,0.3511216537032891,0.0251178581918519,0.10491125109784677,0.9233358518201686
2747,0.5998942538531166,0.9504282749221928,0.348136190703838,0.026290541289487036,0.10463062661819682,0.9134874042038301
2748,0.5998918311399282,0.9491297733452182,0.3457312909725745,0.02505933373376183,0.1027579706632439,0.9093765685207179
2749,0.5998905902649564,0.9519653875403421,0.3459570181121267,0.025155574157234104,0.1021700568212056,0.9105454233579404
2750,0.5998915234509574,0.9507011237967914,0.34679679105922706,0.024964745092518992,0.10332032211079475,0.9121053059743675
2751,0.5998885387024128,0.9520897313510396,0.3484638862351917,0.025413201420989733,0.10286121749897695,0.9171172397856082
2752,0.5998927926712295,0.9503442133093787,0.34839171886956,0.02593561254962181,0.10283960179576795,0.9163999422632904
2753,0.5998972795034129,0.9510459560972071,0.34739796067151973,0.02524758185352307,0.10212866134968658,0.9148176388113496
2754,0.5998957830824803,0.9502098515130277,0.3509520008670234,0.026354113180299617,0.10419766339172926,0.9223042260290413
2755,0.5998938805910184,0.9460661328061399,0.3488824885521839,0.02501548999191587,0.10271756752634291,0.9189144081382927
2756,0.5998848768971891,0.9468917095148672,0.34901427339679114,0.027208785275320137,0.10298033562567102,0.9168536992893823
2757,0.5998931735887496,0.9488182760834555,0.34939361136052455,0.0269624048408169,0.10312639280912021,0.9180920364316364
2758,0.5999022576015014,0.9503124455595304,0.347689229292018,0.026588044773567566,0.10337449287575466,0.9131051502267319
2759,0.5999038420227676,0.9489654452269211,0.3500775457795433,0.026550259426678623,0.10293898025834533,0.920743397653606
2760,0.5999085026598586,0.9489764603320839,0.34976919608554324,0.02624533251776051,0.10245227621195498,0.920609979526914
2761,0.599904135515045,0.9504085198235478,0.34992462243052186,0.024674399668372978,0.1052856961827435,0.9198137714404491
2762,0.5999112672303197,0.947968269121769,0.3506198421788974,0.02425496831918644,0.10670355971033908,0.9209009985071668
2763,0.5999132016504427,0.948375206524138,0.3507179882002078,0.024429463924640668,0.10387226641282689,0.923852234263156
2764,0.5999101281639931,0.948898984726838,0.34978537743817273,0.024198033736588374,0.10569561536382754,0.9194624832141023
2765,0.5998955441770473,0.9479895749797884,0.3474391497912093,0.02361373110458333,0.10451520139705057,0.914188516871994
2766,0.5999007142041018,0.9512608647843187,0.34932654965669585,0.022818566991112777,0.10537975700037228,0.9197813249786025
2767,0.5998904145466903,0.9507312366957649,0.34604684353054743,0.022266986692388836,0.10381966894086002,0.9120538749583934
2768,0.5998935452901338,0.9498519322339332,0.34560698868539813,0.02309777537693404,0.10711854782980888,0.9066046428494514
2769,0.5998964919420966,0.9496128538172256,0.345750246936109,0.02256419667222237,0.1055667972223539,0.9091197469137509
2770,0.599895951530702,0.9499525304045727,0.34881123965153166,0.022750114804666592,0.10678936748838518,0.9168942366615432
2771,0.5999018880323148,0.9493708213699705,0.34908750081636364,0.02279228480772381,0.10521843750229208,0.919251780139075
2772,0.5998952902639064,0.9497385176533636,0.34525171447566777,0.02370954990133095,0.10474482676577836,0.907300766759894
2773,0.5998990486085144,0.9491097209544465,0.34753269737817727,0.023440973192984445,0.1063992032051889,0.9127579157363584
2774,0.5998988223424438,0.9478471132567035,0.3464127789995739,0.02317601223491574,0.1064066457198568,0.9096556790439492
2775,0.5999047918590977,0.9501961575037577,0.3483664016489192,0.023397773696086435,0.10511432454694507,0.9165871067037262
2776,0.5999013512686564,0.9497070075729837,0.35133510445457045,0.02392739433379865,0.10758519518560224,0.9224927238443106
2777,0.59990725197887,0.9507303906364791,0.3494245046855698,0.023772452244137873,0.10752645583960795,0.9169746059729635
2778,0.59990604340048,0.9502038298829982,0.349667309511329,0.024666729342586898,0.10929265903385359,0.9150425401575466
2779,0.5999083506435141,0.951228857215316,0.3487336649919807,0.023511753303971795,0.10930590195311103,0.9133833397188592
2780,0.5999143775303563,0.9507801878013399,0.3496422114713177,0.022717116729272416,0.10715138230150037,0.9190581353831802
2781,0.5999108343173573,0.9491434429522492,0.3495198672826406,0.022626529867923746,0.1064519030885469,0.9194811688914512
2782,0.5999161207189899,0.9488426624625057,0.3510758909070566,0.023994339260351095,0.10712097954311903,0.9221123539176996
2783,0.5999218363992823,0.9487147996345491,0.34888978387827857,0.023892440333792713,0.10647740056104568,0.9162995107399973
2784,0.5999163828669114,0.9504302507942043,0.34932476112848515,0.024494185615775804,0.10455638080690727,0.9189237169627725
2785,0.5999223366687496,0.9507535621680357,0.35090253031276225,0.02522109380199809,0.10366827388592252,0.9238182232503661
2786,0.5999291909652676,0.9508861203752613,0.34968573940304193,0.024574204682325837,0.10712273542706464,0.9173602780997353
2787,0.5999263752739501,0.9509092979966997,0.35103760909418996,0.02461824097111374,0.10657125713077834,0.9219233291806778
2788,0.5999210206989155,0.9495813423612882,0.34980791211180445,0.024995615870548285,0.10434722988420483,0.9200808905806603
2789,0.5999214470114148,0.9495829047711594,0.351267812478225,0.02416123096313547,0.10646896796705162,0.9231732385044878
2790,0.599918013681573,0.9519437273934662,0.3512248881777507,0.02361941564338514,0.10770839252319715,0.9223468563666697
2791,0.5999220291223616,0.9511128855764777,0.35066404135285395,0.02326332969973872,0.10669777541155838,0.9220310189472649
2792,0.5999196973958799,0.9503622898347787,0.34936569656699107,0.02296551021225186,0.10785739805623938,0.9172741814324821
2793,0.5999236546645419,0.9509661372907238,0.34981372378085257,0.022925849318913526,0.10714188523951457,0.9193734367841296
2794,0.5999294972872388,0.9472379763678701,0.34990981990385667,0.0226937128573836,0.1055526280215123,0.921483118832674
2795,0.5999301916943993,0.94974691193994,0.3494026032265792,0.02281236757294806,0.10492358672724406,0.9204718553795455
2796,0.5999319207687682,0.9487445307726426,0.3481080763308648,0.021656114362739277,0.10423789273853981,0.9184302218913154
2797,0.5999380047546321,0.9514086144418895,0.35120421965372245,0.02337839968370144,0.10739025241486581,0.9228440068626
2798,0.5999367877056321,0.9456181947679261,0.3519750793563104,0.022488300508696792,0.10685763006809518,0.9265793074921392
2799,0.5999328448695553,0.9439016049178988,0.3507631838563276,0.0226527031504554,0.1081843155342629,0.9214525328842645
2800,0.5999352355675156,0.9514269724489179,0.34977071771905505,0.023448716290229314,0.10563376072587437,0.9202296761410614
2801,0.5999302754676431,0.9488036885473956,0.35239079311207305,0.023723832728076658,0.10678223201728883,0.9266663145908538
2802,0.5999337219823738,0.9499976388849085,0.3490960892783609,0.023707128268351044,0.10335183999969552,0.9202292995670361
2803,0.5999303635389377,0.9475632900437162,0.34671751692178676,0.02266988298335989,0.10500555233247606,0.9124771154495244
2804,0.5999268182317317,0.9500174580061844,0.34980675477465006,0.023788922527024494,0.10420741030858847,0.9214239314883371
2805,0.5999184013738247,0.952115579836372,0.3490197711566582,0.024541339019744975,0.10467121771509762,0.9178467567351322
2806,0.5999159386145985,0.9512486894284903,0.3446633702308678,0.023483237499985727,0.10215236072315642,0.9083545124694612
2807,0.5999186142999087,0.9493145275685697,0.34589838379091914,0.02453409245631224,0.10325149792183116,0.909909560994614
2808,0.5999228569265053,0.9489609438500783,0.34702082093626646,0.02295185370979337,0.10435002221683669,0.9137605868821693
2809,0.5999172470190774,0.9506574997350133,0.3468243111500425,0.023397871595735937,0.10470935694764369,0.9123657049067478
2810,0.599918339215765,0.9513078332662317,0.346077317755669,0.023253220431582115,0.10525000339830512,0.9097287294371199
2811,0.5999243997575273,0.9495344065497229,0.35091549875170924,0.023036771066639598,0.10845700805090217,0.9212527171375859
2812,0.599919876013094,0.9508190578952932,0.3488728128734112,0.023002258790932272,0.1081163511694478,0.9154998286598536
2813,0.5999167114159473,0.9543916994761485,0.3488222501288614,0.022228934819246874,0.10733536332421961,0.9169024522431177
2814,0.5999228396747291,0.9498983800861613,0.3468724235064916,0.022418373742193756,0.10662416675872484,0.9115747300185563
2815,0.5999236217740969,0.9511457481499807,0.3490663705805533,0.02177461833966588,0.10713041425268124,0.9182940791493127
2816,0.5999208733671335,0.9496693816971032,0.3492760093802636,0.022092896091616857,0.10680755828696666,0.9189275737622075
2817,0.599919736371924,0.9493975017619618,0.3490621290954067,0.021925805852949492,0.10883022926552087,0.9164303521677497
2818,0.5999248967664053,0.949195803128089,0.3495389463976876,0.023211335461648965,0.10802832962334223,0.9173771741080718
2819,0.59992915488918,0.9478575521492784,0.3487519761878194,0.023691532432592994,0.10758825806544427,0.9149761380654209
2820,0.5999311608277386,0.9505694476730295,0.3446718424592163,0.02497277608454808,0.10660027118023034,0.9024424801128704
2821,0.5999354064659529,0.9474199324449665,0.3472327728935334,0.024220168810685967,0.10861857699799739,0.9088595728719169
2822,0.5999305710570846,0.9498186493582149,0.34888175795743176,0.02460733424500323,0.11047459736385007,0.9115633422634422
2823,0.5999245139598103,0.9489893194551191,0.34765992335177365,0.025039193226604053,0.10862245962264826,0.9093181172060686
2824,0.599929505328509,0.9503359019543987,0.34764312750459386,0.02531854702566339,0.10670594400997108,0.9109048914781471
2825,0.5999305024562253,0.9479748385718667,0.34986169887661256,0.02482632141247724,0.10686771040173895,0.9178910648156217
2826,0.5999293341755554,0.9493843997643825,0.3485691451274479,0.026252254583208866,0.10526838783050042,0.9141867929686345
2827,0.5999236889894453,0.9499507765009655,0.3483594168710665,0.025842755138021114,0.10502687600715484,0.9142086194680235
2828,0.5999245279690951,0.9498377538735422,0.3455664560511574,0.025053027565002037,0.10483077271560956,0.9068155678728606
2829,0.5999344273844822,0.950023860187185,0.3468884918660274,0.02592057437069748,0.10584436474021751,0.9089005364871671
2830,0.5999340158810385,0.9492874621667112,0.34981063873207197,0.02639433366058447,0.10624256409955192,0.9167950184360795
2831,0.5999383461276891,0.9497928790154256,0.3481721348030788,0.0258625398669391,0.10669955841314559,0.9119543061291517
2832,0.5999358320009202,0.9500953466391785,0.3495395983704316,0.025052487087901046,0.10913937954085091,0.9144269284825428
2833,0.5999322566419633,0.9491811774209222,0.35026008361220057,0.02545806309316105,0.10701252668223628,0.9183096610612044
2834,0.5999301705985592,0.9467361422066392,0.3503195561379831,0.025207767600435194,0.10877590715974186,0.9169749936537721
2835,0.5999268599756726,0.9473243724798966,0.35022054900237554,0.025183963819547982,0.10857542971410747,0.9169022534734712
2836,0.5999206536682433,0.9520991775015972,0.3499047786077683,0.024873606295435714,0.10598382235430756,0.9188569071735616
2837,0.5999288586154258,0.9497213989178503,0.348924956332002,0.025768527028244392,0.1048690169994438,0.9161373249683178
2838,0.5999341112067537,0.9503355787888975,0.3479440852619736,0.025288717542798732,0.10540378624753939,0.913139751995583
2839,0.5999405199283433,0.9495081271830318,0.34901159839383844,0.024452754631575136,0.10915660827026993,0.9134254322796701
2840,0.599944436335635,0.9481244979629813,0.35014321677704713,0.024892412007638153,0.10822291319776335,0.9173143251257401
2841,0.5999429747873253,0.9499546504166835,0.34889766204034145,0.02569925671636879,0.11084830963447803,0.9101454197701776
2842,0.5999392761094444,0.9518108669290204,0.3486389416559065,0.025313925300791573,0.1124727485071149,0.9081301511598131
2843,0.599939904710471,0.94972912511166,0.34943888753582736,0.024319366113235975,0.10938305250227208,0.914614243991974
2844,0.5999347101204976,0.9507740967859694,0.34914175241504836,0.023937230502267544,0.10819208734402828,0.9152959393988493
2845,0.5999423828342908,0.9521133593108431,0.35104927810140557,0.022837617514993067,0.10949602058567988,0.9208141962035438
2846,0.5999463659558822,0.9494248249452557,0.34935713453182987,0.023438801223851623,0.11013348610268364,0.9144991162689545
2847,0.5999421308230953,0.9521535265153168,0.3475380345183176,0.023865336965595684,0.10876614759541019,0.9099826189939471
2848,0.5999468259845429,0.9505783260387924,0.35160119650734484,0.024192513818914248,0.11059660553948662,0.9200144701636337
2849,0.5999512103151292,0.9494833890021054,0.3502460827554112,0.024253982247042036,0.10814787869950783,0.9183363873196837
2850,0.5999490794279627,0.9490972126145386,0.34954553781973285,0.02519643673684726,0.11055662643175249,0.912883550290599
2851,0.5999499801728246,0.9501000747244144,0.35050528393212727,0.02520365315459373,0.10997504063262013,0.916337158009168
2852,0.5999463496772106,0.9472679178497411,0.3499948315503677,0.025868210306706614,0.11013669888858363,0.9139795854558128
2853,0.5999408534546656,0.9522344351847336,0.3487357838925314,0.02489865936355329,0.10810831696947869,0.9132003753445622
2854,0.5999358928683398,0.94852581724142,0.3520563416342324,0.025485044198785008,0.1111611434812536,0.9195228372226585
2855,0.5999344628482015,0.9493390836546868,0.35174122041754163,0.025163672010625384,0.11199113737604117,0.9180688518659583
2856,0.5999275840246706,0.9498657972550983,0.34861746402475924,0.02476384313849581,0.11060252680276568,0.9104860221330162
2857,0.5999233434710874,0.949566207665956,0.3523222610121775,0.02490665608862115,0.11001950804775197,0.9220406189001594
2858,0.5999267094771709,0.9534820849984863,0.3507138717966503,0.024242960316311964,0.10902635633009393,0.9188722987435451
2859,0.5999389825662739,0.9520738899365285,0.348869937837137,0.024404166231663436,0.10923422703992225,0.9129714202398252
2860,0.5999397749487146,0.9498996853707069,0.3521036042640825,0.02469377985559679,0.10699786008962239,0.9246191728470284
2861,0.5999391465813204,0.9500858374392148,0.3509498695008178,0.024023969733253117,0.10649530697685959,0.9223303317923406
2862,0.5999313111203625,0.950207418506319,0.34886597735626906,0.023732645457564483,0.10607597592981449,0.9167893106814283
2863,0.599927564944899,0.9489368734795111,0.34865066510697484,0.023546978647690266,0.10526879819873759,0.9171362184744966
2864,0.5999227850672377,0.9475630671862398,0.35087867359217434,0.02473200622743587,0.10724588866632197,0.9206581258827651
2865,0.599919083555372,0.9520139778302829,0.3475339566349277,0.024899296528314702,0.1070488214695364,0.9106537519069319
2866,0.599922630693799,0.950471401397531,0.34852706692431723,0.025205719634300985,0.10789195055740948,0.9124835305812411
2867,0.5999203938343646,0.9496778578344975,0.34585734758299796,0.02442188197260052,0.10911968136016444,0.9040304794162289
2868,0.5999151981112009,0.9513228498742683,0.3469407206156083,0.02521929306130331,0.10797332154775693,0.9076295472377648
2869,0.5999177793069438,0.9478608120551489,0.3487080287285436,0.024364879450577318,0.10797360484915361,0.9137856018859
2870,0.599921010049287,0.9502628590922624,0.34629396571552573,0.02459697170794722,0.10737825447669792,0.9069066709619322
2871,0.5999249583079025,0.949160347244602,0.34624625983103385,0.02505865142674684,0.107348748676576,0.9063313793897788
2872,0.5999284934669974,0.9474609831593098,0.3441390719427922,0.024315502029623286,0.10514654498718849,0.9029551688115647
2873,0.5999379136161697,0.949530157035815,0.34707133800990164,0.025505857530096036,0.10683520066153192,0.908872955838077
2874,0.5999318037763401,0.9470726453849743,0.3451052655300063,0.025475723329681725,0.10515592543735049,0.9046841478229868
2875,0.5999327300881091,0.9517405331438304,0.3475863187191341,0.026383844458381107,0.10499235030288413,0.9113827613961369
2876,0.5999376860123543,0.9480130576200705,0.3475998680631353,0.02628253654791906,0.1047378530063994,0.9117792146350875
2877,0.5999382510899453,0.9506466162259632,0.3474581616153376,0.02601379263693175,0.10592629222345702,0.910434399985624
2878,0.5999291401983498,0.9472094211696359,0.3479983189148012,0.025413409083371287,0.10472549082563826,0.9138560568353942
2879,0.5999273468192935,0.9482877396103357,0.3480328260695631,0.025296646920252915,0.10383751926506009,0.9149643120233762
2880,0.5999282635522746,0.9498935729728333,0.34796816308510686,0.025700613553335194,0.10440380293628576,0.9138000727656995
2881,0.5999296847374553,0.9490452918025852,0.34729436307781714,0.025695967353787492,0.10621033812564358,0.9099767837540202
2882,0.5999264316457682,0.949777568466948,0.3446958821627584,0.025740249242687984,0.10514000820804902,0.9032073890375383
2883,0.599939690774448,0.9498147472643043,0.34876506408773794,0.0261712834960695,0.10709271988927667,0.9130311888778677
2884,0.5999430101475444,0.9503521850979925,0.34825400417283436,0.026175199087973822,0.1050115008638766,0.9135753125666526
2885,0.5999458489040664,0.9486880582204905,0.3478457668079778,0.025452049116202614,0.10330838398868934,0.9147768673190414
2886,0.5999364953875534,0.9503644582318972,0.3493366024503046,0.02601267997194251,0.10574857426671186,0.9162485531122595
2887,0.5999297942888391,0.9491045494762719,0.34770593207851314,0.026971622247267218,0.10310109537604879,0.9130450786122233
2888,0.5999275379430956,0.950572116212683,0.3467501356019094,0.025877636700270202,0.1017926486071616,0.9125801214982965
2889,0.5999312908322721,0.949549544077594,0.34590452676445477,0.027356300363599706,0.10376676061783548,0.9065905193119289
2890,0.5999395136416316,0.9510143919949232,0.34650638056247357,0.028089950053767517,0.10274412977946633,0.908685061854187
2891,0.5999364729830912,0.9485302153794374,0.3494130171989224,0.027286806072746337,0.1051990536574843,0.9157531918665367
2892,0.599938834672009,0.9495188145430531,0.3461159857417388,0.027233798159401856,0.10252903393742563,0.9085851251283887
2893,0.5999377210221443,0.9519601815945266,0.3452450774140569,0.027195478659886516,0.10406605319157755,0.9044737003907067
2894,0.5999375170310134,0.9483387993644589,0.3453056745066163,0.026470668589338126,0.105597732765409,0.9038486221651019
2895,0.5999302957878289,0.9508783069183925,0.34651425767562966,0.02540515668725286,0.10440718947694401,0.9097304268626922
2896,0.5999251511338964,0.9513489029033174,0.34698713644519535,0.025344281134329707,0.1034324814707999,0.9121846467304565
2897,0.5999245567909689,0.9493625469135097,0.3460300127598991,0.024899603408814728,0.10070339975134271,0.9124870351195399
2898,0.5999230132957589,0.9507110497078293,0.34756306522825714,0.025201171860923584,0.10137101304400772,0.9161170107798402
2899,0.5999267264827682,0.9507837657790126,0.3466971494667209,0.025544866846074467,0.10387943114124572,0.9106671504128426
2900,0.599927500186428,0.949530488336941,0.3512502617710273,0.026069927291116526,0.10644521628800156,0.9212356417339638
2901,0.5999340100626053,0.9479465050097665,0.35115236793223387,0.025989300330130125,0.1052963129193434,0.9221714905472281
2902,0.5999372872897798,0.9492044099672406,0.34945196814246093,0.025745999724419977,0.10501006357817518,0.9175998411247878
2903,0.5999478860232088,0.9489936581865046,0.3496200539586109,0.025403969713352705,0.10372214502357052,0.9197340471389096
2904,0.5999447671466399,0.9510215429935388,0.3476049293573985,0.025964077503176617,0.10142341851668572,0.9154272920523332
2905,0.5999511240807701,0.9474006725224139,0.3468359945835914,0.024478400335892922,0.1001368433618127,0.9158927400530686
2906,0.5999547584907117,0.9481059997456173,0.34575531904956985,0.026038390208075753,0.10150882572557861,0.9097187412150552
2907,0.599949699877675,0.949814703132754,0.34794457094616843,0.02679891636028445,0.10140805626447151,0.9156267402137492
2908,0.5999596869992531,0.9495006904654086,0.3444552782495963,0.02607087565484985,0.1008621200398475,0.9064328390540916
2909,0.5999547908840838,0.9510736583734994,0.34661857120164336,0.025688038281586337,0.10338848994801274,0.910779185375331
2910,0.5999573331044771,0.9474867721014704,0.34594888873124635,0.02597734761319091,0.1018445487731429,0.9100247698074052
2911,0.599955429597333,0.9480334625098078,0.3451936766289002,0.025375217043350055,0.09917789012379202,0.9110279227195586
2912,0.599962244838675,0.9488277159058813,0.34343286396626366,0.024362293082561725,0.09909005669733027,0.906846242118899
2913,0.5999542883508426,0.9497842982896034,0.34586202262694965,0.024715015326789585,0.10187515472589315,0.910995897828166
2914,0.5999549195291856,0.9499188519599109,0.3475322397295032,0.024030482184193788,0.10299058796190809,0.9155756490424078
2915,0.5999527143848806,0.9504097612108101,0.34800468429821413,0.0250647067674135,0.10281546914068154,0.9161338769865474
2916,0.5999440047135483,0.9491316591049064,0.3467217247936366,0.02383820150443433,0.10204957424886377,0.9142773986276118
2917,0.599942508989354,0.9471643006971641,0.3466336167586519,0.024442689489613048,0.1038860936700606,0.9115720671162821
2918,0.5999494181277617,0.950745629357877,0.34857361461035513,0.02505516335947465,0.1030500263035951,0.9176156541679956
2919,0.5999500697238652,0.9507756176796219,0.3466953931063738,0.025028814512772075,0.1018166292634713,0.9132407355428781
2920,0.5999409573375805,0.952338235691699,0.3441303133653016,0.025558717676453187,0.10158990528610036,0.9052423171333512
2921,0.5999398485333666,0.9478763842134194,0.34504255268341777,0.025036403155802522,0.10377215850626312,0.9063190963881876
2922,0.5999312769101828,0.9518822563062952,0.3455454968295017,0.02485218718655313,0.10357763249556322,0.9082066708063887
2923,0.5999312984065156,0.9509812103572551,0.34593053279673114,0.025657712576801366,0.10277961607602672,0.9093542697373654
2924,0.5999290547356123,0.9507247947954779,0.34486458277056964,0.02559563899099165,0.10305402892384746,0.9059440803968698
2925,0.5999316108600876,0.9496998623708949,0.3488821922033138,0.024237599773626644,0.10174331050901489,0.9206656663273001
2926,0.5999386978861238,0.9500475244701161,0.34939790219207256,0.02470343727393587,0.10297509204591485,0.920515177256367
2927,0.5999302384672148,0.9488406486626297,0.34871310685582124,0.02546586439070693,0.10354863251231165,0.9171248236644451
2928,0.5999339721920586,0.9489241147800745,0.348448254431688,0.026076259621273284,0.10374839994884252,0.9155201037249482
2929,0.5999341815666085,0.9482166302425796,0.34877230698196854,0.026884477267095874,0.10409311887748045,0.9153393248013295
2930,0.599940544475672,0.9500438417523526,0.34730495669610284,0.0265813566001629,0.1048083808926187,0.9105251325955268
2931,0.5999474270619427,0.9512346009967917,0.3456619496795435,0.026180210735686178,0.10564451535355333,0.905161122949391
2932,0.5999465340961537,0.9500730316289274,0.3460298279940957,0.02607339206165861,0.10355461911861609,0.9084614728020122
2933,0.5999465809203122,0.9504494634181044,0.34656192411381315,0.026099786249513028,0.10549649739862925,0.9080894886932971
2934,0.5999503805170691,0.9495003946234271,0.3470911997843296,0.026978148440558226,0.10381844414587008,0.9104770067665606
2935,0.5999524786268172,0.9491768584494272,0.3480520290791978,0.02835129219029624,0.10465656913212515,0.911148225915172
2936,0.5999555255237504,0.9495311561188344,0.346913119338626,0.02862322041112323,0.1059313884782396,0.9061847491265151
2937,0.5999591515012225,0.949752221255173,0.34635413602590437,0.02751270483198184,0.10398124919101016,0.9075684540547211
2938,0.599956908404116,0.9488189403782218,0.345755264340222,0.028117804330473208,0.10209686942537387,0.9070511192648191
2939,0.5999570479586832,0.9506476102786163,0.3466671651915902,0.027120013301787968,0.10287261694186961,0.910008865331113
2940,0.5999604844597728,0.9475855283553171,0.34834421371012875,0.02711895080064854,0.10226548209520024,0.9156482082345375
2941,0.599950093894477,0.9503230714864018,0.3461950948818844,0.027244894609200536,0.10110389260432893,0.9102364974321236
2942,0.5999552504910611,0.9496344773245974,0.34740178819985074,0.02678769851587704,0.10306525445158327,0.9123524116320919
2943,0.5999547142206157,0.9519823567256734,0.3482232805506823,0.026787922829543863,0.10318528623001731,0.9146966325924859
2944,0.5999527116036684,0.9512529270394897,0.3470511867102913,0.026543753970983356,0.10148713103714213,0.9131226751227484
2945,0.5999527305504829,0.9506197832982308,0.3456520940234276,0.02755805880888441,0.10082149396493384,0.9085767292964646
2946,0.5999518601740715,0.9503554557663424,0.34432615104072634,0.026854596595369522,0.10176547678085338,0.9043583797459561
2947,0.5999484242082033,0.9511386596765458,0.345337914567028,0.026458611832812277,0.10144519761778545,0.9081099342504863
2948,0.5999498187171763,0.9516262768373592,0.3448555267391613,0.02547377197786319,0.10110387145923908,0.9079889367803815
2949,0.5999511309303364,0.9478734565174273,0.34571277866269395,0.02514188016171134,0.10122350459077274,0.9107729512355978
2950,0.5999405575327239,0.94863154726294,0.3479504877120648,0.024701938835422037,0.10157596913338958,0.917573555167383
2951,0.599937068508967,0.9514133151977575,0.34493720256221977,0.02455420823326513,0.10326151827740734,0.9069958811759867
2952,0.5999367949627469,0.9519509785150038,0.3486936951224927,0.024593172573817376,0.10247009943380511,0.9190178133598556
2953,0.5999373095676872,0.9496565390633649,0.34761818851795373,0.025244054447892666,0.10210022725680883,0.9155102838491597
2954,0.5999372277116488,0.9512570658484762,0.3482075566322826,0.024804372586446813,0.10196532465028835,0.9178529726601125
2955,0.5999410781579044,0.9483120136009618,0.3492486822604843,0.02538790811018389,0.10465953568547827,0.9176986029857909
2956,0.5999436485628193,0.9484168085073305,0.34530080680928454,0.02554475075535912,0.10301969752240117,0.9073379721500934
2957,0.5999499323935551,0.9480760255673442,0.3442517101108732,0.024772901753037736,0.10158985328743567,0.9063923752921462
2958,0.5999482267418502,0.9501962134377462,0.3443569710953363,0.02643629725229555,0.10250963160987855,0.9041249844238349
2959,0.5999517652994814,0.9490870389985433,0.3474267140325031,0.026790357434649574,0.10292121030554044,0.9125685743573193
2960,0.599952440572997,0.9488566764387907,0.3440928363714903,0.026968760512356926,0.10180935527629528,0.9035003933258188
2961,0.5999491943977157,0.9505829939605949,0.3450540305525394,0.02633979285509764,0.10197976606860469,0.9068425327339159
2962,0.5999417114589157,0.9501616148758384,0.34394051209167475,0.02631261119671734,0.10274191222062509,0.9027670128576819
2963,0.5999388828418671,0.9492200158449133,0.3451453552060317,0.025400233855218158,0.10159901326572943,0.9084368184971475
2964,0.5999441993909227,0.9496323651357815,0.34525689135496684,0.02611983185555408,0.10413974175697077,0.9055111004523757
2965,0.5999445770886277,0.9518482711535732,0.3484793467124567,0.02584156581260444,0.10553711828242682,0.9140593560423388
2966,0.5999446853993413,0.9486417628088344,0.3456314559242261,0.0262168187086927,0.10321978138351898,0.9074577676804666
2967,0.5999365417184529,0.9495675515529634,0.34747543938708164,0.026803673949329566,0.1061592043189363,0.9094634398929792
2968,0.5999371012283585,0.9479836922146682,0.3471621014353926,0.025862151531061698,0.10582660357306477,0.9097975492020515
2969,0.599933619749001,0.9498992652898228,0.35103507861349076,0.02663462128325661,0.10639270584006459,0.9200779087171511
2970,0.5999328177779849,0.948522690927106,0.34997120510163565,0.027987193161282932,0.10342211213448894,0.9185043100091352
2971,0.5999437989282682,0.9506231849287192,0.3490416030168478,0.026923332040439434,0.10565667671119432,0.9145448002989095
2972,0.5999384628719234,0.9500245048566797,0.3449627893790972,0.027886241601948077,0.10285530830156117,0.9041468182337823
2973,0.5999418455812119,0.9501003196974782,0.3488873960265985,0.027731440049650904,0.10216842370174245,0.9167623243284022
2974,0.599937085343974,0.9504299219871573,0.3519224861607114,0.027779137767726978,0.10469653712148785,0.9232917835929193
2975,0.5999461859082962,0.9506190802333366,0.3510018294725186,0.028850816664839938,0.10298285952346578,0.9211718122292503
2976,0.599943841282281,0.9493513860530556,0.34836056206169513,0.02834287230121945,0.10337346433031233,0.9133653495535536
2977,0.5999409347837842,0.9521122282526148,0.3474615805305332,0.02720356888278646,0.10247134714419394,0.9127098255646192
2978,0.5999491210449369,0.9499858139245134,0.3495321051773989,0.02768291058132218,0.10307633618579293,0.9178370687650816
2979,0.5999457075806782,0.9481594826520218,0.3488284280791841,0.027863636990005557,0.09975922994572768,0.9188624173018192
2980,0.599948443509356,0.9508578734645129,0.3493719192563955,0.02692778791314931,0.10284220048768411,0.918345769368353
2981,0.5999458001970964,0.9484262979623743,0.35174333443857964,0.026482834350962745,0.10503985381482149,0.9237073151499545
2982,0.5999452881577452,0.9493893014632611,0.35164264511974946,0.02693149259778607,0.10307474994393653,0.9249216928175257
2983,0.599941776180883,0.9473788629046234,0.3487374533947368,0.02519595045808717,0.1032874921769947,0.9177289175491284
2984,0.5999416865393097,0.9494336662470046,0.34904569252272843,0.02679770278569792,0.1072039884583361,0.9131353863241513
2985,0.5999452037591372,0.948823174923951,0.34952418296463406,0.027431557066490288,0.1063509925331366,0.9147899992942753
2986,0.5999374903582022,0.9497304622772886,0.34682076807114653,0.02724751283830491,0.10758201141124135,0.9056327799638934
2987,0.5999277964752145,0.9504210342456929,0.3486326039706938,0.028173068236381067,0.1067324910109357,0.9109922526647645
2988,0.5999261021507257,0.9493687475333793,0.3499905958605119,0.026222628764393525,0.10512747725639253,0.9186216815607496
2989,0.5999318404594405,0.949629970228192,0.3480281697943613,0.026778804092867182,0.10723714809212317,0.9100685571980937
2990,0.5999403269600325,0.94931959698455,0.34677912739265276,0.02790119285741726,0.10368653612651282,0.9087496531940282
2991,0.5999383440729628,0.9495443252987975,0.34809122048973073,0.02852827080468469,0.10450089235688863,0.911244498307619
2992,0.5999377257855034,0.9516033238503919,0.34777182349012237,0.027147986228634256,0.10611707814496767,0.9100504060967652
2993,0.5999379706070622,0.9505354731952763,0.3498680162160887,0.025848771646563636,0.10499551236023122,0.9187597646414712
2994,0.5999409831369533,0.9514298590579048,0.34972461042594477,0.027201304569755936,0.10516671998954757,0.9168058067185307
2995,0.5999401233014515,0.9527074719741974,0.3500733651316458,0.028536687433863072,0.1051301327405172,0.9165532752205572
2996,0.5999473379993696,0.9471318578755539,0.3508332269344238,0.027965125006669533,0.10466646506527416,0.9198680907313277
2997,0.5999445854695215,0.950361426643046,0.34933948497830564,0.02672018288825341,0.10414719557162498,0.9171510764750385
2998,0.5999391518742988,0.9509054400130483,0.35102474346794443,0.026821637842547878,0.1039790943493488,0.9222734982119366
2999,0.5999455956010612,0.9501144841993715,0.3500100958400614,0.025926698014226583,0.10599250134167827,0.9181110881642793
3000,0.5999412979004133,0.9482535501027131,0.3461500594062671,0.025645119735135693,0.10328907757995899,0.9095159809037064
