step,mean_risk_perception_mean,proportion_inference_mean,between_group_js_mean,mean_min_js_final_mean,mean_median_js_final_mean,mean_max_js_final_mean
0,0.0,0.0,0.0,0.0,0.0,0.0
1,0.10891044444444445,0.0762533780157928,0.015170502287736707,0.004326955635648291,0.013771380846096325,0.02741317038146561
2,0.11619344444444438,0.10991278920568677,0.016405684272535213,0.0053791597014746185,0.013551198482497251,0.030286694633633798
3,0.10878749494949495,0.0853402622327481,0.017158162303335004,0.0057257035724662805,0.014787423254441743,0.030961360083096964
4,0.10078574603174592,0.06548292380448478,0.01734437540781558,0.005734685745311899,0.014697261421138409,0.03160117905699642
5,0.09351839215686254,0.05358308056598649,0.01718085000392501,0.005740151054154073,0.014422520271244854,0.031379878686376116
6,0.08626114444444434,0.049046082757507416,0.017748847225383314,0.005214628422830456,0.015607604252098487,0.03242430900122098
7,0.08099718840579716,0.045414032883149345,0.01793778835998873,0.005433516770958302,0.015484527959593609,0.03289532034941425
8,0.07594561538461524,0.0378449235951522,0.01858595623002225,0.005967536407776583,0.016891802343115294,0.03289852993917487
9,0.07192660536398462,0.035806438292506085,0.01856708080918203,0.005979342634056347,0.01659593433485859,0.03312596545863115
10,0.06936926388888885,0.030451749068309893,0.01905116116598009,0.006166172672307155,0.017626495853428896,0.033360814972204264
11,0.06807396825396811,0.03014149024385724,0.018546558355117145,0.0053621471757893235,0.016673151672762423,0.03360437621679972
12,0.06857017543859639,0.03312794845880632,0.018856262383405584,0.004877065683243229,0.01680364176233952,0.034888079704634006
13,0.07068373983739837,0.03014096618760935,0.0187170638758354,0.004734732804599942,0.0171139801624092,0.0343024786604971
14,0.07396464646464646,0.030939348690782204,0.019321033035277678,0.004618168751078585,0.017557438904722163,0.03578749145003229
15,0.0777557581898007,0.032886250295884246,0.020000709752403444,0.004811775975234799,0.01731298714173016,0.03787736614024541
16,0.08221895238095232,0.03825306484063352,0.02049117417537275,0.004673584120439204,0.017850327924568896,0.03894961048111013
17,0.08540344414495361,0.03893721579200878,0.020769216617533837,0.004206166458709404,0.018053873736721494,0.04004760965717067
18,0.08907519841269831,0.04327640102554752,0.020678528950401846,0.004510462215884061,0.017214316934496935,0.040310807700824576
19,0.0927790018832391,0.03794699263093397,0.02060987802700681,0.004667029614407038,0.016430799016504082,0.04073180545010933
20,0.09582441116231435,0.04080007292096699,0.02091959592996482,0.004343041766448421,0.01638246552080787,0.04203328050263814
21,0.09805572649572634,0.0441369247549213,0.02141588068211029,0.004811063015026861,0.01635672034976461,0.043079858681539435
22,0.10026440242763761,0.042057428917500216,0.02032682587123085,0.004912182158758577,0.015388939831555593,0.04067935562337837
23,0.10199973172367534,0.04489868053050094,0.020500886266759544,0.004367499879837603,0.016705603841718646,0.04042955507872236
24,0.10394366151866147,0.045941213477932966,0.02092130296545193,0.0047722566109486,0.016450209335466957,0.04154144294994024
25,0.10504291898577603,0.05003289228750229,0.02059627653294686,0.005152537170454868,0.016843038517328268,0.03979325391105741
26,0.10618562830687826,0.047725800345417416,0.020958221491406255,0.005184555180198302,0.01668479123766299,0.041005318056357515
27,0.10769069582804516,0.03918714444062561,0.02056991866252248,0.004964935028929921,0.016429274675567276,0.04031554628307028
28,0.10891293639607592,0.044285607286054636,0.021142638989569775,0.00511542979091602,0.016857642673827104,0.04145484450396623
29,0.10989049375510045,0.05401312169266803,0.02044575567169544,0.004749478243369839,0.014940570270367005,0.041647218501349434
30,0.11115433893803456,0.0530955436600458,0.021461309008619093,0.0054638927695855825,0.01635783866232729,0.042562195593944384
31,0.1119666221108326,0.05171700104669317,0.02199283573118046,0.005691047562621432,0.017886700296319016,0.0424007593346009
32,0.1124976924247332,0.05460285544368614,0.02138499318870544,0.005146263994483082,0.016726040609022063,0.04228267496261116
33,0.1132754958829216,0.05437991316033263,0.022036987961677502,0.005514487016942426,0.01831582982796188,0.042280647040128176
34,0.11392870537582069,0.05499105436912494,0.022676954847852718,0.004819466488386264,0.018316930703086067,0.04489446735208585
35,0.11462064280475487,0.0560799765251847,0.02356691921594238,0.005753471104354318,0.02069218297444375,0.04425510356902911
36,0.11510951112860202,0.050586173377683084,0.02360227967736067,0.006220431382069522,0.01981836230763013,0.04476804534238236
37,0.11572465476182288,0.05786855603272707,0.02430403533298057,0.007133628788267118,0.01971117549286918,0.04606730171780538
38,0.11607213618118786,0.04658702088792757,0.02409467061337991,0.006440445243005908,0.018612488178742205,0.047231078418391616
39,0.11674327292688622,0.04893986590636493,0.023948687067780427,0.006559737924953926,0.018559049291764565,0.04672727398662278
40,0.11722517881329352,0.06123034922589774,0.02396043431379371,0.00744492757854551,0.01790052293325648,0.046535852429579166
41,0.11768244582084579,0.05448024839646342,0.023808515704424014,0.00718511853459054,0.019484381373626326,0.04475604720505521
42,0.11803095803212987,0.056218055389317755,0.023977781173539773,0.006933368336220489,0.019190945556319457,0.045809029628079416
43,0.11825739266388119,0.04764887912725319,0.02433001022705232,0.007825302243934617,0.01801921248725375,0.047145515949968644
44,0.11847853342069753,0.05340305489219237,0.024670147768016147,0.007394044924678705,0.018942815001174604,0.047673583378195175
45,0.11858576310145648,0.05345125543901266,0.02415709847721241,0.007793993161661341,0.019248738693499558,0.045428563576476365
46,0.11862436283293419,0.05632720001948939,0.02510501732935905,0.0077903109333304806,0.019971152163658374,0.04755358889108833
47,0.11889057328323056,0.05304148886525763,0.024919669643839074,0.008237951950313445,0.019896494281799917,0.04662456269940384
48,0.11924021236992628,0.05199871391567899,0.02504245724273799,0.007828000251899945,0.019633684717508957,0.047665686758805045
49,0.11917932903536928,0.04895739502922367,0.02430584700745499,0.007031569500155376,0.020552181179182782,0.04533379034302683
50,0.11940534349300792,0.05693626759206234,0.02524974883554837,0.007584087008283851,0.020888009205404456,0.047277150292956795
51,0.11939161602190061,0.05438208303947869,0.025618668734899104,0.008012061882311993,0.021356647203079015,0.04748729711930631
52,0.1193980588735056,0.05070203139091862,0.02629478705497567,0.008062290468592253,0.02201444546853867,0.04880762522779611
53,0.11951511312474045,0.05899281928531854,0.026424246429122854,0.0076660447285197475,0.022716347574740788,0.048890346984108005
54,0.11946012811714028,0.05801296350632184,0.0260979335708758,0.008000294817796256,0.0214878261533536,0.04880567974147755
55,0.11938719140957553,0.049348245923655686,0.02593095805329302,0.007737658509203339,0.021924707611344112,0.04813050803933167
56,0.11948159035895865,0.05260182111260055,0.02641623967716561,0.008627243386054488,0.02250483564939143,0.048116639996050904
57,0.11946712043991699,0.04861639117918792,0.02587037106412733,0.008438335849729944,0.021618663484407382,0.04755411385824467
58,0.11951019572928122,0.05054664295268144,0.026725598222227472,0.00884735688507775,0.02239786856183108,0.04893156921977356
59,0.1195035296779874,0.05100353051503521,0.026843633400225893,0.008641169126499619,0.022551702320774993,0.04933802875340305
60,0.11955829416697256,0.051622371869634885,0.027699753077678146,0.0083467480425374,0.022906074267167193,0.051846436923329874
61,0.11941159772571536,0.050606824080456844,0.02775377948131662,0.00788254893276755,0.02162110046536023,0.05375768904582206
62,0.1192866287944959,0.04675158919506525,0.02772178279851082,0.008362039592176157,0.02240715684808944,0.0523961519552668
63,0.1191332323793174,0.05385681755790805,0.02785409142598192,0.007988127104969319,0.022571589786033738,0.053002557386942664
64,0.1188556835171708,0.05085927442386307,0.028788339392214514,0.00826886237763656,0.022499543054129902,0.05559661274487712
65,0.11875420894848057,0.04955721176878267,0.02862606154103227,0.008393725355600292,0.023499455403754612,0.05398500386374191
66,0.11891239626590008,0.05208461752393446,0.028383175164500854,0.008558833151762181,0.022691278520316292,0.05389941382142404
67,0.11901805176678168,0.04477811022697226,0.03007138028421906,0.00930903895063446,0.022310733323653405,0.058594368578369284
68,0.11902699696038838,0.05109627298841243,0.029915847659963687,0.010085585068443127,0.02178061992928574,0.057881337982162155
69,0.11891879061000629,0.05221619652141966,0.029074322192711943,0.008332891966247357,0.02192784813118272,0.056962226480705695
70,0.11854720967628589,0.053146535820242743,0.028455293731162092,0.008353609951475138,0.022894296370877202,0.054117974871133935
71,0.11857568471501509,0.05262880986042597,0.028169203929133507,0.0077939914646887815,0.022538032847084156,0.05417558747562755
72,0.11839013345469691,0.05311310684194613,0.027652781833761908,0.0077466057946127586,0.021816190905449073,0.05339554880122384
73,0.11845161155491367,0.04221812188785921,0.028090822270486086,0.00786892536578142,0.023097528431501917,0.05330601301417485
74,0.11840315804117524,0.04715013699583717,0.029009439031050733,0.007730978999401706,0.02284408685808436,0.05645325123566611
75,0.11827967360772143,0.04484883252883885,0.02954666159480879,0.008761361531386255,0.02249089334992228,0.05738772990311783
76,0.1182180437360508,0.04502452257093461,0.029783781098836358,0.008134134413603852,0.021819782251622583,0.05939742663128266
77,0.11817290668397155,0.04710505598119272,0.02988481572939712,0.008927948197162257,0.023388573574349623,0.05733792541667953
78,0.11820070426557876,0.048628741087887506,0.03045341855404623,0.008197283615911394,0.0227808581499612,0.060382113896266104
79,0.11814041501581073,0.04507858958919001,0.030974801274591023,0.008006351793859452,0.022684945998566464,0.062233106031347116
80,0.1180691845962107,0.04874988728347482,0.030046091444490088,0.0076029894634102825,0.02255369704790837,0.05998158782215162
81,0.11792819571610588,0.05126650609568643,0.029511655623981833,0.007929106332719761,0.021792559690847767,0.05881330084837797
82,0.11787324807202432,0.043177733990120246,0.030695890891988206,0.00889372197404788,0.022845689582366466,0.06034826111955031
83,0.11777256655345995,0.044329174263440754,0.02961539405547869,0.00765914988328995,0.022683182972263474,0.0585038493108827
84,0.11781721539281503,0.04562634995628775,0.02910878388597967,0.008290168101227322,0.022105612962767383,0.056930570593944345
85,0.11755271596355775,0.0479758517832379,0.029882714016299283,0.008342115571352312,0.022605524894836353,0.0587005015827092
86,0.11748272596358561,0.04496069745712537,0.03128613171809853,0.009148973399705596,0.023628553427765136,0.061080868326824876
87,0.11749844271926972,0.0419206074289905,0.03188336535043465,0.009258111093063234,0.02484989561941849,0.0615420893388222
88,0.11740444431322974,0.04326876364261425,0.031854885268055,0.00850393989393187,0.025020352714825597,0.06204036319540752
89,0.11722156576531936,0.046060653081155284,0.03234319317227936,0.00875870394225232,0.025272190652494475,0.0629986849220913
90,0.11728189894428491,0.0545062172760973,0.03256531104217398,0.008263497276237717,0.0254725821753843,0.06395985367489991
91,0.1172983356237735,0.0455201541085479,0.032687895592536556,0.00842831063530358,0.025962113794969488,0.06367326234733663
92,0.11712282207067573,0.04368965783720143,0.033895464114218045,0.0084566902753621,0.027467588323439717,0.06576211374385228
93,0.11699286013415701,0.043202784627361775,0.03313879729552644,0.008481773080688806,0.025795893398130584,0.06513872540775996
94,0.1167850415216616,0.04427708141143767,0.03359550909685465,0.008710581761818948,0.026575177099181564,0.06550076842956348
95,0.11660587987601807,0.049073123728709304,0.03321837408733767,0.008795173672483263,0.026702366515179366,0.06415758207435035
96,0.11670236260804798,0.045227286698782815,0.03463664088436005,0.009077253822973228,0.028115765044571656,0.06671690378553526
97,0.11666482180886413,0.04944088982552299,0.0329217058130263,0.008291463848652559,0.026306133782267028,0.06416751980815931
98,0.11672794992461634,0.04288358716770183,0.032921633182379936,0.009056026933893244,0.025269066701154145,0.06443980591209239
99,0.11679387325379668,0.045462844896518306,0.03365989321922604,0.009131254953112854,0.02620897812601062,0.06563944657855461
100,0.11670661373496287,0.04833594942534387,0.033565370282707105,0.009321852153992432,0.025616664776707175,0.06575759391742167
101,0.11668826425679486,0.04369614366495185,0.03259743795997135,0.008547117157710254,0.02468067544132329,0.06456452128088046
102,0.1167337618389865,0.048279481710890006,0.03265270483804796,0.008509747492729034,0.02396812631255696,0.06548024070885787
103,0.1166366041056744,0.045438003242153406,0.031877531871433384,0.007421222030423389,0.022898119013049376,0.06531325457082734
104,0.11663712392134215,0.03961744824408871,0.03170090874835758,0.008468911049793783,0.0224808605840926,0.06415295461118632
105,0.11648118035836237,0.03849601946109398,0.03216195524384637,0.008576251103205606,0.023245055957110704,0.06466455867122282
106,0.11626577315730344,0.040176755355386215,0.0333893980344768,0.00866476700405627,0.02532979865122681,0.0661736284481473
107,0.11613762686035847,0.0486133117457275,0.03385202068017677,0.009186569771625673,0.026681855837944895,0.0656876364309598
108,0.11599405451005919,0.04925915024275496,0.033169329979937615,0.009287848963439165,0.026667226987492496,0.06355291398888124
109,0.11581961801594051,0.04147163999006876,0.033156140469861574,0.009957833929025233,0.02550704241873097,0.06400354506182852
110,0.11565792349981267,0.04368269601854979,0.03502955944887445,0.01018569386346751,0.025618102114237182,0.06928488236891873
111,0.11553614007950849,0.04796933344669653,0.03341565700149282,0.009648719413391888,0.02429549196353099,0.06630275962755561
112,0.11542804795475047,0.041112997409838654,0.03378940072613799,0.010224724293996231,0.025243408298761906,0.0659000695856558
113,0.11538177993587365,0.04047049147167308,0.03492362841509386,0.009011701164171108,0.025670466766263396,0.07008871731484706
114,0.11524483785177465,0.04292421419427101,0.03403725791616776,0.00888757275860608,0.02643455917964289,0.06678964181025429
115,0.11518721334780031,0.04021608136133871,0.03386606881021651,0.008556154857888361,0.02819606048238896,0.06484599109037226
116,0.11504542771389614,0.04059746858120565,0.03421259353369264,0.009708950991929444,0.027252452146885795,0.06567637746226268
117,0.11490242501915114,0.04104235599180528,0.034959261414894256,0.010089965854405449,0.02659999449372675,0.06818782389655051
118,0.11498090762642298,0.035846185949821766,0.035170003144894095,0.009148589445799845,0.02799354208766624,0.06836787790121618
119,0.11490207188105309,0.04192648440097377,0.03519034492887021,0.0105917804897659,0.02747102956749281,0.06750822472935186
120,0.11482777060355438,0.03676362193170259,0.03338390682064542,0.009892213065363357,0.02630485223217448,0.06395465516439842
121,0.11479806556334418,0.037466850314729,0.034368377711521056,0.009692914598272663,0.027543701418146712,0.06586851711814377
122,0.11478309038685354,0.04009027827126632,0.03452495057517244,0.009284079413710867,0.027641236427732016,0.06664953588407445
123,0.11477118415591121,0.03544428112915919,0.03467099106770334,0.009853990363945625,0.028456611054679084,0.06570237178448537
124,0.11457958053269643,0.038596888683953466,0.034648699645569034,0.009561605712676384,0.028581056125210398,0.06580343709882035
125,0.11446303497766888,0.04284275961349995,0.034695416604335984,0.00918537925695332,0.027566494805917753,0.06733437575013689
126,0.11437160392079329,0.03892433109657175,0.03478447143928996,0.00937370435429141,0.02838216734256981,0.06659754262100867
127,0.11424344066897793,0.037823958220480985,0.034775882006296076,0.009338050148226551,0.028261272523511884,0.06672832334714975
128,0.11412691465386657,0.042117418924832555,0.035288945765900616,0.009402185087687498,0.027663606632029738,0.06880104557798458
129,0.1138993029286706,0.03931235048850883,0.03496494564482986,0.00967377332343945,0.02828375401218257,0.06693730959886758
130,0.11383287603887264,0.03944576599617133,0.03498920558043316,0.00888347218825597,0.02808054927900514,0.06800359527403836
131,0.11376972991873006,0.039301352991675066,0.035231571739131155,0.008678991016955701,0.029627217182927514,0.06738850701751023
132,0.11366037536945277,0.040109773051179146,0.03429454179833061,0.008936115730796347,0.028798757965559044,0.06514875169863642
133,0.11358678613429077,0.04394450748872457,0.03513655306405495,0.009492379436672712,0.026727131116966566,0.06919014863852556
134,0.11347078748282079,0.036039538435419634,0.03561306587178168,0.009714769200325818,0.0280125342074651,0.06911189420755413
135,0.11329467631146153,0.03876218316533006,0.03625818243582874,0.010783627639836237,0.02785354430536133,0.07013737536228866
136,0.11319880419183673,0.03717950719386922,0.033651584620415856,0.009566222535194104,0.027133331666098916,0.06425519965995452
137,0.11314060072239814,0.03859254437688174,0.03364592985832805,0.008850927249988332,0.026494635646036338,0.06559222667895948
138,0.11300470602276086,0.03457761840248797,0.034932601820344224,0.009598528787110221,0.02633429537473009,0.0688649812991924
139,0.11303938160361336,0.03636227720307658,0.03479582319069247,0.00988019922005924,0.025511532784107397,0.06899573756791082
140,0.1130379533928835,0.03597354009450953,0.03574370999234489,0.00931742497796337,0.0268544641709578,0.07105924082811345
141,0.11293905018796233,0.03997448390007351,0.03580950686974325,0.009839361892334371,0.026455019812510423,0.07113413890438497
142,0.11291845918595228,0.04152834659807421,0.035964042765483914,0.010822757169440766,0.027781017815528344,0.06928835331148266
143,0.11284773886886616,0.03986805365485637,0.03688036723999677,0.010729038932258846,0.02838606045167521,0.07152600233605627
144,0.11281447885161909,0.035203958833193286,0.03764190624645831,0.010787010970886227,0.027767543387122295,0.0743711643813664
145,0.11268434541086365,0.033191002850951,0.03708553664492502,0.00993894932290266,0.02726242842373044,0.07405523218814197
146,0.11257756161442262,0.03889334560105251,0.03694464925254084,0.010477357668412852,0.02800332575499087,0.07235326433421875
147,0.11240624327455019,0.04321445583955617,0.038481857977674463,0.010594005259126925,0.02981629017442426,0.07503527849947221
148,0.11229679606200622,0.034289512379138874,0.038219620448614135,0.010703466682653848,0.029831615404747304,0.0741237792584412
149,0.11240957186323747,0.03921195983112035,0.038579739758305504,0.011086762654412854,0.029008614980088547,0.07564384164041511
150,0.11224295390918318,0.0423724468082409,0.03910128852891137,0.011112488458389358,0.029359504331798302,0.07683187279654646
151,0.11216859880226134,0.04218886991955932,0.039110879342230016,0.010461049410809628,0.029528681974622502,0.07734290664125786
152,0.1121036266253865,0.03230285504078288,0.03815310187692655,0.01150709830775274,0.028228018471995468,0.07472418885103141
153,0.11206321409086989,0.036707496770219776,0.03879083513762382,0.010992752983571694,0.028337732239811012,0.07704202018948875
154,0.11195959090603126,0.03893777287171699,0.03871971145700035,0.011223827396730045,0.03025262348431611,0.07468268348995494
155,0.11192073250073793,0.03428395491380797,0.039118807336593134,0.011030802793954263,0.031664941940983474,0.0746606772748417
156,0.11189447288696547,0.03587277961454596,0.03827531982594363,0.009453451992096552,0.03057744706887284,0.07479506041686146
157,0.11192552640257039,0.03513321040648867,0.03860693414567464,0.009165923687133143,0.03022255617076547,0.07643232257912534
158,0.11190279207050084,0.03464968026089354,0.038689303926222864,0.008521396616789042,0.030496324328102082,0.07705019083377752
159,0.1118924216270695,0.03602995478474068,0.038510627686369626,0.009265769609861035,0.029768460041921914,0.07649765340732599
160,0.11177021175306288,0.035885814510985124,0.03893793132246428,0.009411913199817611,0.03086161917050388,0.0765402615970714
161,0.11167981138715569,0.03386972521630964,0.03849994902524338,0.00968780901468305,0.030063524935502697,0.07574851312554441
162,0.11156842574607481,0.03489322512652538,0.03842640768125467,0.010218216904923472,0.030232952175368803,0.07482805396347182
163,0.1116028307056945,0.03293958006154495,0.03783013361189238,0.010047822132563385,0.028275848299535784,0.07516673040357795
164,0.11157294483377722,0.03520608172105745,0.03835231547139368,0.009086297771657858,0.029338499839782758,0.07663214880274045
165,0.11150087879374446,0.03399824132507498,0.03807134191903213,0.008846752566305209,0.02969907017986618,0.075668203010925
166,0.11137959202356577,0.03591651876193729,0.036550833377057876,0.009243500684816277,0.02928026520524219,0.07112873424111513
167,0.11135310521264107,0.034585905110815156,0.037988369665009146,0.010162223358689902,0.028831588324262254,0.07497129731207527
168,0.11129123636154689,0.027375877926338235,0.037573784070618184,0.010229851722425612,0.029576078010733326,0.07291542247869562
169,0.11126290423450981,0.03294100283522048,0.037794264770378797,0.00991112664405929,0.030231614310667284,0.07324005335640976
170,0.11119077648864585,0.037727361318778005,0.03825439369471737,0.009879987273553178,0.02948857741053287,0.07539461640006603
171,0.11107426424022879,0.033700183545042756,0.0390458326737868,0.010080226382319207,0.028633700569838563,0.07842357106920263
172,0.11102576174488425,0.03654031751875141,0.03825875425564392,0.009213112077745568,0.028645469236862273,0.07691768145232387
173,0.11099945675743982,0.03245107066794722,0.03722378070462233,0.009886125523349193,0.029226151674590268,0.07255906491592751
174,0.11086257208997499,0.03930818420358337,0.03828418073182131,0.009771807773911586,0.02800983977858474,0.07707089464296758
175,0.11077487190909051,0.035396007215648645,0.03753905834818264,0.010154312798080949,0.02751904197875305,0.07494382026771394
176,0.1106849774575413,0.03472709264253558,0.038307880032357994,0.010482295283618577,0.02862075213754058,0.07582059267591482
177,0.11061710602537075,0.031684367393736736,0.039063320722836505,0.010566449357250521,0.029170958746363093,0.07745255406489586
178,0.11049920885750954,0.033030464763485506,0.03889810472084596,0.010663533399693191,0.02923826138544476,0.07679251937739996
179,0.11040623251791375,0.03434957730524193,0.039386870801398,0.010398036500875313,0.028544942735062737,0.07921763316825596
180,0.11031977871764151,0.031224139619565276,0.04089813060194324,0.012220960914158132,0.028461586982335137,0.08201184390933641
181,0.110359331017448,0.031108206445137395,0.04065581334607891,0.012322128418563135,0.029043870541401205,0.08060144107827233
182,0.11041610416711763,0.035216176073037606,0.0385539728296411,0.01198350144589183,0.026634164688887574,0.07704425235414389
183,0.11036642034305645,0.028686230210478947,0.03858046816130222,0.011194087926618948,0.02728585736779941,0.07726145918948829
184,0.11042144206220708,0.039433809334211783,0.037624867567213886,0.010394898488744784,0.02708555920274065,0.07539414501015626
185,0.1104266257799145,0.02899416309803636,0.038122471933008044,0.01043076862621916,0.02857858974835172,0.07535805742445326
186,0.1103211639305464,0.03533300692558824,0.03813786542856201,0.010733276509617078,0.027762901647146607,0.0759174181289224
187,0.11028357424101606,0.03283178636146455,0.03815762460741554,0.010388504855831532,0.026202668723199082,0.07788170024321597
188,0.11014629693511975,0.03084227943918599,0.03995191701764707,0.01165585590544519,0.027712238920437803,0.08048765622705818
189,0.11010324666035266,0.035911697198439965,0.04093451367535686,0.012006575149269493,0.029115705261044244,0.08168126061575685
190,0.11007420950207522,0.03300069987174412,0.041489733621112856,0.012683833060416412,0.030773194699172148,0.08101217310375004
191,0.1100572897531075,0.03148111822831386,0.040561261435687605,0.012345420729932168,0.029170391942731935,0.08016797163439872
192,0.11006161860013923,0.030703549497590875,0.04035445186612807,0.011543541180766564,0.029349425118886434,0.08017038929873119
193,0.1099860115226283,0.028188342348821623,0.04150443442753513,0.012709157626351253,0.029018081785071405,0.08278606387118273
194,0.10992151319347784,0.030114274478217077,0.041573993409355664,0.012505052825147701,0.026072717776862576,0.08614420962605678
195,0.10988091873367871,0.030195295640049625,0.041331119674793665,0.012097041811904971,0.026709127209817256,0.0851871900026588
196,0.10994228002493295,0.033591609225488914,0.040566652259929274,0.01180407897148501,0.026991020125053413,0.08290485768324941
197,0.10988464133464466,0.02934371705853507,0.0419723342521848,0.011838816995694187,0.0257823261470436,0.08829585961381664
198,0.10979303058964504,0.027207075450914053,0.04251356769543655,0.013732715014509459,0.02612756139994798,0.0876804266718522
199,0.10969281133807626,0.0306489669041058,0.04202479759351907,0.013290962198851885,0.028138668356997232,0.08464476222470804
200,0.10963503801378906,0.02939825473938491,0.04246796841321964,0.014030356403816306,0.027418408980755263,0.0859551398550873
201,0.10955787035855644,0.03343652613384272,0.04289541447706171,0.013294536767306712,0.028010322006595374,0.08738138465728305
202,0.1095877701720373,0.030432807095529243,0.04323607414530631,0.013490651122398575,0.029083339038543366,0.08713423227497699
203,0.10954579626074394,0.03483619024324681,0.04244429385370281,0.014307540098535826,0.028378138387800147,0.08464720307477243
204,0.10952867086667023,0.029621032081501842,0.043390271540372595,0.013084003255675044,0.030289575368738907,0.0867972359967038
205,0.10952106983390668,0.034133397667820406,0.04316480309032957,0.013092708974199908,0.029365554137813166,0.08703614615897558
206,0.10951982543537891,0.03260358075514762,0.04403624621613999,0.014348091986988061,0.029252817545138445,0.08850782911629343
207,0.10949723692184515,0.02745944515864802,0.0448348485942782,0.01274052497369734,0.031820869655274135,0.08994315115386314
208,0.10939504538813863,0.03187483202909483,0.04476842014677769,0.012662675455642465,0.03180604065490423,0.08983654432978633
209,0.10934117607464139,0.02856019307123875,0.045087246183571704,0.013880195188271357,0.03333017847619874,0.08805136488624501
210,0.10926593009647459,0.03341976865400666,0.04548935975409195,0.01513902404751355,0.031148545703493787,0.09018050951126849
211,0.10924732235517198,0.03331490755325104,0.04545286490302639,0.014350177784881015,0.03182536255995382,0.09018305436424433
212,0.10925781184975124,0.022809593111069764,0.045256608890412955,0.014680357391222724,0.030790055111314427,0.0902994141687017
213,0.10927098990046409,0.03394912490273678,0.04655367651162868,0.015391415741971134,0.03304481804432112,0.09122479574859378
214,0.10923554671319384,0.03346632341163278,0.046372614155545264,0.015241145760417964,0.03255354280382069,0.09132315390239709
215,0.10917567969567338,0.03523576357369835,0.04587570457773216,0.014612381209645203,0.03378703655460149,0.08922769596894976
216,0.10909429770607695,0.03304327488474439,0.04669224228172871,0.014750751634154938,0.03477595776697084,0.09055001744406033
217,0.10905695828645783,0.02641756741490407,0.04618228742908582,0.013911727987242033,0.0334489239165781,0.0911862103834373
218,0.10893715605343014,0.03494222369262912,0.04589671496805893,0.013809972327760121,0.03405104735419866,0.08982912522221802
219,0.108909551800889,0.031857297539222396,0.045853079174907954,0.01464060001898134,0.03257585643990749,0.090342781065835
220,0.10889616948254473,0.028149852242706545,0.04890040884427755,0.015609375101496728,0.03368317016901479,0.09740868126232108
221,0.10877028724264813,0.03000824439657392,0.048652226806104565,0.01632906443925752,0.033128592335486574,0.09649902364356949
222,0.10873454372947769,0.02933099531077219,0.04783592842861971,0.015433408529304743,0.03258143415401684,0.09549294260253754
223,0.10872630103610147,0.0349226742604897,0.049625733922609015,0.016218583213239813,0.033638349809845286,0.09902026874474193
224,0.10869665088471922,0.028694057430274842,0.04934822177302342,0.01721949775305777,0.033547290726546046,0.09727787683946641
225,0.10868097245438704,0.033014385258582704,0.0498039070680081,0.017785179673989158,0.03267978539554351,0.09894675613449161
226,0.108664672221445,0.030376029403687478,0.049971541517042396,0.01787188647436173,0.03330798708624098,0.09873475099052446
227,0.10861503911416995,0.032759445115330806,0.04911098707037638,0.017640520778562947,0.03319266849784264,0.09649977193472355
228,0.10852432709178696,0.029174403301156795,0.0495366075089877,0.01669371293656143,0.032646621632571184,0.09926948795783049
229,0.10846473088741229,0.02710365424062409,0.04945344024949675,0.016614684799799908,0.03323192798934653,0.09851370795934382
230,0.10852116838455683,0.03085718259258855,0.04909781394874192,0.016761301661476376,0.032654933083407583,0.09787720710134182
231,0.10856001071270326,0.032813860440562025,0.04912928054290663,0.01673541691630541,0.03220727800359507,0.09844514670881939
232,0.10852745826811509,0.027855312002271558,0.0493857547712291,0.016615540085792815,0.03400084775049142,0.09754087647740305
233,0.1085489050981182,0.030135740183025648,0.04906072487373241,0.015233382839741042,0.034074857009080986,0.09787393477237526
234,0.10851024809999572,0.032370659965799825,0.05008880860304179,0.016703163418665106,0.0359229125340904,0.0976403498563699
235,0.10852110551974785,0.029324368714616814,0.049459887327023215,0.015308053967939671,0.03511086157383005,0.0979607464392999
236,0.10846965331223063,0.02839954960728026,0.048460299859029235,0.01622279769081046,0.03588903361146523,0.093269068274812
237,0.10846848480992244,0.03002935860427341,0.04757843499643082,0.017369176030041476,0.037056671587534784,0.08830945737171621
238,0.10844691611136428,0.02823576146126082,0.04717501994816608,0.016308800497383338,0.03569102150755785,0.08952523783955701
239,0.10844743901593633,0.028049489493444657,0.04788607500687086,0.016260070268144647,0.03629320987579763,0.0911049448766703
240,0.10845723459987094,0.029179375360434478,0.04775140632688021,0.015528385528969587,0.036540778608801824,0.09118505484286918
241,0.10846249747060259,0.032945696251151804,0.049034085355455066,0.01720743607082292,0.037191605412583796,0.09270321458295847
242,0.10844117081633807,0.03328154109017953,0.04936153175373428,0.0161382908185565,0.040893112612578185,0.09105319183006814
243,0.10842828303329431,0.030180203074810993,0.04952503619696761,0.0157685198248142,0.03984484014094191,0.0929617486251467
244,0.10838579219013919,0.02878372053304261,0.04887491916164928,0.016433161207895654,0.040046745620455855,0.09014485065659629
245,0.10832264995851755,0.02971176274186926,0.048047665122128026,0.01675772168438662,0.038899136509950874,0.08848613717204658
246,0.10830292063008211,0.0323415093722463,0.048284846234828566,0.017787678121822102,0.03957137799007219,0.08749548259259139
247,0.10835076990481962,0.03317332327434061,0.05063165010869065,0.01766672493333045,0.0432048565941302,0.09102336879861132
248,0.10836578748794468,0.027323454280127637,0.05057302639394712,0.016194191075072906,0.041446106829211106,0.09407878127755738
249,0.10834693724899741,0.025055650111872798,0.04980273045739509,0.016455964467478223,0.040293613076864014,0.09265861382784307
250,0.10827332530548786,0.027304571914411137,0.049843917056676665,0.01748508518145829,0.041371106502527254,0.09067555948604443
251,0.10826450687423798,0.027810107889807183,0.05059729496025916,0.018096391951329345,0.04131134591427212,0.092384147015176
252,0.10821050072567741,0.03080460080067735,0.05110848498736729,0.01841998948683248,0.04186043249017664,0.09304503298509267
253,0.10816585660404732,0.032464740990704975,0.050507863243453785,0.016568667031474638,0.0404911857801192,0.0944637369187675
254,0.10815577629308808,0.0303504845963684,0.04975138062003037,0.017161495806151703,0.03942814701390117,0.09266449904003825
255,0.10809366305207062,0.028604893566950004,0.048875478017465515,0.017091418234966158,0.03827622577317911,0.09125879004425134
256,0.10812094896501516,0.02920069405791324,0.04978049643805819,0.017834833105014568,0.03999976579325314,0.09150689041590691
257,0.10805393664282976,0.029724755689226137,0.049886731157556555,0.017696485128290484,0.03902664836030065,0.09293705998407852
258,0.10800267674600075,0.028079018344867368,0.047455060976664326,0.01738477753349221,0.035692607134554605,0.08928779826194617
259,0.1079438721365409,0.030177084793331057,0.047197955823372446,0.01617924445972631,0.03731230198522903,0.088102321025162
260,0.10791661002508236,0.02772019979855769,0.04745183019962152,0.015672851868790107,0.0370611357680654,0.08962150296200902
261,0.10786834259622415,0.03043960552526659,0.04847506120990783,0.017836244406098503,0.0370210246052211,0.09056791461840383
262,0.10782758382675275,0.029488817155511007,0.049330485973904575,0.018254056540735246,0.03899490726789455,0.0907424941130839
263,0.10782631269254725,0.03034158763844814,0.050184807657505756,0.018490585746840017,0.04024082993673939,0.09182300728893782
264,0.10782225521081044,0.03166267307982001,0.050577471546701544,0.019300474849395195,0.04062651833215584,0.09180542145855358
265,0.10781250074627921,0.02899425290725816,0.049440568417501135,0.018021315195312398,0.03948769362177077,0.09081269643542017
266,0.10777638191623604,0.032036161161785245,0.051972001149817385,0.020257335709730248,0.04091804398823966,0.09474062375148226
267,0.10772098995528637,0.03315582959635207,0.05278162209249122,0.019950980119497582,0.04155340793154812,0.09684047822642791
268,0.10770837763895155,0.030293935329889502,0.05282686808111204,0.020014367374581395,0.04149772548268831,0.09696851138606638
269,0.10770887160873707,0.030658529785643127,0.05197725980970946,0.01850491245662678,0.04131306922692986,0.09611379774557166
270,0.10767080565235629,0.034657172009129815,0.053229466483450165,0.01878912185309943,0.04253826926574007,0.09836100833151101
271,0.10762423994016883,0.03238496489185949,0.05238553292963411,0.018839261501093406,0.040822534089215906,0.09749480319859298
272,0.10763766648261959,0.02701994328461827,0.05169338306468987,0.01854688059884493,0.03982390410438554,0.09670936449083908
273,0.10757070513055053,0.02767088343787292,0.05288931656719029,0.018754544805560835,0.04101920211791577,0.0988942027780942
274,0.1075043675665683,0.028173506612804686,0.05309308790593312,0.018715307825208242,0.04129170167100444,0.09927225422158664
275,0.10751041116272682,0.0269225166758315,0.05396386168001288,0.019766159366917443,0.044700235512906625,0.09742519016021454
276,0.10748963848445893,0.026658516563978316,0.054069536686676835,0.020638268064414877,0.04356726932805065,0.09800307266756494
277,0.10747139461553028,0.029137586803298223,0.0538013593911016,0.01939622130322353,0.04254102059254984,0.09946683627753142
278,0.10740058991754471,0.025914027368435937,0.054254153096329666,0.021683021149827824,0.04169998688754373,0.09937945125161747
279,0.10734544941187768,0.027271906393497535,0.05442217609341148,0.020692453312296983,0.04184534697634563,0.10072872799159185
280,0.10729626904395834,0.022352172221885822,0.05383182599132487,0.019179383082239092,0.04356730291358359,0.09874879197815191
281,0.10729966312050385,0.029472820000924535,0.05511458576865765,0.02059443990979047,0.04638357646738122,0.09836574092880122
282,0.10731079602444514,0.022389046816317607,0.05603835988668956,0.021035322475042438,0.04871996717565804,0.09835979000936816
283,0.10732361900644022,0.029333477855538793,0.055094672940143426,0.019915381482817584,0.047731101849550164,0.09763753548806253
284,0.10730074562918387,0.024381052400960872,0.0534391032302424,0.01997085740926344,0.04449330358411369,0.09585314869735005
285,0.1073492143771358,0.02743630408716077,0.05299130804772288,0.020064920284662485,0.04462052366577749,0.09428848019272869
286,0.10732758955517335,0.026226518921197206,0.05408096390653215,0.01840023005959342,0.045219548409690044,0.09862311325031298
287,0.10729565517017789,0.029304717121406445,0.05409621740227391,0.020019251380229548,0.04552741786351997,0.09674198296307224
288,0.10723746437628237,0.027234747789424554,0.05504315691191594,0.01959068240451828,0.047208304255843575,0.09833048407538596
289,0.10723707454052156,0.027631014877567216,0.054701257648743694,0.020892300677272095,0.04568562456999945,0.0975258476989595
290,0.1072435908131693,0.03313957178768043,0.05407760353062673,0.02049002035310019,0.04441753819742812,0.09732525204135191
291,0.10721314229253685,0.029582318798024233,0.054092269608495294,0.021718451806187776,0.044649094957733025,0.09590926206156508
292,0.10719199742685212,0.02595976611549328,0.054989077988492396,0.021139168091022783,0.04580589721513514,0.0980221686593193
293,0.10714616453558592,0.03235252985886925,0.05540975337451646,0.02079679219060905,0.0475386136998346,0.09789385423310575
294,0.1071323081102902,0.025885230918429532,0.055225615154210046,0.020751446123212235,0.0467730711306587,0.09815232820875922
295,0.10706544841910166,0.02869319935802697,0.05560497458258287,0.022379129832870312,0.047748584627944776,0.09668720928693351
296,0.10708662071630307,0.027709506685087166,0.05613998946471493,0.023349499704620004,0.04700511954694843,0.0980653491425764
297,0.10704246961900324,0.028953501213111625,0.05727793254208284,0.023913563793770555,0.04792617090795567,0.09999406292452227
298,0.10699340141634671,0.027731249372571952,0.058027949776208496,0.024819873954127332,0.04965267932011106,0.09961129605438711
299,0.10692293082562963,0.026539611170025724,0.05871468805142407,0.025501295416277183,0.04901786731553486,0.10162490142246017
300,0.1069157388196211,0.02825354480741209,0.05922353727200474,0.02440124140124831,0.05046952721590938,0.10279984319885652
301,0.10694401078958261,0.02378113394439772,0.05781120710645946,0.022497360679353963,0.047059523431174394,0.10387673720885003
302,0.10691797741513541,0.026055116705739668,0.05745874312958851,0.023478453043083318,0.04720645629592682,0.10169132004975542
303,0.10692291860350771,0.028711622981941784,0.057975780588481664,0.023445897323630185,0.048853735594143834,0.101627708847671
304,0.10688704836646558,0.02455340579615443,0.05788856297145114,0.023208235574295057,0.04978537617178438,0.10067207716827395
305,0.10690333302651249,0.023571827137989557,0.05845330432359092,0.023926266949518674,0.048853731383186286,0.1025799146380678
306,0.10686436400135672,0.02727307868274824,0.05873427425904062,0.023637513745852247,0.05056297561122957,0.10200233342004002
307,0.10688963892469615,0.027679304439111565,0.058305660620256376,0.02395635545562619,0.04974243298096907,0.10121819342417387
308,0.10685735851823398,0.02420928223009438,0.058794763303735904,0.02389041931132311,0.050740284347333096,0.10175358625255151
309,0.10687643196442906,0.02663672505564122,0.0591789956272706,0.024624951473188723,0.05058301630609468,0.10232901910252838
310,0.10687308594782587,0.02458688614962692,0.05924819245166825,0.022904696149569234,0.051206808443963504,0.103633072761472
311,0.10684328430209701,0.031552254360887405,0.06014898677393981,0.023864429313492103,0.05157748246522244,0.10500504854310487
312,0.10680614939251169,0.030811314345971525,0.0593387341686027,0.023833884107223615,0.05324239440438517,0.10093992399419928
313,0.10679421038314998,0.02525216095941498,0.059338170544783984,0.02390371471272914,0.05257053512865802,0.10154026179296477
314,0.10678334245238177,0.029373240458826708,0.059549730581424244,0.02409098713587885,0.05183635230260961,0.10272185230578428
315,0.10673440384607967,0.02624025266955162,0.06064947432399146,0.02408464139218661,0.051841011644434214,0.10602276993535358
316,0.10674766526181313,0.02816896679978829,0.06151625794030913,0.02536574733380449,0.05310821634911365,0.10607481013800925
317,0.10675280196208357,0.0266802653690417,0.06281147285205918,0.024502589660471013,0.0548519451628159,0.10907988373289067
318,0.1067717681417434,0.025479127000344163,0.06287140720578722,0.024693836090420463,0.056149455264514946,0.10777093026242628
319,0.106747391969283,0.030809334589123046,0.061164199946975945,0.02408316828343856,0.052662888581416996,0.10674654297607225
320,0.10675684447138224,0.024837618848590964,0.0605145499859275,0.024515838634348086,0.0520964978891061,0.1049313134343283
321,0.10670757578412614,0.028800582069026456,0.06045436956947926,0.024140258671741816,0.05377668063862586,0.10344616939807016
322,0.106703583573899,0.024775436511348788,0.06068222408232744,0.024121456991296655,0.053609015538038124,0.1043161997176476
323,0.10667539965171038,0.034132968337101124,0.05969274975539959,0.024401321453234825,0.05115494632409518,0.10352198148886879
324,0.10662683090445406,0.0233098298824018,0.059651438863060034,0.02529330482723632,0.050615770753795274,0.10304524100814852
325,0.10665769459529877,0.02569747816778099,0.06104479152086502,0.025307891280645634,0.05343548587040249,0.10439099741154693
326,0.10660763521863924,0.028679561483451264,0.06130998768152023,0.026077237271136915,0.05329384581955742,0.10455887995386637
327,0.10659828451656392,0.028238730905481613,0.05919483052857844,0.02374293769857721,0.0520010687955429,0.10184048509161525
328,0.10655662837757417,0.029259081644525713,0.060116424740201437,0.022881986574279357,0.05438298804720663,0.10308429959911834
329,0.10655013314958377,0.02518851734780113,0.06152651302151001,0.024323755999912367,0.05458023209016505,0.10567555097445253
330,0.10655430660941763,0.026332316820006627,0.060854290489826365,0.02313718662351909,0.054444905390079686,0.1049807794558803
331,0.10651114155183865,0.02784776051085775,0.06131556895169518,0.022774062754059275,0.05581416443272806,0.10535847966829821
332,0.10650990754981778,0.027907412579614415,0.060909925306177636,0.02286826962565696,0.05346801245923385,0.1063934938336421
333,0.10645119179398006,0.035522943854883623,0.06123803872817397,0.023151133697051702,0.05211243364720261,0.10845054884026764
334,0.1064339544940074,0.026961808156953416,0.05941537022089335,0.02136385378079225,0.05089590081563467,0.10598635606625312
335,0.10638657688174478,0.026987521808053992,0.05989407327300463,0.02287531675656289,0.0504747428660416,0.10633216019640938
336,0.10634259535011886,0.024835720526105196,0.060708275882073275,0.023930645741589537,0.05079354789458445,0.10740063401004583
337,0.10631191514602682,0.028226419966882767,0.06080765879695885,0.02538301347233359,0.05211007255296065,0.10492989036558228
338,0.10633627089039112,0.029982153444162996,0.061438533918841826,0.025556909146619178,0.0527976672764885,0.1059610253334178
339,0.10633297879935566,0.027593246716835575,0.060557467274269465,0.0240650332306207,0.05041980020228645,0.10718756838990116
340,0.10632259499306349,0.026983121928478345,0.06405395055396838,0.025709539661590106,0.05447297077186406,0.11197934122845103
341,0.10634978865093717,0.025984555709124224,0.06269327827309484,0.024545637253806773,0.053143478008819404,0.11039071955665833
342,0.10630832502506278,0.025825206422950216,0.06212060334120455,0.025087471488831177,0.051518611621972195,0.10975572691281024
343,0.10628857156494502,0.027777796718634597,0.06205329614205357,0.02249182110639372,0.0525665440997632,0.11110152322000381
344,0.10628404736085365,0.02935559758119101,0.06279304577523023,0.023812610199710378,0.05177342294942279,0.11279310417655755
345,0.10623297422963453,0.02296476447464861,0.06284588761936932,0.024856789452819703,0.053666684118511346,0.11001418928677693
346,0.10619834533705225,0.027401029525582467,0.06285582326085647,0.023852215626288233,0.05393388436459632,0.11078136979168487
347,0.10617910653689946,0.02455586162021941,0.06300488086834166,0.023832612847466086,0.05509026805141569,0.1100917617061432
348,0.10611494367074979,0.02998216056402239,0.06281320372042973,0.025826453135670044,0.053192583416529785,0.10942057460908935
349,0.10610351334748183,0.026337872346142942,0.06305872426072331,0.024462253610066303,0.0527056252327959,0.11200829393930772
350,0.10605395418575018,0.026548029773676856,0.0653106328857595,0.026045681380682188,0.05329681893839138,0.1165893983382049
351,0.10602675447725148,0.027958312824548446,0.06491281782680709,0.02673299913643819,0.05254886632737214,0.11545658801661093
352,0.10600268628723947,0.03032120590589028,0.06374172970075458,0.025016061612385544,0.05229065447462777,0.11391847301525043
353,0.10599910272545572,0.027849346730639105,0.06364601525189834,0.024776703124810166,0.05253617297935054,0.11362516965153432
354,0.10599479365514293,0.02933022227573846,0.06355415888831781,0.025127415471236193,0.051212791536913424,0.11432226965680381
355,0.10594512136064146,0.022758252804423118,0.06333218199118196,0.02494461366210506,0.05229404660828469,0.11275788570315613
356,0.1059492786624095,0.021431097179844146,0.06231332125595597,0.024493184968797283,0.04989975516382988,0.11254702363524073
357,0.10593106895090561,0.02622698739229733,0.06196819859125116,0.022476142990761474,0.050239534682086084,0.11318891810090588
358,0.10592908431575412,0.021898354615878503,0.06130762024566685,0.024722354437920084,0.05040518465233726,0.10879532164674319
359,0.10588489335620802,0.030204159221087216,0.06259540830843853,0.024053732196355322,0.051961614881825005,0.11177087784713526
360,0.10585503968276062,0.025598386778253965,0.06270532516592738,0.0238015000922988,0.05019460804054873,0.11411986736493457
361,0.10585993656455613,0.024307314415767944,0.061991727483583066,0.023614275941296736,0.04786407606982805,0.1144968304396244
362,0.10585953959314019,0.02700155295595691,0.06201223846966462,0.024206179955009642,0.048460793391475944,0.1133697420625082
363,0.10580783056765353,0.02937391754358756,0.06318776155739748,0.02576552171789118,0.04911169809662821,0.11468606485767306
364,0.10577863421678371,0.026598350105370438,0.06349574896627007,0.026063706632796245,0.05059165782609644,0.1138318824399175
365,0.10580825952913966,0.028678305170961864,0.0624813002472944,0.02511039857121771,0.05182259535358101,0.11051090681708443
366,0.10581306223373536,0.027158962715542575,0.061990141156209384,0.02633433555805102,0.05111496703946273,0.10852112087111439
367,0.10579441203893816,0.024596476386377873,0.061999129809169974,0.02771050599246719,0.051202011063936376,0.10708487237110632
368,0.10577500231946048,0.028100363975769076,0.06234949881167855,0.02846174093955704,0.051936690994814974,0.10665006450066362
369,0.10574251773270459,0.024561201249402493,0.0634134688170901,0.027134916222511754,0.051534273715414566,0.11157121651334394
370,0.10574214596961165,0.025087599728362865,0.06385518010580793,0.027498490987201543,0.05451548778995622,0.10955156154026603
371,0.10577187691469372,0.02225516490605367,0.06434291445478123,0.026343021799675414,0.05546834065728532,0.1112173809073829
372,0.10575747442028154,0.028323123737331153,0.06473389244714021,0.027346339827470915,0.05411195685630824,0.11274338065764149
373,0.10569899853415092,0.028127818028769323,0.0647727012790941,0.02647576764704644,0.05456592876810477,0.11327640742213109
374,0.10568849937499535,0.02483128497211658,0.06390772654929609,0.02659255595342503,0.052460836804424815,0.11266978689003844
375,0.10562991497654453,0.026239924960898827,0.06410336306446927,0.02818799962631881,0.051647361625920145,0.11247472794116885
376,0.1056207446670156,0.025971086167153653,0.06500834610585972,0.026668025148856838,0.054001435076480066,0.11435557809224225
377,0.1056189377766164,0.02669359920218199,0.06515318410624618,0.028376813516786625,0.05358065612376835,0.11350208267818354
378,0.1056636287382284,0.02802262370277509,0.06405159341469217,0.026583203110257837,0.053099542017176614,0.11247203511664201
379,0.10565380054939595,0.02912836262644631,0.06497589220631246,0.02597779308621364,0.05461704123229357,0.11433284230043013
380,0.10558234803128634,0.024119485404844716,0.06596745425472007,0.026237528059781225,0.055880698570078526,0.11578413613430046
381,0.10554240904865599,0.02525083347081977,0.06532121627963862,0.02516949407687802,0.05330841751963636,0.11748573724240143
382,0.10552505617597777,0.026599837513072138,0.06518153852907367,0.024314856380438822,0.0538658112673255,0.11736394793945665
383,0.1055398392569063,0.027709866212390015,0.06595426024718076,0.02516369569845523,0.05572104839479554,0.1169780366482915
384,0.10558835485336467,0.024854922305325888,0.06480818089302097,0.023645603675594498,0.05737357579816327,0.11340536320530512
385,0.1055781284386444,0.02160271616016787,0.06455586299763945,0.0233048089482422,0.05589186522294772,0.11447091482172843
386,0.10556666698469001,0.026473189672419177,0.06505195119266644,0.021892020097272213,0.05676806688167808,0.116495766599049
387,0.10555237649711215,0.02626436843280858,0.06394583361040675,0.02433808759148046,0.05593232709897201,0.11156708614076773
388,0.10550895712032722,0.02936077906356636,0.06475558904067417,0.023010579329897952,0.05919947524743215,0.11205671254469243
389,0.10547133817594855,0.03062663582975104,0.06468313520689942,0.02297817682876284,0.05892553988103329,0.11214568891090217
390,0.10541684797954004,0.02987482399177468,0.06442989124955682,0.02385878037697197,0.05850856322806005,0.11092233014363839
391,0.10538345967458174,0.028084093841913384,0.064179106687897,0.02496777137184773,0.05888035428943515,0.10868919440240807
392,0.10537354585214329,0.027302942640884474,0.06411609413064351,0.024817049871224173,0.05791524710968109,0.10961598541102523
393,0.10538846641121652,0.025710735002322054,0.06449546710536662,0.025283242649842892,0.05689658616018191,0.11130657250607509
394,0.10537099481867541,0.024715959658767342,0.06535427559005874,0.02549515474427226,0.059024859438102165,0.11154281258780178
395,0.10536875594426894,0.024761255590485642,0.06489174172126681,0.024154495861950235,0.05906829868789954,0.11145243061395066
396,0.10535660635858417,0.029106687881734632,0.0650666348932076,0.02506401862463549,0.058198887839474765,0.11193699821551252
397,0.10533364598366159,0.022968278353551152,0.06515845929808126,0.026006836161010863,0.057294330936100854,0.11217421079713201
398,0.10530335414986122,0.02306264930813262,0.06768162910539195,0.026135104662160114,0.06009137483409377,0.11681840781992192
399,0.10529166547608602,0.02586713948820065,0.06672677310760654,0.02542707681254787,0.06046963553796755,0.11428360697230415
400,0.10526118940582489,0.03057235315158186,0.06746713593197971,0.024968334431688378,0.06192438921607813,0.11550868414817266
401,0.10523607714654844,0.02503281863720685,0.06812536906071738,0.024366416799706758,0.06454948516312652,0.11546020521931885
402,0.1052301781517306,0.026453165482420115,0.06669865693285297,0.024466938093264126,0.062239086216550034,0.11338994648874469
403,0.10521226331511817,0.02530619928866773,0.06789733693563034,0.025747700879878967,0.062272949940251336,0.11567135998676065
404,0.10519886200939602,0.024526746499301866,0.06956938631360812,0.027035039325087978,0.06401832499004351,0.11765479462569282
405,0.10518274510357427,0.0258370294506578,0.06939009517294778,0.02681360852184471,0.0644641791548199,0.11689249784217864
406,0.1051944545073291,0.021330114427024746,0.06835911774248293,0.027343646362728638,0.06473542275511673,0.1129982841096034
407,0.10519805716181423,0.029373871268872934,0.06956182946888557,0.027169647726118757,0.06414072149358695,0.11737511918695098
408,0.10517575638036473,0.024082128078296572,0.06985805115358322,0.026520988689733682,0.06653512567552913,0.11651803909548682
409,0.10511960320452325,0.02512925637393629,0.0707186827794799,0.027089981880895505,0.06692074817597361,0.11814531828157057
410,0.10507650076960305,0.023469492707882806,0.06819263458982044,0.02561334131847282,0.06271791841233353,0.11624664403865495
411,0.10504462778210931,0.022917855774908766,0.06996721880598085,0.025621962447604965,0.06558900610874749,0.1186906878615901
412,0.10504770524086426,0.025491845979151113,0.0695558604481745,0.026071396930345124,0.06329815162324867,0.11929803279092967
413,0.10503663305904408,0.02565375806978842,0.07123900924388372,0.02601319007453901,0.06577074234034794,0.12193309531676423
414,0.10502968857305449,0.028040145279193497,0.07109672379308882,0.026908541520163424,0.06761904376214686,0.1187625860969561
415,0.10503341349422289,0.02669365055236668,0.07091992012555502,0.02471354252802019,0.06850863640026135,0.11953758144838353
416,0.10500158760890993,0.027010847443086843,0.07248744029105501,0.02485796279441917,0.07175354845467452,0.12085080962407141
417,0.10498014567494766,0.022018930970672656,0.07217114410572126,0.024376430985069412,0.07145439369780976,0.12068260763428458
418,0.10497488533118485,0.022680745845017742,0.07192696302229341,0.026209733318838288,0.07088859077067776,0.11868256497736414
419,0.10496289840752376,0.022513535761941834,0.07166470825330383,0.024878403731755757,0.0698734377115028,0.12024228331665299
420,0.10493399616163998,0.026726397521176316,0.07225535112700023,0.026967760717518052,0.06940837937115144,0.12038991329233119
421,0.10495395226806722,0.02649483738319286,0.07419040724524514,0.02739272299871908,0.06914702098552257,0.1260314777514938
422,0.10492234693665775,0.02751865488828909,0.07323806575967619,0.027354910810856822,0.06917222920569703,0.12318705726247474
423,0.10491148175710724,0.024620988422928303,0.07420335836598228,0.02717303640669094,0.0695199634128366,0.1259170752784194
424,0.10491931997378025,0.021801509826989043,0.07417360748207404,0.028377883762915373,0.06986004280286441,0.12428289588044235
425,0.10489924220148662,0.02294947902606251,0.07364731695363053,0.027170844729253133,0.06934363599229507,0.12442747013934337
426,0.10489414989968206,0.026084527595351657,0.0749512968227846,0.029568802286826106,0.06861348252479012,0.1266716056567376
427,0.10488292066108748,0.02521527745078048,0.07303948170060945,0.026532938356247104,0.06795701509701217,0.12462849164856912
428,0.10488896232017914,0.03023142282597414,0.07518686260050524,0.027684899706813967,0.07129447443543863,0.1265812136592631
429,0.10489836033038293,0.024825240594870582,0.07495203807094387,0.02731756147576771,0.07065368140569366,0.12688487133137027
430,0.10489347228505727,0.02633204300951502,0.07374649911007931,0.029237751980022843,0.0687535147347938,0.12324823061542126
431,0.10489230426945317,0.023044677950915252,0.07719692791782067,0.030185925225833736,0.0715414437523162,0.12986341477531207
432,0.10487887477735068,0.021453350275581137,0.07632341246020403,0.029850045806197333,0.06863370125856465,0.13048649031585008
433,0.10486252506136393,0.02525807746556565,0.07684339099319129,0.02891481565837877,0.06987932028702225,0.13173603703417286
434,0.10484814806071556,0.025834277675445407,0.07716184289226687,0.028109089712996308,0.06850189207355456,0.13487454689024975
435,0.10483486258342746,0.024516007262716757,0.07634986137146683,0.028285016459164106,0.06784706621522132,0.1329175014400151
436,0.10480840629762117,0.028400659954397407,0.07584915147947516,0.027414131194236403,0.06867099323208672,0.13146233001210234
437,0.10478866944154001,0.02375091497142223,0.0757615608628647,0.02731187854949916,0.06979739671498758,0.1301754073241074
438,0.1047853155584098,0.021665420730756325,0.0755633157317481,0.0290314481360243,0.06773463763835638,0.1299238614208637
439,0.10478260090127044,0.023933755600228195,0.07508728517779019,0.027591672723421234,0.06795886092369657,0.12971132188625273
440,0.1047868564176966,0.022373467545826427,0.07754713622708238,0.029212121244963456,0.07109782524485389,0.13233146219142988
441,0.10479487766028833,0.02390436939151305,0.07625921165467614,0.028035350392389573,0.06749935868314945,0.13324292588848938
442,0.10481128510134669,0.022773850364711204,0.07494416755565178,0.025917799830908264,0.06861522622692548,0.13029947660912164
443,0.1048080628700594,0.025643314763535405,0.0760466800623914,0.027312776092827427,0.07065785168735463,0.13016941240699215
444,0.10474978713229917,0.0256398841817452,0.07554581752143327,0.026450760271291243,0.06998737573472341,0.13019931655828512
445,0.10477254703907338,0.024341164578036544,0.07577884242823694,0.02595271384223842,0.06966021776567018,0.13172359567680225
446,0.10476606282552878,0.024981426234855397,0.07611424631041051,0.025321316733666565,0.0698658645248917,0.13315555767267323
447,0.10475723171668135,0.023375077951074484,0.07612555745849535,0.024754940393787284,0.0706323045928965,0.1329894273888023
448,0.10473935626400918,0.028448123709240433,0.0741599306940033,0.024416856623938245,0.06977603317152362,0.12828690228654802
449,0.10474571567271976,0.023000258454108934,0.07517249113372061,0.026009749032973272,0.06704775952760275,0.1324599648405858
450,0.10472557754589959,0.02336717832962652,0.07509715377713959,0.02662091266032264,0.06927481643937276,0.12939573223172335
451,0.1047055155301597,0.027382695763312388,0.0736320242941217,0.027070320997362105,0.0689456615473326,0.12488009033767043
452,0.10471212950990681,0.022944092600033408,0.07343528407156108,0.024982524688402948,0.0690772023496309,0.1262461251766494
453,0.10467048197273947,0.022661913554742112,0.07549725157675377,0.024206361373197545,0.07098943349658936,0.13129595986047443
454,0.10466120781810782,0.023375893778616947,0.07543343201120292,0.02406754117050293,0.07132686064196576,0.13090589422114007
455,0.10468662394651669,0.026605800621835794,0.07520983712175495,0.02457932071184232,0.07089222553000404,0.1301579651234185
456,0.10468405743625546,0.02892450520808951,0.07533380428724672,0.023924981154422216,0.0686992917609485,0.13337713994636943
457,0.10469921796789886,0.02611766230710879,0.0762485453022605,0.023714286517423733,0.06985961476540488,0.13517173462395288
458,0.10469170187491043,0.024425572402054025,0.07511695332729125,0.023388366190412836,0.07045953223316499,0.1315029615582959
459,0.10467471791439181,0.01802984186581335,0.0758725160893703,0.023225918529015458,0.07238004741817677,0.1320115823209187
460,0.10464260137021505,0.027326630729336228,0.07642633990907313,0.02255159037909157,0.07229253431857738,0.13443489502955044
461,0.1046383199111854,0.023689585139733068,0.07678166552374069,0.021091067945075443,0.07223418227225614,0.13701974635389044
462,0.10464792668793481,0.020489224651309593,0.07779862574629855,0.02252197891470325,0.0742813191331606,0.1365925791910318
463,0.10465382438871253,0.025054990463286207,0.0768875601860324,0.023536072264092007,0.07318654557155484,0.13394006272245035
464,0.1046485936070679,0.019923590942611986,0.0802198244009429,0.026894662195805084,0.0755564158612144,0.13820839514580918
465,0.10459549127570614,0.023091229670964587,0.0780888516629836,0.024720148959665747,0.07473378983317444,0.1348126161961106
466,0.10456010764767432,0.02729972110605655,0.07665920287808944,0.024342412524384505,0.07137776065168279,0.13425743545820104
467,0.10455074136130328,0.022678649986149543,0.07663576671066032,0.026220159838382738,0.07058994611756693,0.13309719417603125
468,0.10450161245961934,0.025707215090878744,0.07648950383593627,0.026012783273769775,0.06979456776125163,0.13366116047278734
469,0.10449138377446861,0.026148012138494783,0.07500638050249596,0.027503996376734736,0.0686265138418026,0.1288886312889505
470,0.10450077169072641,0.027189394611219293,0.0778549917778626,0.027132736125624994,0.06935913654475905,0.1370731026632038
471,0.10450928568370434,0.02799071416188725,0.07795693254217653,0.026559443623364005,0.06818481390429283,0.1391265400988727
472,0.10449118467720496,0.0257813616068339,0.07851587664425456,0.02741081549726525,0.07144305156105861,0.13669376287443985
473,0.10448927595409191,0.02903266222299777,0.07907549810469391,0.025609064947087902,0.07110922651332047,0.14050820285367335
474,0.10444908766518307,0.025634519116572642,0.0784931923801983,0.026151666710297408,0.07028880619126074,0.13903910423903673
475,0.10443480258058983,0.027747592999647283,0.07803113170848729,0.027235745499501775,0.06645665875520441,0.1404009908707557
476,0.10440647907340979,0.028193934380542806,0.07864119697234707,0.024642595241891177,0.06848920154134326,0.1427917941338068
477,0.10439049950357458,0.02518426762558201,0.07966354022478739,0.026893872419455643,0.0680615725511208,0.1440351757037857
478,0.10435979228494278,0.02760949997031349,0.07965917886820252,0.027631028004412073,0.06658327985730315,0.14476322874289235
479,0.10434302807385684,0.02413495973244202,0.0802771600929698,0.029071410677983182,0.06744944698850498,0.14431062261242122
480,0.10430567892546733,0.021754594704811146,0.07968307814672176,0.025458317728035598,0.06756799572267905,0.14602292098945066
481,0.10430787827464244,0.02041591437125447,0.08111791059244018,0.02576450415068969,0.07023156936817765,0.14735765825845323
482,0.10430370245128917,0.023242615193486308,0.0818910795665582,0.02916443484633889,0.06952371027154233,0.14698509358179337
483,0.10428125612081966,0.025994597584207843,0.08203942844735343,0.03113442124836014,0.07064514190905782,0.14433872218464233
484,0.10429411453452811,0.027429898698183266,0.08125403451197499,0.030354806813443082,0.06903866846744568,0.14436862825503619
485,0.10428806372029535,0.02155869397596147,0.08022190910696916,0.028137354169876713,0.06929927093259917,0.14322910221843163
486,0.1042940612555176,0.026016584777806898,0.08044236998640622,0.029093242397733022,0.06919814877673319,0.14303571878475244
487,0.10429699450000918,0.022322566264883117,0.08039575308936094,0.029865379012432462,0.06870371030973922,0.14261816994591117
488,0.10429635305809933,0.023550925638445564,0.08076116941159293,0.029879030594619223,0.06921745335957834,0.14318702428058125
489,0.10430048073378381,0.024125148078538827,0.08065784918067945,0.030617210468151444,0.06874970694741929,0.1426066301264676
490,0.10430925924147003,0.026097379767296095,0.08127611092528306,0.030699019531355336,0.06845734370416738,0.14467196954032643
491,0.10429792800806396,0.02448279703417079,0.0826680196625774,0.03138857333536084,0.06939007056668738,0.14722541508568404
492,0.1043067963794415,0.027436494532880305,0.08283967201056415,0.030937519844723694,0.07092417455269041,0.1466573216342783
493,0.10429743942720346,0.02694914926179313,0.08295043213740336,0.03181539720183991,0.0710737468406324,0.14596215236973772
494,0.10429289517408626,0.020898025278001775,0.08454670361806511,0.0319222315203463,0.0728109716899524,0.14890690764389658
495,0.10428625516587596,0.028690826248455308,0.08508430643974953,0.029080819797791688,0.0726855824843163,0.1534865170371406
496,0.10431658458058307,0.025004297107204327,0.08356873695334967,0.029065663606649993,0.07233310635157113,0.14930744090182788
497,0.10433825261904565,0.025103301113548408,0.08281770362426231,0.02893111115123099,0.07075104017467208,0.14877095954688382
498,0.10431104723308998,0.020666987973145295,0.08212807918629637,0.028278356445604447,0.0704753115591096,0.14763056955417506
499,0.1042958128068427,0.029481050251585098,0.08169284021363624,0.0291622393124355,0.06990975727952393,0.14600652404894918
500,0.10428914630967553,0.025739058065014933,0.08267387999269983,0.029684204176764477,0.06989284117969122,0.14844459462164375
501,0.10427591735094481,0.02390343150220872,0.08329036069001414,0.029241871343628822,0.07016435876291346,0.1504648519635001
502,0.1043221313228461,0.02595669442237354,0.08265103350724126,0.02871259102440139,0.07175799597060466,0.14748251352671773
503,0.10428921959667356,0.025963718303286035,0.08359444503300881,0.028487778573451535,0.07134024338431717,0.15095531314125768
504,0.10425165319127234,0.02187307544405511,0.08538794598433422,0.029799883422108146,0.07133153395169868,0.1550324205791958
505,0.1042453684837624,0.027706452320009786,0.08450947385716293,0.028506365565326434,0.07362981693053292,0.15139223907562938
506,0.1042704485296194,0.023169965210108782,0.08470886561224446,0.028366433243487713,0.07483499320795368,0.15092517038529193
507,0.10430070207392772,0.0286667749143974,0.08346448872997445,0.030224569540267768,0.07282163903293676,0.14734725761671885
508,0.10431754243214215,0.02694354564426572,0.08307380019563874,0.029897549522121338,0.07163620041977728,0.1476876506450176
509,0.10427815813681987,0.023391104746118902,0.08370636585559647,0.03075556364995981,0.0721381252944173,0.1482254086224123
510,0.10425817442816258,0.027706412376100345,0.08387523485613775,0.030425517612315652,0.07219638588719474,0.14900380106890285
511,0.10427296100007623,0.026665442386316643,0.0846963190368158,0.030747709727891034,0.07219003354998504,0.1511512138325713
512,0.104293001160873,0.02324993965497507,0.08414210606311241,0.030162715217629664,0.07150036951674281,0.15076323345496478
513,0.10431371429039508,0.02734603669101623,0.08537343199236046,0.030795948677585765,0.07451975286827528,0.15080459443122032
514,0.10431450631378185,0.023827724310664586,0.08485674949683177,0.029478968265108152,0.07436646674739415,0.15072481347799294
515,0.10428177977359118,0.023825473291220846,0.0859617374781486,0.02950827409043458,0.07590738291618299,0.15246955542782817
516,0.10429059379822798,0.02342753016221747,0.08566976214678038,0.02841178665971391,0.0719457110930557,0.15665178868757143
517,0.10428613326931042,0.02307368626368746,0.08541131735708124,0.02789977111718333,0.07367754751651122,0.15465663343754918
518,0.10429175292772895,0.025270235453678326,0.08566836313168044,0.02736262703307468,0.0736784538095541,0.15596400855241255
519,0.10429318332054614,0.02421609980396145,0.08691888809561878,0.028680407045762732,0.07226145597745443,0.15981480126363914
520,0.10426610431165906,0.02634566712095328,0.0861454622458229,0.030091181683546134,0.07326654587205912,0.1550786591818634
521,0.10425846076034626,0.027768884868042142,0.08447808604435125,0.030017224414253738,0.07067903494754647,0.15273799877125355
522,0.10426357180821277,0.026405984032527714,0.08522087207435242,0.030099604983731806,0.07318308614857864,0.1523799250907468
523,0.10427155165333098,0.02241573215065201,0.084235386656638,0.029263495156177863,0.07158638024290495,0.15185628457083117
524,0.10423729526626838,0.022706236354478725,0.08325286635151456,0.030153848853521088,0.07165401428836655,0.147950735912656
525,0.10424888991704065,0.02336727788306722,0.08476898908785471,0.029434261460996872,0.07347251006748691,0.15140019573508037
526,0.10423018102092038,0.02513137518568716,0.08745322502990828,0.030419455091434948,0.07725128853886302,0.15468893145942683
527,0.10422772182456828,0.027648577590590553,0.08568027217166142,0.029693769237120915,0.0755147373435091,0.15183230993435426
528,0.10425243303331062,0.02781171136396471,0.08708188705132747,0.029008459594479133,0.07558730536338075,0.15664989619612246
529,0.1042361475870878,0.024193489911766477,0.086257261255392,0.02803778937178821,0.07609431951300039,0.15463967488138733
530,0.10424194460014466,0.024847755436382908,0.08613439267012467,0.02803570539482143,0.07488623196416298,0.15548124065138963
531,0.10425920358643916,0.02698224523228259,0.08732661755085767,0.028683070188886457,0.07512833015803698,0.15816845230564955
532,0.10425213320305711,0.022138079774276696,0.08782581596443298,0.02831125219198703,0.0759657865314247,0.15920040916988715
533,0.1042447485308618,0.025510910127327265,0.09005501479331181,0.03001305646067019,0.0784067907080082,0.161745197211257
534,0.10420805499727329,0.023970685321032463,0.08866467694993037,0.02925957723625207,0.07644407629504014,0.16029037731849882
535,0.10421235243243746,0.024033004320770164,0.08651929843091737,0.028490613093153924,0.07541806205844612,0.15564922014115198
536,0.10423906530195207,0.024433089569008214,0.08597476838491482,0.028884035189308207,0.0756002043446912,0.15344006562074497
537,0.10424011187851348,0.027773917559383323,0.08691347743595282,0.02924575120115551,0.0736121172392837,0.15788256386741922
538,0.104242933834146,0.025897118363045167,0.0880367685614639,0.030014082520283956,0.0733717327918241,0.16072449037228367
539,0.10424178727356835,0.023923186253534217,0.08845408109329447,0.030379016027672748,0.07483753231911074,0.1601456949330999
540,0.10424162639414004,0.024457645131391113,0.08974543930847868,0.030300543914944914,0.07713345564704664,0.16180231836344453
541,0.10424962729006823,0.02347191785500367,0.09099058194584847,0.030084768574595504,0.07819212485873803,0.16469485240421192
542,0.10422403232019664,0.02514651230467616,0.09043709388794831,0.02977638397840954,0.07700235203195634,0.16453254565347908
543,0.10422013344853445,0.022370992685965634,0.09084767456274988,0.0302059235901938,0.0780714237544741,0.16426567634358166
544,0.10424011877701744,0.02645264335877647,0.0909019557563404,0.032842762373635294,0.07969241357111191,0.16017069132427406
545,0.10425301598110656,0.02057301509965424,0.0915077162316078,0.032929708611108596,0.08009012400511412,0.16150331607860066
546,0.10423005396281537,0.02394031722218262,0.09285780021941556,0.0316857491301698,0.07834513362220563,0.16854251790587121
547,0.10425324045078359,0.026689159008709534,0.09288764722142576,0.03114330998240549,0.08215107518921134,0.16536855649266038
548,0.10423004586084625,0.019981971423483555,0.09121730864831869,0.028307058523949477,0.07982651144769769,0.1655183559733089
549,0.10420464853503195,0.022469172791150894,0.09231156641623757,0.03053138129312955,0.08173166568787651,0.16467165226770666
550,0.10418609994045142,0.02378041319845389,0.09288437918878455,0.0315664392870706,0.08350422586546591,0.16358247241381713
551,0.10417032772928017,0.021949446304215248,0.0932649268895275,0.03115907469520044,0.08607734639725916,0.16255835957612286
552,0.10411775300587038,0.025333895124315286,0.09089848524933278,0.030899123280633514,0.08228135824257853,0.15951497422478628
553,0.10410290631082204,0.01815296139422087,0.09127866523016565,0.03120361195822582,0.08017561207377132,0.16245677165849978
554,0.10407146291882212,0.027148762228072706,0.09174004533072895,0.03047773427904541,0.08100684657822778,0.1637355551349137
555,0.10406718037272694,0.02447768086712928,0.0928559674229749,0.030650444434102444,0.08114085098601917,0.1667766068488031
556,0.10409168104599906,0.024612464775776614,0.09186024451648596,0.03115395780113437,0.0773468097120979,0.16707996603622555
557,0.10407466444338406,0.027226857815430994,0.09303713359481519,0.03079063525157876,0.08048941340341045,0.16783135212945635
558,0.10407300794321152,0.021589722901189115,0.09460071621419308,0.03164032989083742,0.07822645122721544,0.17393536752452637
559,0.10405290422039429,0.025325676996682648,0.09461162950586045,0.03196978539698584,0.07963899969124975,0.17222610342934574
560,0.10403885519828643,0.023894442202683355,0.09463707697649476,0.03188321615333274,0.08085902228028671,0.17116899249586484
561,0.10405019595825209,0.02249468802003487,0.09541898802333999,0.031013786090446874,0.08134105062421029,0.17390212735536278
562,0.10400789073115038,0.02434162073931466,0.09664833800576893,0.032312464166930385,0.08133434580330594,0.17629820404707044
563,0.10398430086496437,0.022952838915341705,0.09638709197354242,0.031529636152773155,0.0830898225080725,0.17454181725978163
564,0.1039863298839821,0.022286861090509473,0.09714691378922008,0.030080874077376408,0.08221271114483716,0.1791471561454467
565,0.10396169481735344,0.027388378856564092,0.09544757200692479,0.03132998773650574,0.07968373158608563,0.17532899669818297
566,0.10394326755538667,0.022593779168830486,0.09452797902786622,0.03151634807272987,0.07887334756177049,0.17319424144909829
567,0.10391312413077308,0.02736108006719757,0.09428924664437338,0.03393647124589605,0.07828215580070802,0.17064911288651607
568,0.10389115506234076,0.019602929856438897,0.09193139051232922,0.032627060958120374,0.07802296390832274,0.1651441466705446
569,0.1038654142857989,0.02194727952034309,0.09241649274675277,0.031427350970749154,0.07938220491939094,0.1664399223501182
570,0.10388434448122195,0.027487724038134338,0.09078818812754758,0.03052984049815343,0.07932146474926481,0.1625132591352245
571,0.1038825802066892,0.02438601562391506,0.08972433333500757,0.029939094401417565,0.07837670769657024,0.1608571979070349
572,0.1039240343786047,0.02486820199571407,0.09022365772438112,0.030235200659161875,0.07850327911545361,0.16193249339852792
573,0.10388815095958792,0.023990834128478314,0.09003658110986952,0.031096106870947462,0.07928086078454678,0.1597327756741143
574,0.10387048355463671,0.02173175481461194,0.0883399749720188,0.028213023017948306,0.0760316433100095,0.16077525858809855
575,0.10387877567726987,0.025609840501785,0.08991399525075895,0.02891930191452419,0.07779195776075519,0.16303072607699745
576,0.10384883486447173,0.021762197619539344,0.0871071293264431,0.029003021852606285,0.07371310075097326,0.15860526537574976
577,0.10386961242706884,0.026690204555249467,0.0882562483854917,0.0293404594764988,0.07412479773987135,0.16130348794010496
578,0.10382154409204987,0.022033763905161163,0.0914220128045298,0.02943841034725074,0.07349044999338039,0.17133717807295828
579,0.1038065646117688,0.02374626190182135,0.09222667419125381,0.02999925362993505,0.07558912996651314,0.17109163897731325
580,0.10380063482919773,0.028681731456865592,0.09244092532235047,0.029441993035960283,0.07458287103306538,0.17329791189802576
581,0.10381679152428551,0.024021065578738808,0.0927883236902483,0.03188301364054492,0.07236574634223696,0.17411621108796302
582,0.10383028297816611,0.02462454601941775,0.09034385911843157,0.029906406192570265,0.07448394165758883,0.16664122950513566
583,0.10383357854298188,0.020504983525002848,0.0905607502974298,0.02978303763758188,0.07348985047359656,0.168409362781111
584,0.1038417214009113,0.02147005211400243,0.09069943938071576,0.03042836959904275,0.0717099981922582,0.16995995035084632
585,0.10382922983972984,0.023827525738974602,0.09047866327364767,0.03056987139810406,0.07231376127841158,0.16855235714442743
586,0.10382812017635724,0.022885452262000557,0.09108034461973742,0.03083280608778315,0.07262609124597712,0.169782136525452
587,0.10384944597479337,0.02223523896898557,0.09027786647435763,0.032310613470177135,0.07085393391311398,0.16766905203978183
588,0.1038378363787082,0.023361010931197832,0.09117476218270458,0.03241165267429184,0.07401424745048014,0.16709838642334168
589,0.1038403852704639,0.027130306039446685,0.08975913874059062,0.0302527067361613,0.0745578644800351,0.1644668450055754
590,0.10384281554639108,0.022540225096412923,0.08849466161350376,0.03138026099127119,0.07311026677636394,0.16099345707287613
591,0.10384674071569168,0.02428740604913616,0.08970777249788932,0.03270557695908153,0.0742690056586773,0.16214873487590906
592,0.10381832478089553,0.021551364044951667,0.08868870780364771,0.03061325239614295,0.07289600027089563,0.16255687074390446
593,0.10382706215785915,0.02287471270461198,0.08928733416281874,0.0318770448904239,0.07363313567086437,0.16235182192716793
594,0.10382088446613975,0.02427885244662215,0.08827019521730607,0.031244509347409098,0.0712165023169374,0.16234957398757163
595,0.10382587305837689,0.025040964806995403,0.08909491042816846,0.031281536699380476,0.06992825084351702,0.16607494374160794
596,0.10382932596794901,0.024834406339159624,0.08941685798603502,0.03087674723641191,0.07118590196063766,0.1661879247610555
597,0.10383231533117916,0.0270670228400256,0.09033118756667943,0.03346849599916821,0.07439235849790712,0.163132708202963
598,0.10383199142399525,0.02320214238096747,0.08973077403837802,0.03205220559507599,0.0719467989785032,0.1651933175415549
599,0.1038080343194227,0.023204520584908125,0.08873284946641256,0.031359594162830316,0.0692499848387429,0.1655889693976645
600,0.10378379465039507,0.025109834533882755,0.08895334839603852,0.0307638200211809,0.06941343485893597,0.16668279030799873
601,0.10375811848598691,0.0221673736817907,0.0883494357408773,0.02980693686729109,0.07033333885162966,0.16490803150371108
602,0.10376549311270034,0.024543364976167947,0.08770866740848175,0.02935055299048939,0.07043928730439944,0.16333616193055636
603,0.10374788403973706,0.022039940887091932,0.0893076752273678,0.030120976704074275,0.0706061115388509,0.1671959374391782
604,0.10373817711474183,0.02199894253538985,0.08793381985235821,0.030502910425517116,0.0706900878969504,0.16260846123460707
605,0.10373479567732151,0.025448710534703954,0.08782105041340296,0.029609500569277206,0.06984893600364286,0.1640047146672888
606,0.10372999382868699,0.024110653455092616,0.08810130393351283,0.029649089126245743,0.07019578144833001,0.16445904122596272
607,0.10369456968577535,0.024721464842353668,0.08769496568405016,0.029022755016929958,0.073464719631295,0.16059742240392558
608,0.10368553795961158,0.021145077631058495,0.09032241779830237,0.02943252400364148,0.07398050507904883,0.16755422431221678
609,0.1037324181266562,0.029245438470638156,0.08869141874025664,0.02815046086622971,0.07275536400215024,0.16516843135238998
610,0.10370326449062427,0.02031999605788779,0.08764835012130441,0.02885063872530138,0.07063334562007013,0.16346106601854174
611,0.10371689040413207,0.02444315992382465,0.08997805528508085,0.029203888823453768,0.07263283444818293,0.16809744258360582
612,0.10368517761269465,0.023912279118211265,0.08847625551862738,0.027960424756404426,0.07118210361229262,0.1662862381871851
613,0.10367347847390039,0.022902982627092155,0.08990999270285675,0.029195447047666315,0.07468913582791852,0.16584539523298542
614,0.10366318170569205,0.024743264543386042,0.08782549613807325,0.029166563186852942,0.07110145445898992,0.16320847076837683
615,0.10365734025281936,0.023300584544848905,0.08803864230666213,0.029063696176936847,0.07390367899614683,0.16114855174690265
616,0.10363821507604529,0.026483407117986538,0.08772890107791212,0.0277576387287309,0.0736218745314378,0.16180718997356772
617,0.10365359018354794,0.022727068384214438,0.08776373870516826,0.0266098608020155,0.07355804702045116,0.16312330829303814
618,0.10366105360714165,0.02273798461358027,0.08798095382297282,0.02624345341947396,0.07497142740524251,0.16272798064420202
619,0.10365346660476248,0.022511971905950577,0.08724975745932202,0.028488302639819125,0.07321927132974931,0.1600416984083976
620,0.10362414038487047,0.02656754329676604,0.08761010254919649,0.029392823547412104,0.07170089628335304,0.1617365878168243
621,0.10361240880377846,0.025552002362721572,0.08891542656701813,0.027986164453510994,0.07509399143754823,0.16366612380999515
622,0.10356629807702976,0.022129385303898783,0.08940522903052257,0.028295320038558176,0.07475567974362032,0.1651646873093892
623,0.10356488366452705,0.01998002208904383,0.08790723160362425,0.029519139738480048,0.07444276556588202,0.15975978950651062
624,0.10354219020904527,0.02642345073948245,0.0888677779647956,0.030632963874532737,0.07412157960114094,0.16184879041871308
625,0.10352697374358406,0.03054305067965018,0.08880906876213471,0.031101836819626118,0.07560253490033761,0.15972283456644032
626,0.10352725307431579,0.021170109664028384,0.0885067794879976,0.02967681546224629,0.07647414109997203,0.1593693819017744
627,0.10352609704039631,0.025378165338107397,0.08943852269667273,0.029327913735818164,0.07795311445700079,0.16103453989719915
628,0.10352204791448912,0.022626741621013434,0.09209965953881924,0.031219854564885057,0.07860820538418917,0.16647091866738348
629,0.10353683294561677,0.024930293556052457,0.09123322044538464,0.028250131224268473,0.07657496572697747,0.1688745643849079
630,0.10351997984222515,0.02252415792507815,0.09169857402080413,0.02805380385122232,0.07827197589960365,0.16876994231158637
631,0.10350525935561382,0.024830085863337185,0.0920547690467884,0.02861265789080689,0.08030322829072595,0.16724842095883238
632,0.10348133400698378,0.026936966996489908,0.09357628088000687,0.029121716885927802,0.08213366869191983,0.16947345706217296
633,0.10347394568733378,0.023490528395756938,0.0941273657147015,0.02972608291888398,0.08171501320451188,0.17094100102070872
634,0.10347211448191672,0.02455578467165794,0.09367874717164829,0.031272487743974384,0.0827847704239776,0.16697898334699288
635,0.10346518029843896,0.023007781188373582,0.09282840840294744,0.030074965784243245,0.08026972937042628,0.1681405300541728
636,0.10345329567176172,0.023000598198557678,0.0921787749436316,0.031035712050196288,0.07914593309842978,0.1663546796822687
637,0.10347922172237309,0.02484345812914384,0.09368681954046645,0.03059590975231541,0.08361466170013183,0.16684988716895208
638,0.10345335323644538,0.025304136571810732,0.09418222806646787,0.030607070913362698,0.08464858237199648,0.16729103091404438
639,0.10345914185476221,0.025945509338766284,0.09444928833615451,0.030338376511664142,0.08506102178812999,0.16794846670866945
640,0.10346769355528225,0.025587124891683743,0.0935401554249562,0.02904739387577807,0.08296794621381966,0.16860512618527085
641,0.10345092199702366,0.026420945830303254,0.09428252801427332,0.0282834505371606,0.08448267266849555,0.1700814608371638
642,0.10340299272885048,0.026109805934931982,0.09467707255370389,0.02838642176279967,0.08591619072681562,0.16972860517149632
643,0.10339032857606484,0.0251323683165963,0.09361824480869066,0.028951775793544708,0.08266701320509245,0.16923594542743484
644,0.10336529867312301,0.0272142654465839,0.09184732182883072,0.02800414651099086,0.07953080683332346,0.1680070121421779
645,0.10334350059995301,0.02647630175853071,0.09156015084947051,0.026336175462864018,0.08071607291727076,0.16762820416827673
646,0.1033180171821065,0.01998592179919823,0.09199036261802547,0.026627153162038075,0.07996423414806753,0.1693797005439708
647,0.10331682357471882,0.02192012353406641,0.09495669888176171,0.02899382344102772,0.08296583543413791,0.1729104377701195
648,0.10332041261873084,0.02204982851873221,0.0944618546182803,0.029189951117814153,0.08502167371595834,0.16917393902106836
649,0.10329227498055589,0.022124427423978608,0.09428816163066857,0.03018473471648915,0.08355960610556425,0.16912014406995232
650,0.10328807028862577,0.024123240938211905,0.09478766238667342,0.0294519956192355,0.0872657320382236,0.16764525950256112
651,0.1032831511850537,0.027577479951886037,0.09294669969563232,0.02888061523024277,0.08625771477965806,0.16370176907699613
652,0.10328838983119241,0.021566418214125433,0.09359970062724905,0.03126385445808514,0.08681810553276009,0.16271714189090195
653,0.10327993586078082,0.022969321882322143,0.0926991425849651,0.030557598028534926,0.08708839007887025,0.16045143964749012
654,0.1032637329969719,0.02378603966640993,0.09319163335722896,0.027717636454434886,0.08723770050860653,0.1646195631086455
655,0.10326091179048325,0.020097206988031642,0.09191186875952205,0.029308302090784406,0.08381103106152414,0.1626162731262576
656,0.1032241752330659,0.022478690586248257,0.09402497349448681,0.029291608206682685,0.08787850264778968,0.1649048096289881
657,0.10323598408197547,0.023860186747195537,0.09371857352350749,0.029978127140913677,0.08702701975854807,0.16415057367106067
658,0.10322631013503841,0.02170747045352889,0.09406193828700887,0.029575804698722574,0.08710354057804635,0.1655064695842577
659,0.10323363925470352,0.02458786193091296,0.09366013740575677,0.02966373107900994,0.08537069793672729,0.165945983201533
660,0.10324638607227078,0.023292847140143038,0.09520541177873303,0.03034482265846156,0.08749307969065608,0.16777833298708147
661,0.10325546571161952,0.021915497213353483,0.0947062945370682,0.029353032910856242,0.08631749791649355,0.16844835278385484
662,0.10323002472398816,0.02939855372578484,0.09618107742914121,0.03138445214310389,0.08592520773013276,0.17123357241418702
663,0.10322435689550145,0.02529152197675757,0.09651267554312389,0.03165046682890342,0.08809312234611416,0.16979443745435407
664,0.1032444320214103,0.02255982214625314,0.09516203317936914,0.03023651553920634,0.08576153659507292,0.1694880474038281
665,0.1032217516076759,0.02836883310684223,0.09385189687717674,0.030048191723594988,0.08628210602118132,0.1652253928867539
666,0.10321817391685259,0.026851950634249687,0.09395206092782565,0.029645227553935987,0.08442403316958397,0.16778692205995702
667,0.10322714900441617,0.022130128820303352,0.09324542064633157,0.03069080950563296,0.08390021966546819,0.16514523276789356
668,0.10323416938489226,0.02140428901808279,0.09299021004775318,0.03099758924305804,0.08561896486768879,0.16235407603251267
669,0.10320299880979315,0.025179522998724467,0.09445662803920314,0.03253130186899881,0.08635911120634712,0.1644794710422635
670,0.10320625061606661,0.025867750742630653,0.09473880144055315,0.03285684614735791,0.08696697590069655,0.16439258227360495
671,0.10318372633632285,0.024403463145185555,0.09531443556750106,0.03379973935344224,0.08946342405403755,0.16268014329502337
672,0.10318617764391953,0.02556997816257248,0.0954094296107402,0.033894692067433556,0.08617876905454853,0.16615482771023854
673,0.10318056406159687,0.02658469526352126,0.09670252171468116,0.034769369027924296,0.08586114285355848,0.1694770532625607
674,0.10318115449840684,0.025761115373492013,0.09783533487896512,0.03582661812771411,0.08825581195480572,0.16942357455437548
675,0.10317410708596261,0.023917441902694347,0.09655967468296504,0.03535464803666037,0.08708120042863982,0.16724317558359492
676,0.10317578387756736,0.022961153871022662,0.09632329855096193,0.036192598010168484,0.08472268767449577,0.16805460996822152
677,0.1031692969099328,0.027324622126199898,0.0948160281327491,0.034317520437879535,0.08426394724697275,0.16586661671339498
678,0.10317022344916789,0.02438780568835406,0.09407338895664612,0.03368167310462625,0.08354924723827194,0.1649892465270401
679,0.10317863232827294,0.0300064599137292,0.09281535795760647,0.03477803050938308,0.08257570069966487,0.16109234266377145
680,0.10314762622391269,0.026996807432713123,0.0916957312429874,0.03327141492065776,0.08116307563910354,0.16065270316920088
681,0.1031567732760139,0.021914369756996843,0.09199129470673681,0.0321139855690148,0.0831220219608498,0.1607378765903458
682,0.10311751309502955,0.022540148930243496,0.09282713572430931,0.032960174646899,0.08439389829106582,0.1611273342349631
683,0.10312474768898625,0.020432722467511318,0.09244856422242581,0.03201703924043504,0.0838017082519092,0.16152694517493316
684,0.10310949601520587,0.027359261819896397,0.09113714859037005,0.033053843114158106,0.0831384000754109,0.15721920258154112
685,0.10312162710011478,0.021515392275923393,0.09080840744268,0.030100082226494403,0.08180401084457274,0.16052112925697282
686,0.10313732971285502,0.025921009273247,0.09224184016470126,0.030888729947311865,0.08403443417813047,0.16180235636866147
687,0.10314245846374305,0.021477702368743842,0.09065578991435624,0.028773517281630412,0.08129822028511662,0.16189563217632172
688,0.10312709347247204,0.02092897896035144,0.09178096981187314,0.02943846322825373,0.08270880515676861,0.16319564105059706
689,0.10310952196470886,0.02400650381183058,0.08898923613260125,0.02760318765033704,0.08174254351962608,0.15762197722784066
690,0.1031078339697618,0.02383345873032935,0.0896273034332699,0.02713698464297944,0.08429808875959398,0.15744683689723624
691,0.10308410699504608,0.0207988928353076,0.09057497675396296,0.027330280114359208,0.08390938232560795,0.16048526782192166
692,0.10309285770067401,0.019585062291849125,0.09090617854358898,0.029334608279836638,0.08387978946241278,0.15950413788851753
693,0.10306316435250501,0.022879683946964997,0.09128032186832039,0.028740790838298284,0.0847418369632217,0.16035833780344114
694,0.10305295407535256,0.025040766153784567,0.09351443777088835,0.030718525077362908,0.08521056517929831,0.16461422305600376
695,0.10304063438516137,0.02283621081024293,0.09197944552521807,0.029018531341596883,0.08512549434943398,0.16179431088462332
696,0.10302846823548162,0.023068344460407966,0.0925471279815879,0.02814197301564301,0.08688250268584626,0.1626169082432744
697,0.10302733665602794,0.020364245065673716,0.0904448767303461,0.028405142809650157,0.08567499157691746,0.15725449580447068
698,0.10303652483319362,0.02344226154418738,0.09072395227369792,0.02838866452941843,0.08657537604467644,0.1572078162469989
699,0.10300728799887615,0.028236618326972725,0.09083404662021309,0.02806899060458723,0.08759205101378002,0.15684109824227196
700,0.10299671951351293,0.026209721021859263,0.09189927917026482,0.028287739414082688,0.0892515056586178,0.1581585924380939
701,0.10301917134968495,0.025408466316653576,0.09170454238669193,0.029864715188466513,0.08613967127563038,0.15910924069597882
702,0.10300625399860354,0.022231300395607435,0.09100772372296408,0.02941283866741348,0.08674113247861062,0.15686920002286805
703,0.10299232987049632,0.02461932876700163,0.09190425282040043,0.03085330101975644,0.08624892044641994,0.15861053699502492
704,0.1029990194310757,0.02516276170880369,0.091651232170296,0.03066158822596189,0.08568542328719501,0.15860668499773103
705,0.10300691675166845,0.025049795571229307,0.0917231796164311,0.0315928562935721,0.08364004840690173,0.15993663414881942
706,0.10301468108343657,0.022786801717896543,0.09009662072143487,0.030440854143016234,0.08386392957425044,0.1559850784470379
707,0.1030011300160031,0.019895780892819185,0.08934080814706755,0.029369914148386213,0.0819060625183388,0.1567464477744776
708,0.10300301958898768,0.02489021943119595,0.09029894633797812,0.029164028929741233,0.08382112405456538,0.15791168602962774
709,0.10298564790208385,0.025397855441223735,0.0905681805957878,0.03088204565436389,0.0831245555661399,0.15769794056685962
710,0.10297280335263909,0.027067547898551637,0.08919473267127659,0.030840626909562335,0.08329723486134492,0.15344633624292248
711,0.10294332067519367,0.025673974345034857,0.08981567987815331,0.03049820585063235,0.08376315533198515,0.15518567845184233
712,0.10294623636385565,0.023124885549608606,0.09112086506563381,0.030783239285234906,0.08506535444196175,0.15751400146970473
713,0.10294513481453409,0.026800776336298054,0.09225789887339722,0.032753921625690255,0.08571398650494927,0.15830578848955207
714,0.1029640653294074,0.023980540996641056,0.09308391066203643,0.03338935794661448,0.08771308243634332,0.15814929160315144
715,0.10297309167501445,0.01913599801057002,0.09184599907753466,0.03387466963852539,0.08372854547886537,0.1579347821152132
716,0.10294712910832578,0.022612163436872963,0.09351304876601163,0.032318039128597285,0.0865160100195257,0.16170509714991185
717,0.10296436660441098,0.021969976849827422,0.09366412585408947,0.03351175941047547,0.08834292929852015,0.15913768885327276
718,0.10293277477611157,0.025666669332329185,0.09391977142709766,0.033083534155997844,0.08991591430394652,0.15875986582134863
719,0.10291730609401163,0.02659245977721685,0.09375620516399338,0.032997908211206045,0.08734555358395615,0.16092515369681798
720,0.10289834015796992,0.021192280186664643,0.09301566732469688,0.033253225896744426,0.08526412150953878,0.16052965456780738
721,0.10291132410649118,0.02498724088105978,0.09413101913573081,0.033034190482476286,0.08667126029637792,0.16268760662833823
722,0.10291584902250443,0.02640618002517182,0.09490700054942379,0.03369124587226034,0.0909020274550211,0.16012772832098993
723,0.10290858502080016,0.02201448532590422,0.09313251304858558,0.03286498580122179,0.08946118235442328,0.15707137099011165
724,0.10290117660907831,0.02463425152333642,0.0960831030714956,0.03428521936472564,0.09224671979649061,0.16171737005327053
725,0.10290190081838836,0.02130897981573066,0.09625635072519988,0.03292568790665833,0.09414623697284216,0.1616971272960991
726,0.1029021590060661,0.021689380990953314,0.09320126605092202,0.03237458111455885,0.08984297114189925,0.15738624589630792
727,0.10291435050074102,0.02194155947277137,0.09386842783509274,0.03489415272239328,0.09141648275453353,0.15529464802835136
728,0.10292518551271243,0.023784964571058467,0.09471223386808353,0.03379061475212621,0.09020505930426542,0.16014102754785886
729,0.10292145669653342,0.025243664472956357,0.09383980265023724,0.03403357793877813,0.09004143266357015,0.15744439734836338
730,0.10292178632231723,0.02278437660769674,0.09362272539557805,0.032279349521053886,0.08954310496785965,0.15904572169782058
731,0.1029308121883485,0.023132594328690533,0.09287162392568785,0.03386387129871403,0.08991009661526075,0.15484090386308866
732,0.10294341495677582,0.022895028003771502,0.09560870440652408,0.034328865849708484,0.09154094586941838,0.16095630150044532
733,0.10294421412525935,0.02159675234375637,0.0954945160495724,0.03341117519720486,0.09300250288438806,0.16006987006712428
734,0.10296942634827634,0.025829667604906213,0.09474032982033286,0.03277045282896007,0.09153755586213383,0.15991298076990465
735,0.10297813434487861,0.023466444291382595,0.09464321836415439,0.033081951018755267,0.09314256952668377,0.15770513454702415
736,0.10297104723574413,0.022378891248822474,0.0928309547454628,0.032297297122825246,0.08929631326403584,0.15689925384952727
737,0.1029672568399466,0.022984129793648576,0.09056152373386987,0.031857340269771627,0.08871723304318921,0.15110999788864873
738,0.10299670307114953,0.028220388739643974,0.09032822040804686,0.03234083835876431,0.08651334769380471,0.15213047517157155
739,0.10297738674248015,0.0243054379717652,0.09297965588466495,0.03268324937549497,0.09028319208048607,0.1559725261980138
740,0.10298572557068537,0.02718085068916115,0.093726121788205,0.03294449429911366,0.09186003639419833,0.15637383467130295
741,0.1029827245183084,0.029319834323019347,0.09305003080755095,0.033655368925184205,0.09027078241097783,0.1552239410864908
742,0.10297122560834866,0.025673109319659135,0.09317327470757043,0.03258441534877727,0.08914575002567279,0.15778965874826126
743,0.1029741980717214,0.019831950304699753,0.09429744443282478,0.03259297561391758,0.09255840637620463,0.15774095130835217
744,0.10296971314789102,0.022019305300547607,0.0940606743952253,0.03474846999460398,0.09036441364918753,0.15706913954188434
745,0.10294425889276186,0.024010422465511428,0.0930025934198805,0.034110906534533234,0.08969402042146143,0.1552028533036468
746,0.10292458765528582,0.026086606694091265,0.09193078969282832,0.03423610577119098,0.09105892418459649,0.15049733912269747
747,0.10291690144147189,0.021197885327248863,0.09155148404616617,0.033258556643871146,0.08945385553236775,0.1519420399622596
748,0.10288887714951044,0.02514882610966653,0.09191884775573653,0.034863476095903595,0.08997113932195626,0.15092192784934966
749,0.10286310784305647,0.02358376730530449,0.09203968041192222,0.0327797485586744,0.090120185234154,0.1532191074429382
750,0.10285332051669498,0.022812136564397196,0.09120979313945189,0.031101021469972578,0.0917482897565877,0.15078006819179532
751,0.10286225439158152,0.02503468315093977,0.09248887004416839,0.03405058637252399,0.09020306997419202,0.15321295378578909
752,0.1028571849361314,0.023841372642244563,0.09178190555650177,0.033010405192207985,0.08695253679100584,0.15538277468629147
753,0.10285934276278837,0.023597707182902848,0.09306951007818813,0.03460715230508746,0.08915792849281291,0.155443449436664
754,0.10284836421397782,0.024919022514519096,0.09160849585714924,0.032282245824473324,0.09189043205761215,0.15065280968936223
755,0.10284143690300364,0.023007315112221306,0.09068569417788536,0.03159042655835815,0.09090602251229966,0.14956063346299825
756,0.10282177370524638,0.021769368630892606,0.0934190279989228,0.0334258554314368,0.09297691183479974,0.15385431673053185
757,0.10281229338389393,0.025624305245236945,0.09368518409467841,0.03338380860100176,0.0916098022465467,0.15606194143648672
758,0.10281102568862498,0.019394570803446597,0.09416344268674794,0.03394552315408732,0.09008708921808771,0.15845771568806877
759,0.10280855145593829,0.02114483953950784,0.09293225931047379,0.03273911100222576,0.09041510862589952,0.15564255830329599
760,0.10282949044004594,0.0192174051705706,0.0905936989460065,0.03207667800387147,0.08933823422906507,0.15036618460508286
761,0.1028266553675175,0.019592491574173344,0.09004045962045587,0.03349284156797018,0.08880342442341041,0.14782511286998704
762,0.10281797329987051,0.02432762334037965,0.08927534381466454,0.03197728832747477,0.08606685515251701,0.14978188796400183
763,0.10282691818706165,0.02041631181143302,0.08928490292059403,0.032071602145222484,0.08771159169734354,0.1480715149192161
764,0.10282911109348951,0.018507096135797627,0.09032893578122655,0.031623608063861906,0.08777246109186267,0.15159073818795515
765,0.10280515018848964,0.020647401139425856,0.08893069226720608,0.03182373480198849,0.08394877737726723,0.15101956462236246
766,0.1028007925536662,0.022116411892929892,0.08989918553179506,0.0315374781769023,0.08538991585140926,0.15277016256707363
767,0.10280737488619766,0.021885348941425332,0.0895045245416079,0.03152402569325627,0.08515790961774229,0.15183163831382515
768,0.10278460235107383,0.02427794578755362,0.08874751632873837,0.030545295180690935,0.08258144489779388,0.1531158089077303
769,0.10279008963362758,0.018178013143259376,0.08682050532423444,0.02846939978960106,0.08133180332857308,0.15066031285452916
770,0.10278892029034752,0.0243255056277995,0.0865317492334768,0.02810188110803102,0.08032033722129285,0.1511730293711065
771,0.10277697830971368,0.02002143921208772,0.08904337496558827,0.02833012317539441,0.08292385086818707,0.1558761508531833
772,0.1027759339110556,0.02535440547675188,0.0890566005574154,0.029132046607593404,0.07907443028447242,0.15896332478018038
773,0.1027816152809993,0.025059506921467634,0.08966274269007886,0.027672761286090492,0.0788930154806291,0.16242245130351698
774,0.10277547985396396,0.025490362744385858,0.09118521240992575,0.02820046547988663,0.08116392736061523,0.16419124438927538
775,0.10276952342166103,0.022061848338997585,0.09013786711013423,0.028120250824290045,0.08243611073566284,0.15985723977044977
776,0.1027618778627192,0.023069763358576963,0.08971481484149277,0.02920694069014384,0.07800970084525717,0.16192780298907733
777,0.10276926182140499,0.022389165053102435,0.09169267441332658,0.028008720023564325,0.0820966990701684,0.164972604146247
778,0.10279087777471768,0.02100664610218598,0.09282537508644603,0.029134685787766203,0.08391887800831853,0.16542256146325332
779,0.10277762228574845,0.02211123098371432,0.09263936135859503,0.030448816006748907,0.08368555402201824,0.16378371404701791
780,0.10276617165343417,0.02019786051223258,0.0926358914223723,0.02845790171700503,0.08236082589649583,0.16708894665361598
781,0.10277528032545712,0.02596642026493638,0.09140168052429248,0.028058227769108532,0.08233542869687137,0.16381138510689752
782,0.1027570073035809,0.01899570103107688,0.09182274363286189,0.02966250239653957,0.081027119308573,0.1647786091934731
783,0.10274377653078563,0.025056243308803367,0.09219790216052605,0.02846485228107002,0.08169019050221545,0.16643866369829263
784,0.1027472171236396,0.02232765255627791,0.09314829143868374,0.03032375259708382,0.08090793313179794,0.1682131885871694
785,0.10274241714142464,0.02355128636482875,0.09418731643788081,0.030212687759189463,0.08295225755292397,0.16939700400152896
786,0.10274512965821261,0.025122562298543375,0.09354677054121135,0.029691371378965388,0.08431970475445909,0.16662923549020958
787,0.102750871244459,0.024187979904726077,0.09370623938665827,0.02841019745291174,0.08391247092303677,0.16879604978402624
788,0.10277442917546452,0.024995693984073603,0.09457783688405637,0.03006161554748019,0.08300255155298503,0.17066934355170385
789,0.10274767250397586,0.021099977212423685,0.09429002559452523,0.029814945909500186,0.08418278560395276,0.16887234527012276
790,0.10274550360639735,0.024262902234329267,0.09440584340610703,0.030493829983988714,0.08441726482840518,0.1683064354059271
791,0.10273823226633154,0.02166168166993295,0.09335650686853372,0.030269834091373387,0.08319069722109208,0.16660898929313564
792,0.10273469304749187,0.01967814604778285,0.09406058100829147,0.03038271754221707,0.08472351877681769,0.16707550670583962
793,0.10273148082101821,0.023810989538682766,0.09494307265569225,0.029478391603084228,0.0892822816551544,0.1660685447088381
794,0.10273407370180855,0.024519729200091527,0.09628839175201928,0.02872356309168165,0.0886017238820415,0.1715398882823347
795,0.10274266474631776,0.019860840361812793,0.09435590254838781,0.027692850744587286,0.0866694730527302,0.16870538384784586
796,0.10276547612898344,0.023035465426107425,0.09519727558779825,0.027750681803119872,0.08778793446201333,0.17005321049826153
797,0.10275971029463335,0.025148339910578837,0.09567686061072868,0.028079410172966536,0.08885629381374366,0.1700948778454758
798,0.10275747118684524,0.018169402216993303,0.0952219839128756,0.027966429863521033,0.08751703311388635,0.1701824887612194
799,0.1027520016247945,0.02671830641168475,0.09557944105739144,0.028677656407818605,0.08708272565136196,0.17097794111299375
800,0.10275347975982255,0.02109584318741142,0.09587529738787257,0.02949086516037431,0.08657917707729038,0.17155584992595302
801,0.10273436100933678,0.022440857502341142,0.09578856255197345,0.030308458483204896,0.08644564094991676,0.1706115882227987
802,0.10272277043495619,0.02303052388228672,0.09376953409575897,0.028908656307651888,0.08421623082428041,0.16818371515534464
803,0.10271274352051094,0.02575561208660042,0.0940328896238005,0.030799058512730418,0.08452467416202546,0.1667749361966456
804,0.10273092666740907,0.021043832577808477,0.09428803839891416,0.030132370982108955,0.08570920873560726,0.16702253547902618
805,0.102722346213104,0.020889692911474578,0.09217185465189126,0.028851521296053104,0.08182374620553794,0.16584029645408271
806,0.10273211228110389,0.026687642878120605,0.09479089531725256,0.030524868643593373,0.08384927849185517,0.16999853881630908
807,0.10272102005787692,0.019794358023416996,0.0936476418287345,0.03046760254487291,0.0825704892767423,0.16790483366458828
808,0.10270388266913276,0.02258907448597201,0.09480828169194275,0.030325748952199732,0.08176085191439145,0.17233824420923707
809,0.10270241878795913,0.024498430412038544,0.0951306564245531,0.030779832601695156,0.08386720603376005,0.17074493063820403
810,0.102705458830273,0.02143024158133975,0.09571936344231312,0.031231868109815184,0.0829888143973602,0.172937407819764
811,0.10271292043574352,0.01867068104778517,0.09583199288224091,0.031240864670118395,0.08146510830322526,0.17479000567337905
812,0.10270817506445339,0.021426248946652633,0.09388414310117064,0.029766809887430006,0.08025213664132295,0.17163348277475893
813,0.10270478107473296,0.027140183906144772,0.09410195169546152,0.028431039765955058,0.08382173903741506,0.17005307628301444
814,0.10268466190913486,0.02343302347367078,0.0938885665828233,0.028788185447695236,0.08210927373469151,0.1707682405660831
815,0.10268477860901323,0.021064801471030965,0.09595618905031963,0.029657267424775632,0.08388121238284638,0.1743300873433369
816,0.10265233198255183,0.021152069935017434,0.09467628779134703,0.03051783049853024,0.08220706219476799,0.17130397068074285
817,0.10264539999207294,0.023523456151529894,0.09477665571463684,0.03085292102119392,0.07918495128721166,0.17429209483550495
818,0.10266224632372407,0.022233728686425633,0.09636071251644533,0.030525392959955513,0.08226655688870896,0.17629018770067145
819,0.10264080644894248,0.025561460558208307,0.09752085824877742,0.02991410223904609,0.0857544302518809,0.17689404225540523
820,0.10263620393544573,0.024095747192609415,0.09687843109670312,0.028436718903564678,0.08168387955474832,0.18051469483179636
821,0.10262480019133104,0.02588180934365823,0.09534752919845076,0.028394074071339353,0.08250449749371214,0.17514401603030078
822,0.1026346580091311,0.022603968149508227,0.094784755333079,0.027952347347996558,0.08099928021156973,0.1754026384396706
823,0.10263035933585332,0.02443595067515107,0.09750208296741349,0.030987361839078274,0.08202012456168818,0.179498762501474
824,0.10264586069877686,0.023398442962606063,0.09686554737092477,0.0313121790652244,0.08110124160287026,0.17818322144467968
825,0.1026522924313754,0.020534409991753932,0.098205668634566,0.031059351173291363,0.08444947000190164,0.1791081847285049
826,0.10265818328151553,0.022159293321853773,0.09922047682368543,0.031137958879005122,0.08711633891254254,0.17940713267950859
827,0.10264552460386286,0.028456810593219133,0.09956538751524988,0.03150984345727174,0.08762128187232025,0.17956503721615766
828,0.10264755365408108,0.024334761438877226,0.09716340086272476,0.03004992738960108,0.0865586311749793,0.1748816440235939
829,0.10265485532471197,0.0201979842278864,0.09765394403219667,0.03208003917347327,0.08518179212079645,0.1757000008023203
830,0.10263330292311092,0.024742177712066233,0.09843217059307505,0.033324231452511864,0.08686233367309751,0.17510994665361576
831,0.10262671010628052,0.023018743799061506,0.09900356733044333,0.03425031828012897,0.08748333230133186,0.1752770514098691
832,0.10262911955797514,0.02688765064347063,0.09886726665415616,0.03271035983256533,0.08655692508711343,0.1773345150427897
833,0.10261957766576162,0.02429065747811171,0.09867136851897153,0.03234243533768981,0.08568766047218958,0.17798400974703518
834,0.1026088130687781,0.022529246670104936,0.09860828853232197,0.033789181505691664,0.08389344191667432,0.17814224217459984
835,0.10258488349168406,0.02008618877891486,0.0983014792045346,0.03443942245793732,0.0853502240288968,0.17511479112676961
836,0.10259691918097012,0.022942653094021003,0.0972683606192715,0.03369155325516399,0.0853770057510813,0.1727365228515691
837,0.10259292284747044,0.025376330613557627,0.09753804799991976,0.034420403115514184,0.08598604779344886,0.17220769309079623
838,0.1025833080248983,0.021510130333046433,0.09818251345143678,0.03497104770534946,0.08286914750409152,0.17670734514486933
839,0.10254880841047684,0.022086990535061312,0.09983516005017425,0.03425788893539541,0.0853023869868427,0.17994520422828458
840,0.10255573190596423,0.021252253541467495,0.1002627260869909,0.035405841290779366,0.09047932159468527,0.17490301537550806
841,0.10254582578442523,0.022508893092476,0.09903880627803412,0.03532823129504349,0.08646451513035468,0.1753236724087042
842,0.1025697790125554,0.02321158133890687,0.09859514167773178,0.03554862363830503,0.08820432834300705,0.17203247305188324
843,0.1025629230186166,0.021524840054004443,0.10102623352967083,0.034639555712552825,0.09110345847645579,0.17733568640000388
844,0.1025693398570912,0.019881702102849612,0.1006326830294811,0.03443739649405881,0.0880424927143518,0.1794181598800327
845,0.10255932676658783,0.022921397855005694,0.10053960491809442,0.03524378560861449,0.08523745364258915,0.18113757550307963
846,0.10253956795968232,0.025374562951058856,0.09998090404632307,0.033090779257054,0.08750515223162261,0.1793467806502926
847,0.10254379471020379,0.02114364522418897,0.09979462006763513,0.0333077259172978,0.08720402392387255,0.17887211036173498
848,0.10254372507229914,0.025062413432946455,0.09933294283086938,0.0334986815263795,0.08743268714045288,0.17706745982577576
849,0.1025565897733551,0.020178951941045506,0.10003064780554818,0.032387832517500624,0.0880932786219013,0.17961083227724262
850,0.10256100319427115,0.023592636716495315,0.1002379060338796,0.03197576991768216,0.08820827122979194,0.18052967695416466
851,0.10254147392950878,0.020957628140675137,0.09925280489218452,0.032336495413436854,0.08794921709232224,0.17747270217079444
852,0.1025293046013162,0.02154589564394903,0.09817139461498062,0.03077522937420645,0.0859325618890591,0.17780639258167627
853,0.10252782773755803,0.020778268083206423,0.09927205556389568,0.03171846666468838,0.08777408738852807,0.17832361263847057
854,0.10252773789555732,0.023167368738282734,0.09782805118272252,0.030619524504088034,0.08674160913807187,0.17612301990600762
855,0.10252985339498251,0.021023582161546036,0.09818259206203188,0.03132258440788664,0.08824813208584238,0.17497705969236663
856,0.1025369753076821,0.023632626556090882,0.0981622156481285,0.03116363818537163,0.08841516674526624,0.17490784201374765
857,0.10253519717252058,0.0244724875032231,0.09926072353625498,0.032387440885393616,0.08789345428227448,0.17750127544109684
858,0.10254599650107946,0.020677094996824512,0.09892262250286003,0.0318661862328228,0.0866594377284691,0.1782422435472882
859,0.10252840046709484,0.02423018216209406,0.09923499687850025,0.03172576214201151,0.08730472805429855,0.17867450043919067
860,0.10251893665160976,0.024165437445417923,0.09943192574067145,0.03258280057653395,0.09109213487086261,0.17462084177461776
861,0.10250888732026259,0.02773239053572487,0.09909682732398441,0.03175350775703574,0.09178342864722683,0.17375354556769063
862,0.10250510262935213,0.02455391464748321,0.1010552639878038,0.03270889497845162,0.09335969642787155,0.1770972005570882
863,0.1025008276558533,0.021388353883514562,0.10319087272407487,0.03225778079134227,0.09721862741907801,0.1800962099618044
864,0.10250646850199553,0.024171128016072813,0.10230704688536199,0.03305314427191127,0.0962320125652782,0.1776359838188965
865,0.10250667358413988,0.021559514640314827,0.10198608181278727,0.0313497764181853,0.09592987827343406,0.17867859074674242
866,0.10250532962105799,0.026579649935900725,0.09992814543196382,0.03040700689819152,0.09356368002627487,0.17581374937142508
867,0.10249807308767372,0.021498511449111867,0.10160259078670314,0.031643059374603086,0.09253784456962275,0.18062686841588363
868,0.10251398743071631,0.021556335101720763,0.10177073045687877,0.03212645548757183,0.08980978565855194,0.18337595022451256
869,0.1025003750204141,0.022564273714992488,0.1034917847675244,0.03490603690366454,0.09300569134745458,0.18256362605145407
870,0.10251155398413064,0.025471313887357967,0.10314410788086782,0.0332839869725454,0.09230963733389683,0.18383869933616118
871,0.10251846385944782,0.02344389248461448,0.10386582540346774,0.03350029361688516,0.09364470663294143,0.18445247596057662
872,0.1025501634346895,0.02075173541774955,0.10231151125671142,0.03279262029582886,0.09329590508051798,0.18084600839378745
873,0.1025358622684115,0.025293749038367747,0.10297623623498493,0.03499236204274147,0.09277056489302327,0.18116578176919004
874,0.10251304089481894,0.02768475924462555,0.10229165567134135,0.03417180096576013,0.09161980495466907,0.18108336109359485
875,0.10249518372136925,0.02411847089500913,0.10090277073370137,0.032841558057496785,0.08834418716537461,0.18152256697823269
876,0.10247712929440575,0.02147248463736378,0.10210615576032125,0.03254352909679309,0.09159522898262988,0.18217970920154075
877,0.1024839085307525,0.023027555395227082,0.10166034799570814,0.034031505561041925,0.09081751317348116,0.18013202525260133
878,0.10247889371198686,0.0218633287990136,0.10298225755420584,0.03326121378909259,0.09145729795471767,0.18422826091880717
879,0.10248890913956642,0.023008347709447916,0.10215124486180173,0.03280089853496039,0.09154008779916863,0.18211274825127616
880,0.10249462589183306,0.025564339413363592,0.10334763518712231,0.03538665363346998,0.09249911030865472,0.18215714161924226
881,0.10247111168736092,0.02167577120477771,0.1039251170326203,0.03513415672246853,0.09117810414103229,0.1854630902343602
882,0.10246733517176293,0.020047710684831185,0.10423097440309678,0.0341234125982958,0.09231438019320978,0.18625513041778474
883,0.10247741062080519,0.016761099144106853,0.1057116043373895,0.03386469648157828,0.09391870592177182,0.1893514106088184
884,0.10247374567900974,0.02606682757637572,0.10423970287016718,0.03441888410105673,0.09328975513803198,0.18501046937141283
885,0.10248198666227135,0.020083414862371033,0.10346927336250672,0.034388064129814516,0.09325990895500864,0.18275984700269696
886,0.1024715245784594,0.02453340154450422,0.10519312114298916,0.03422883873550253,0.09346626038006152,0.1878842643134034
887,0.10244786055895935,0.02353058347010126,0.10536349582028477,0.034070722497064984,0.0940622642145183,0.187957500749271
888,0.10244955519874098,0.02161184745660435,0.10574171275984943,0.035685945864570225,0.09335895364499014,0.18818023876998785
889,0.10243445162070389,0.022021293251880663,0.10580237651552787,0.036764020682163556,0.09448424021239518,0.18615886865202488
890,0.10244184777590407,0.01959584901145486,0.10663852233447615,0.03581025585785217,0.0949529258544278,0.18915238529114842
891,0.10243648608996096,0.02173064273282655,0.10371459197762876,0.03454722015709642,0.09409487104876095,0.18250168472702882
892,0.10244360548330286,0.021069298194637983,0.10471551513391535,0.03517889623507221,0.0928404353366816,0.1861272138299922
893,0.10245357008771533,0.02010625219351118,0.10526485375558942,0.03499737513707116,0.09345508323731565,0.1873421028923814
894,0.1024467798685187,0.024939310970733475,0.10637252568055816,0.03418808609564143,0.09639868985991416,0.18853080108611886
895,0.10245120294959935,0.02422925628058669,0.10626086974037581,0.03361500136090211,0.09844109687586136,0.18672651098436396
896,0.10245315045615848,0.02408494007400947,0.1056147203189607,0.03278144177208174,0.10007177011476598,0.18399094907003435
897,0.10243599682829412,0.020478108358941857,0.104585871875264,0.031849691231921606,0.09848866233784045,0.18341926205602993
898,0.1024314108056945,0.02243402658319489,0.10318481521116132,0.02997968862198469,0.09966081777570802,0.17991393923579121
899,0.10242252093793272,0.024520268384959448,0.10289585526682093,0.031485795152515504,0.0972197791274069,0.17998199152054045
900,0.10242238940167984,0.023252988834501068,0.1035147954065731,0.0321837455679659,0.09902250255131782,0.17933813810043556
901,0.10240802085229003,0.025344713531164496,0.10559380856758058,0.03110262400711341,0.09873582946356067,0.1869429722320676
902,0.10240149263013107,0.023179541986972273,0.10575029398058726,0.031667076638972586,0.09938288830807702,0.1862009169947121
903,0.10240206582629807,0.023094202170587174,0.10546599453366247,0.0319367268312025,0.09658612221425654,0.18787513455552832
904,0.10239237527575404,0.02501480718880229,0.10448581953330541,0.030752866998454177,0.09797228721372482,0.1847323043877372
905,0.10240132271366391,0.02015884925249265,0.10308330843372658,0.03334312448944,0.09354170981604329,0.18236509099569645
906,0.10238482141411305,0.023495936029394166,0.10413367080579494,0.03378286737582149,0.09301126179169981,0.18560688324986346
907,0.10239286379661908,0.024289545016817068,0.10420970325221939,0.0337160287837439,0.09215340506772556,0.18675967590518872
908,0.10238484523993259,0.024352394186844033,0.10364791978259309,0.03173124975102539,0.09424619880565503,0.18496631079109893
909,0.10239129443063283,0.021336229701710487,0.10328767221086294,0.03303188582670566,0.0918291110422591,0.18500201976362401
910,0.10236713452975396,0.02232841355694062,0.10637061190179868,0.0328084304941964,0.09504361154868457,0.19125979366251505
911,0.10237197802184679,0.02203974889620212,0.1064019657493849,0.034790073417515936,0.09546662647832918,0.18894919735230956
912,0.10236880350947271,0.025995429370179294,0.1054942136911465,0.034574944107877315,0.09589218167915639,0.18601551528640578
913,0.10235666202976429,0.018700113154559866,0.10662261083865049,0.03371777942449707,0.09664343163459081,0.18950662145686356
914,0.10235679456919652,0.022155414832751054,0.10655462288550822,0.033513291702095556,0.09692175975765517,0.18922881719677384
915,0.10234597743797536,0.025457672066754075,0.1064584006678869,0.03513041842903194,0.09363175170263821,0.1906130318719906
916,0.10235726511071207,0.023636935372403613,0.10661875543077196,0.03421182007585443,0.09514087164663872,0.19050357456982267
917,0.10235289334536632,0.02435742346756007,0.10658102127297056,0.03338873457644484,0.09737543164009878,0.18897889760236805
918,0.10236764815631115,0.0234582768939215,0.10779204651451196,0.034859631790416484,0.09749275459267555,0.19102375316044387
919,0.10236086344514672,0.02424646013462673,0.10725705030202551,0.03521597824864288,0.09666754806567604,0.18988762459175756
920,0.10235119800176548,0.023452783761468126,0.10744646065754858,0.033629768205600395,0.09986445589490436,0.18884515787214096
921,0.10234198232799,0.023161774702474783,0.10880961316138774,0.034173386617451146,0.09832608356510443,0.19392936930160762
922,0.10233325567089312,0.01876837355950931,0.10870372882116691,0.03558323564774301,0.09661188322693734,0.19391606758882038
923,0.1023384261623725,0.021073725325971935,0.1099560274104132,0.03578003258047511,0.09743402108942252,0.19665402856134195
924,0.10233442618329726,0.021961705852131034,0.10847821008303613,0.033164029963917506,0.09943318708744212,0.19283741319774872
925,0.1023261607415041,0.021245449895516626,0.10825000421290344,0.03394337480125005,0.09950687333227641,0.19129976450518382
926,0.10231634463865441,0.01993253844026601,0.10825099245431534,0.03204022396478769,0.09921839764057871,0.19349435575757962
927,0.10230536135512144,0.02068296999667587,0.10972587920717111,0.03349425374562796,0.09962111419743444,0.19606226967845092
928,0.10229398701632478,0.021103176067337383,0.10712185309715795,0.032747562610848734,0.0956144412912822,0.1930035553893429
929,0.1023025901296313,0.01798908823230382,0.1065711958729195,0.033645195830883004,0.09579403078075642,0.19027436100711906
930,0.10229590923905156,0.024414514243260785,0.10866941764698748,0.034971688138063985,0.09963529237675593,0.19140127242614252
931,0.10230956130504051,0.018011302569507923,0.1073048352110217,0.0329281031711089,0.09699861974052859,0.19198778272142755
932,0.10230845435573427,0.01935138726777881,0.10802735354739464,0.0325492920511069,0.09990935433648311,0.1916234142545939
933,0.1023212174434595,0.0222552941586289,0.10830586418112662,0.03302454675352577,0.10143913320609009,0.19045391258376398
934,0.10233284420622563,0.0205721430307123,0.10789839928534849,0.033964466245861816,0.10115035264090913,0.18858037896927454
935,0.10233100912388435,0.023027101936412227,0.10951323749511199,0.033369211121097565,0.10204958263349172,0.1931209187307467
936,0.10233602239545626,0.02421129655504278,0.10974767882817396,0.03520373397553744,0.1010012627796157,0.19303803972936875
937,0.10232801486309447,0.023395410359011045,0.1125330547548681,0.035191244103321924,0.10396811548410494,0.19843980467717745
938,0.10232927603799245,0.018518306173592323,0.11161725024007309,0.03487594982912754,0.10170924807307904,0.19826655281801267
939,0.10232349651479615,0.026241841236562834,0.11177620042840797,0.03672699295896978,0.10264262060367947,0.19595898772257464
940,0.10229925462346938,0.02544143194884034,0.11112831377762093,0.03655337489128131,0.1022691892882679,0.19456237715331356
941,0.10228832855621399,0.02322562261647098,0.11129777792770629,0.03698312042371399,0.10295055415433449,0.19395965920507047
942,0.10227983467288419,0.021582635858370315,0.11119749209171878,0.03499375273105583,0.10367017335233326,0.19492855019176727
943,0.10229188309532922,0.026281198592701217,0.1106907961535132,0.03506851951626664,0.10427216259458155,0.1927317063496913
944,0.10228176083729273,0.02248995431550701,0.11021231393313678,0.03538210989542808,0.10297637134399942,0.19227846055998285
945,0.10228526712659279,0.022570835293454092,0.11064688505865261,0.03642239414118924,0.10366166932017397,0.19185659171459468
946,0.10229253063742205,0.022940301009887372,0.1093135027585701,0.03620606964288949,0.10133716300010624,0.19039727563271455
947,0.10228141568025566,0.023498834373155628,0.11126608839236635,0.03784883910256533,0.10263991256650398,0.19330951350802963
948,0.10228507623054613,0.027618297459360418,0.11168200389873385,0.037458563536624336,0.10386236553606037,0.1937250826235168
949,0.10227742848669293,0.020602876372846305,0.11209517190728616,0.03698183507472245,0.10571599518124213,0.1935876854658939
950,0.10227202361721997,0.022743633722660063,0.11423249175486948,0.03718502736103325,0.10601908328948903,0.1994933646140861
951,0.10226358500729073,0.021630145381267955,0.11298636760185814,0.03750224306190231,0.10154179864502427,0.1999150610986477
952,0.10228138574455291,0.02331661770954164,0.11466515505152815,0.03661676152190272,0.10297170818361885,0.20440699544906285
953,0.10228318479183071,0.023157912545305227,0.11280841322442305,0.03420914219771165,0.10328049701234435,0.20093560046321315
954,0.1022737928411772,0.020232762480309814,0.11331147018252588,0.034387153438000924,0.10089052898516233,0.20465672812441438
955,0.10226598089986387,0.019203154959001077,0.11195777418285856,0.03393965735916114,0.09966844650130774,0.2022652186881068
956,0.10225478786972211,0.026319826926502834,0.11335836733548257,0.037307800301088455,0.10137835901231797,0.20138894269304133
957,0.10226208326422022,0.022091748060760707,0.11344234088900013,0.038051578488398415,0.10012422728822086,0.20215121689038107
958,0.10224998874799537,0.025991194401408957,0.11423035481088133,0.03706009994787504,0.1033961748361232,0.20223478964864572
959,0.10224603392310945,0.021817757567648945,0.11606989348610067,0.03816542587916331,0.10271497801355155,0.2073292765655871
960,0.10223267790532932,0.024417983689704815,0.11559514738555553,0.036974333321132626,0.10430157886870163,0.2055095299668323
961,0.10222780218076868,0.02470100670247189,0.11524974574728279,0.03736509330650706,0.10460749092475544,0.20377665301058587
962,0.10219583958823035,0.020381190314056285,0.11421108403139368,0.03684060603471811,0.10140016439713802,0.20439248166232496
963,0.10219716407116519,0.01835969497938811,0.11627569328904518,0.03797013189607171,0.10550294890067935,0.20535399907038443
964,0.10219536894289002,0.02256479564704718,0.11480327054679046,0.03636781495816442,0.10378053780205705,0.20426145888014988
965,0.10220476926874847,0.02191217071407402,0.11559674269844929,0.03644007363642738,0.10341932992504436,0.2069308245338761
966,0.10220710273737435,0.023159801305233176,0.11484441836680678,0.03535365624970187,0.10104491099435274,0.20813468785636574
967,0.10221053904875359,0.02231842725973041,0.11595618693568464,0.036233991796174335,0.10509167499157808,0.2065428940193015
968,0.10223180832634757,0.023599922116578128,0.11583267299645154,0.03567191123580428,0.10738289931265353,0.2044432084408968
969,0.10221952257714118,0.01967581568221011,0.1149257760146697,0.0362924740639758,0.10459355468446016,0.2038912992955731
970,0.10220063768951973,0.019820893132954077,0.11438168795793899,0.035422162394472274,0.10409207905901631,0.20363082242032834
971,0.10219123653314188,0.020234014930928974,0.11447660685750792,0.036609054836926336,0.10174614927643846,0.20507461645915892
972,0.10219073764984689,0.022888390897470346,0.11413431073065988,0.03603099850058745,0.10468159220172697,0.2016903414896652
973,0.10218161758910486,0.022029527058992804,0.11700109445486559,0.03750912673368766,0.10473446509451562,0.20875969153639348
974,0.10217843119712756,0.021428963844400056,0.11560095099977535,0.037841108909235664,0.10429345655470852,0.20466828753538188
975,0.10215635190863623,0.02186375015364062,0.1149165377151599,0.03642438222666043,0.10207610156035822,0.206249129358461
976,0.10215981776767054,0.020219625389298317,0.1155526808011487,0.03788137078603447,0.10194309124877851,0.20683358036863306
977,0.10215027799502789,0.027181955625258478,0.11588152909202572,0.037758061695914,0.10292771618817959,0.20695880939198355
978,0.10214990290200361,0.020494105327592493,0.11411567794811775,0.03800700603279309,0.09859139826626144,0.20574862954529866
979,0.10215875207166653,0.021511000151625468,0.11421628001876644,0.039609938461378426,0.09713321116011821,0.2059056904348027
980,0.10216405988599285,0.02527672401935287,0.11327974515801528,0.03793280208341867,0.0990269387550179,0.20287949463560923
981,0.10218470420462553,0.02323372040107084,0.11519616057420604,0.03862837495268505,0.09945823738462016,0.2075018693853129
982,0.10217261240108674,0.023339045914895842,0.11638359811169259,0.03963126868259138,0.09939418487727542,0.21012534077521097
983,0.10217836723665481,0.022203203371977717,0.11720204215031213,0.04077353204307183,0.09930441420803303,0.2115281801998315
984,0.10218628313746675,0.023212343131199683,0.11748399665495515,0.0403281564848423,0.09862066715710321,0.21350316632291985
985,0.1021865560563851,0.024354488362982915,0.1198520196440475,0.040715720504890335,0.10099216972323552,0.2178481687040166
986,0.10218026098052531,0.02095640902805672,0.11870458602433052,0.0392485141571947,0.09995989361339909,0.2169053503023978
987,0.10219166591241559,0.023230017815880865,0.11888017740495463,0.03836652315731845,0.09914938109686079,0.21912462796068463
988,0.10218738442395249,0.024954144882050507,0.11877523421954378,0.03837249244068777,0.0988355036180166,0.2191177065999269
989,0.10217227149655742,0.024097039772035613,0.11844358898512136,0.038818976379114155,0.09510395430118475,0.2214078362750652
990,0.1021657133631286,0.020814230551579903,0.11809510795964942,0.038410452126583935,0.09693164701443445,0.21894322473792982
991,0.10216908291566103,0.02245916698539332,0.116898195864492,0.03831851832483304,0.09656684117092769,0.21580922809771522
992,0.10218150934696846,0.02448784468938016,0.11462343010093531,0.03397064490148083,0.09569146349292455,0.21420818190840052
993,0.1021764462590199,0.020279043952155188,0.11674757601078056,0.03509761279220707,0.09948503246810886,0.21566008277202572
994,0.10216079060355741,0.023225059667667355,0.11801753168937663,0.0357601639183406,0.10250219281993526,0.21579023832985395
995,0.10213840097334526,0.021923117254440613,0.12017389202033231,0.03836783784551203,0.10611780068752126,0.2160360375279636
996,0.10214311999672664,0.025588512388890833,0.11815477710144481,0.03802753653909506,0.10363432945133816,0.21280246531390118
997,0.10214847927827705,0.024602133088907612,0.12004414928111412,0.03916207481812755,0.10412796921889433,0.21684240380632044
998,0.10212835556419445,0.021699923275952694,0.12057074082696508,0.04045329408787316,0.1060160752514133,0.21524285314160868
999,0.1021231551961346,0.023049297099369558,0.11977320149930663,0.04011021503915081,0.1069805138234623,0.21222887563530674
1000,0.1021071970629093,0.023094888949170677,0.1211218258668381,0.04101879324414224,0.10940916930700026,0.21293751504937178
1001,0.10209822092047381,0.022329668471523813,0.12054037662430536,0.04100274571659553,0.11014576646829578,0.21047261768802475
1002,0.10209763609789504,0.021065378673339758,0.11926438804134938,0.03905557873852959,0.10720256304887185,0.2115350223366467
1003,0.10209543469185638,0.019693038699412177,0.11690119283123326,0.03866385717301064,0.10683027315323726,0.20520944816745182
1004,0.10208330115143344,0.01999592846725477,0.11744552463040828,0.038705978267406405,0.10507458383048388,0.2085560117933345
1005,0.10207318970864396,0.0211673174739952,0.11822020286619464,0.040176115184546356,0.10608168845890244,0.20840280495513505
1006,0.10207868734229458,0.02019067784868036,0.1185271840006991,0.03930038093462166,0.10695119150558544,0.20932997956189014
1007,0.10207855706859477,0.023963600017389165,0.11757011250992713,0.03982450205285592,0.10637221621443868,0.2065136192624868
1008,0.10207336716961199,0.020338879783369367,0.11871014377103807,0.03988566167834702,0.10721767745533509,0.20902709217943208
1009,0.10207998477831176,0.02428836641705956,0.11639665860448911,0.03839579928270577,0.10517930717683481,0.20561486935392678
1010,0.10206839169593727,0.021361525999160226,0.11645816257386239,0.03733827103298917,0.10368736042846774,0.20834885626013033
1011,0.10204920188696502,0.027070316928121188,0.11716902991878754,0.03891963627205292,0.105184582343314,0.20740287114099573
1012,0.1020467426605915,0.026984947730158436,0.11554591991952412,0.03919709252797897,0.10311892974721673,0.20432173748337668
1013,0.10203267076739327,0.02188460516307546,0.1144607965845574,0.038666044144617245,0.10084712507507268,0.20386922053398226
1014,0.10203156029588939,0.021639259921167317,0.11624353922813686,0.03870766801882579,0.10495667274452287,0.2050662769210619
1015,0.10203753409356991,0.02102828480343273,0.1149845702573091,0.03757547442371438,0.100635077098363,0.20674315924984996
1016,0.10204521871964758,0.02023111359786027,0.1176972543553298,0.03892315449961799,0.10313452216995568,0.2110340863964157
1017,0.10206277111136532,0.021524453089545693,0.1156174324532828,0.03807796488310924,0.10185663988963961,0.2069176925870996
1018,0.10206734720438092,0.02140745055690543,0.11596428817177593,0.03614493191873726,0.10281185534843422,0.20893607724815627
1019,0.10204936073873246,0.02164718801817909,0.11823906718826578,0.03922713194064201,0.10385712748074495,0.21163294214341036
1020,0.10204861894758564,0.026023667519849913,0.1176090513938619,0.03976696388169279,0.10263666891199374,0.21042352138789908
1021,0.10205465100743533,0.025104641673721274,0.11697525719239832,0.038950258153290306,0.10282811888744993,0.20914739453645473
1022,0.10205429191711413,0.01900897629890351,0.11634762618106415,0.039129750320732445,0.10379561724013248,0.2061175109823275
1023,0.10203811848943894,0.020010451193579182,0.11723177477116956,0.03991718128596989,0.10179577871180186,0.2099823643157369
1024,0.10203452324441308,0.024194858976229524,0.11749781895466693,0.03931952268399675,0.10316168436470473,0.21001224981529937
1025,0.10204183304990715,0.02015550356262669,0.11618001579971284,0.040136406418901385,0.10120472868284576,0.20719891229739132
1026,0.10204742056739091,0.016029260016616965,0.11656048955597294,0.04121699752683707,0.10101142775963538,0.20745304338144635
1027,0.10203810599806538,0.01904560487425342,0.11628841679883636,0.04131415551230204,0.10027106463261894,0.20728003025158817
1028,0.10203793113359064,0.019735990074376344,0.11518315704913475,0.04008450672434841,0.09863221427872843,0.2068327501443274
1029,0.1020201713124017,0.023497456400633384,0.11537898139086274,0.03927017450456368,0.10075035641865894,0.20611641324936553
1030,0.10202059390065128,0.021422078624424763,0.11507456285662318,0.03961927427216669,0.10068207293295028,0.20492234136475254
1031,0.10202552806472891,0.021670430196587705,0.1171516018414934,0.037932458455166636,0.1024477547827646,0.21107459228654893
1032,0.10202558017282477,0.02156409120057344,0.11599945212027103,0.03661654338319826,0.10420924524901648,0.2071725677285983
1033,0.10201636648179044,0.02477495402562734,0.11401260346728599,0.03541626380063826,0.10378475194208446,0.20283679465913526
1034,0.10201841039835749,0.023850113114803947,0.1141659097252301,0.03660744646900857,0.10100759109800866,0.20488269160867306
1035,0.10200454951122474,0.020020655465541694,0.1162328916096179,0.03611115840750711,0.10384486249457284,0.2087426539267737
1036,0.10200300032389495,0.019978817737150625,0.11426496960562753,0.03534269648092402,0.10390632502684977,0.20354588730910878
1037,0.10201121677550612,0.0189231513380259,0.11629626535457409,0.036357408043186566,0.1028297651824915,0.2097016228380442
1038,0.10199410006939166,0.02250890414327669,0.11734873507631391,0.0364938191945585,0.10595156464532951,0.20960082138905375
1039,0.10199130225954918,0.022392385696797665,0.11704685205399447,0.03582163731404164,0.10643503287584512,0.20888388597209664
1040,0.10198625176669344,0.016664907452783,0.11739443080964919,0.0374373997765425,0.10657426092667852,0.20817163172572653
1041,0.10198646012466944,0.019920784567931844,0.1163099641417673,0.03637141814082857,0.10688456594602531,0.20567390833844798
1042,0.10198112926288692,0.0220652377058642,0.11915029346536124,0.036400650711850766,0.10907522811825472,0.2119750015659783
1043,0.10200076796912812,0.024070601507179084,0.1184536578199596,0.03551275739707174,0.1088062734787903,0.21104194258401685
1044,0.10200569461755588,0.025237693764882836,0.11709082037906117,0.03463303208235833,0.10852744532255727,0.20811198373226786
1045,0.10200313423589745,0.028983351457060557,0.11794855494472604,0.03484569140518135,0.10997766588079307,0.20902230754820367
1046,0.10199078255865691,0.02049443718812966,0.11841117870785366,0.035652453875829763,0.10841541202427121,0.21116567022345997
1047,0.10198385985330286,0.022645808275776207,0.11814081305357785,0.0368867901734964,0.1072259910643366,0.21030965792290043
1048,0.10198947560886004,0.019489412530152187,0.12044380982908609,0.03856545075722382,0.11135944581335168,0.2114065329166828
1049,0.10199100550244654,0.021073088291684805,0.11893345188438076,0.03742867088842137,0.11011351134942131,0.20925817341529956
1050,0.10199502321023186,0.023502107397321798,0.11767936802898774,0.03738056672787241,0.10878390419804562,0.20687363316104515
1051,0.10198504106806212,0.020937769205924404,0.11623927464991203,0.03809266976719215,0.10592551733896723,0.2046996368435767
1052,0.10198572683446203,0.019087710815441312,0.11627098765404696,0.03680740431561057,0.10667772783077305,0.2053278308157573
1053,0.10198362566278102,0.02342795401744168,0.11583318410767145,0.037225779138676425,0.1064207878247514,0.2038529853595866
1054,0.1019741147689543,0.02216049231555543,0.11628466264870427,0.03732242955662646,0.10871073146572924,0.2028208269237571
1055,0.10196316629926054,0.023486239223182194,0.11832589667176938,0.04004827331037711,0.10828802151463598,0.20664139519029515
1056,0.10197591401102571,0.019514153882074656,0.11869941860766049,0.04046841753047745,0.1082839560459993,0.20734588224650477
1057,0.10198259878110122,0.02004977682130483,0.11610386547184248,0.03787792927276421,0.10583905041500948,0.20459461672775375
1058,0.10198077448022919,0.023502294572911413,0.11861339020715064,0.04018653544535868,0.10705666098098092,0.20859697419511228
1059,0.10197626949624862,0.022029863916778525,0.11628283238951644,0.04028551730489552,0.10505647982475744,0.20350650003889634
1060,0.1019697494119737,0.021109998309107092,0.11696121494136616,0.03901231631475197,0.1096041103285827,0.2022672181807639
1061,0.10198001080814807,0.02209978193568929,0.1178397496792917,0.03874606137264355,0.10899863227718766,0.20577455538804387
1062,0.10196607832275542,0.025195955998340642,0.11841758044692588,0.04125816231312248,0.10583657100602664,0.20815800802162848
1063,0.10195878393586177,0.026821334331843808,0.11886289489639561,0.040543151758749355,0.10902640526980639,0.2070191276606311
1064,0.10196517829792547,0.02346937708801667,0.11729297030752592,0.040444374955752684,0.10606732408483294,0.20536721188199217
1065,0.10197231453388658,0.02104980205898229,0.11758678708704544,0.039688664787011205,0.10727183726592213,0.20579985920820296
1066,0.10195379881575267,0.022924645160241196,0.11730326786758763,0.03944522246132666,0.10937324656378414,0.2030913345776521
1067,0.10195419677104536,0.02464652337015039,0.11665111046074304,0.03849985186788129,0.10819998910482094,0.20325349040952698
1068,0.10193673881101122,0.023752433601077195,0.11707360499779922,0.03979111086419442,0.1102878616164453,0.201141842512758
1069,0.10193628502707482,0.019798981766629958,0.11744560487878668,0.03835142201635086,0.10987752092372825,0.20410787169628092
1070,0.10193498938822318,0.019801217897601864,0.11645940011890268,0.038060954048097013,0.10740493246419343,0.20391231384441758
1071,0.10194984242882019,0.020040729064662807,0.11795739659377391,0.0383838516405535,0.11048730824198419,0.20500102989878405
1072,0.1019496342226307,0.022289577683848774,0.11657922521626576,0.03530446151467446,0.10858734222765494,0.2058458719064679
1073,0.10195874423061083,0.021285125355182857,0.11708652565429264,0.03529155510905662,0.1098936523211917,0.20607436953262961
1074,0.10196145235420769,0.02315747869429674,0.11650473372852571,0.03677760793869906,0.1093070411258508,0.2034295521210273
1075,0.1019687419728042,0.020729657930070138,0.11772415415741914,0.03914715398719271,0.10988938406161504,0.20413592442344972
1076,0.10196454517008693,0.018982955048344723,0.11794574148492606,0.03949535679546642,0.10982580421409167,0.20451606344522008
1077,0.10196932768221699,0.024330509705500325,0.11747335948149998,0.03675027264040121,0.1075458110248313,0.2081239947792674
1078,0.10196094150092543,0.0237977299512128,0.11489681046148978,0.03616650892467544,0.10554144387729104,0.20298247858250287
1079,0.10195997997463425,0.024081958620630693,0.11444383188563835,0.03763000366969876,0.10379506289250956,0.20190642909470669
1080,0.10195475812166027,0.025871669293929513,0.11560106576710433,0.03670005191621011,0.1081746537143487,0.2019284916707542
1081,0.1019503998605902,0.022899321138872504,0.11660842618968016,0.03810677706082415,0.10507596162757453,0.20664253988064188
1082,0.10194918234760363,0.02250559196503225,0.11714742309231656,0.038072214107753306,0.11005707349357975,0.20331298167561665
1083,0.10195536189302512,0.02376815709825403,0.11679527782570169,0.03883871054915163,0.10791260255621592,0.20363452037173754
1084,0.10195164543478429,0.02283872514587947,0.11738895661900094,0.04040672851339555,0.10947355283020387,0.20228658851340336
1085,0.10195811254644727,0.026217607415442167,0.11643580059378462,0.03840493711503509,0.10786385922866631,0.20303860543765245
1086,0.10196083308681492,0.021443036033214177,0.1186003776604338,0.039576101576499725,0.11005506979401795,0.2061699616107837
1087,0.10195996882912725,0.02170371596927551,0.12074739357492867,0.0419303049864569,0.11412328455848453,0.2061885911798446
1088,0.10195084086802636,0.024845492191456587,0.11895301194148793,0.03981110048307854,0.11109715510447858,0.20595078023690672
1089,0.1019502949908261,0.0254829867817376,0.11855580997447818,0.039623481162562015,0.10935744855538444,0.20668650020548807
1090,0.10195062417217506,0.022935038075228783,0.11677432504529153,0.03734683439978532,0.11013450922597733,0.20284163151011195
1091,0.10195940763965293,0.023258241341006354,0.11754610268983466,0.03642269118801812,0.1086521032598289,0.20756351362165698
1092,0.10194826525332575,0.02106654113132049,0.11654127572347815,0.0392144656871083,0.10608300367972695,0.2043263578035992
1093,0.10195443608619192,0.021799796036005747,0.11790528027499787,0.03899605502382968,0.10806142718526944,0.20665835861589446
1094,0.1019454700213122,0.024319179700243634,0.11843896878591814,0.040874823886524976,0.10784949337413803,0.20659258909709147
1095,0.1019139598837905,0.022305381147847934,0.11925772349639334,0.03927894769032113,0.10815120703432604,0.21034301576453274
1096,0.10191506594905037,0.019981783985903136,0.12115130065096177,0.03937860416479474,0.11098641154554316,0.21308888624254738
1097,0.10191179376304041,0.021213906153191023,0.12061936003985999,0.039353522457689936,0.10903286493727962,0.2134716927246104
1098,0.10191059178641863,0.028642043781946794,0.11984509074098736,0.03923927823647641,0.11046196897147594,0.20983402501500972
1099,0.10190359846413907,0.022829745379684675,0.1202582465450265,0.04111303463067261,0.10811025364223072,0.21155145136217612
1100,0.10190214222712068,0.019252557471816603,0.11968117228323916,0.03901222099185774,0.10678872264924529,0.21324257320861442
1101,0.10189693604347297,0.019360782734456176,0.12071425418657941,0.0391242035880869,0.1079808259106363,0.215037733061015
1102,0.1018908626570649,0.020500109664723137,0.12055703762727982,0.038957541075658166,0.10885155590428279,0.2138620159018985
1103,0.10189003174072095,0.022276554951648694,0.11818416162228439,0.03576281742786818,0.1062681614548231,0.2125215059841618
1104,0.10188867922879344,0.022433371177468315,0.11767725026941102,0.034894886600796336,0.10637856507491991,0.21175829913251684
1105,0.10187974296865683,0.023176406135721656,0.11867274052209686,0.03590272385287418,0.10619471169382338,0.213920786019593
1106,0.10187782726918541,0.020891180483467543,0.1199143389668474,0.03573711773314912,0.10848131866020506,0.215524580507188
1107,0.10187828230261346,0.026139164140016814,0.12007428304438657,0.03502444578907324,0.10873229405551589,0.21646610928857055
1108,0.1018767244141457,0.02324018269749854,0.12280731406878256,0.03823201298988955,0.11018285562064918,0.22000707359580887
1109,0.1018641463032239,0.023511964806051,0.1212995012624205,0.03653730202790248,0.10883515532549867,0.21852604643386025
1110,0.10185920520371523,0.022472388579830038,0.11903694883901816,0.033571026898029446,0.10686763588951112,0.21667218372951388
1111,0.10184998968321651,0.026676871811764803,0.12224724440734064,0.03515865333169423,0.11189229501832064,0.21969078487200705
1112,0.10184122053364561,0.020371386393299638,0.12079389831162705,0.035511357364722225,0.11221246436988447,0.2146578732002745
1113,0.10183217673590785,0.021364101007122216,0.12184043529209268,0.03512136708927286,0.11503375207399187,0.21536618671301327
1114,0.10183652137550236,0.021631964242469978,0.12169836821744388,0.03746485531429651,0.11400295832211421,0.21362729101592084
1115,0.10183293511541998,0.028795384306193734,0.12244811930090123,0.036212731317593484,0.11665646814749855,0.21447515843761158
1116,0.10183607277742453,0.022183869318765696,0.12195866000009889,0.03550587202810152,0.11663944301074712,0.21373066496144802
1117,0.10184057072567883,0.02623969481354055,0.1197130278672572,0.034060485661290184,0.11475668488360508,0.2103219130568763
1118,0.10183817043733638,0.01956535752820624,0.12144863784314369,0.036365680711580375,0.1161042716000408,0.2118759612178099
1119,0.10184253635938807,0.017313624612357983,0.12085975110756705,0.03582434464240678,0.11386412887412002,0.21289077980617438
1120,0.10184260322708975,0.01968672702744189,0.12185926849921142,0.038455514123003014,0.1135305067662762,0.21359178460835507
1121,0.10182596786728275,0.02233246624088137,0.12161765985159737,0.036544805828541034,0.11417519261030683,0.21413298111594414
1122,0.10181786801885755,0.01650673089101175,0.12190654981925714,0.03738236112895172,0.11485397737736354,0.21348331095145615
1123,0.10183190533507441,0.02689818445914895,0.12209021162376672,0.03664749507181183,0.11384586743048221,0.21577727236900618
1124,0.10181785870179037,0.021482858126589108,0.12133623859256251,0.037915382853454214,0.11247367211917943,0.21361966080505396
1125,0.10182758774337428,0.025185828733244344,0.11748265414267399,0.03420283736234229,0.1073354687000183,0.2109096563656614
1126,0.10183011664560639,0.02118061524507298,0.11906151058781848,0.03406173019637244,0.10932243408241887,0.21380036748466408
1127,0.10182492368555049,0.02127783557141132,0.11843133129322325,0.03342123724055803,0.10979428460210212,0.21207847203700955
1128,0.10181629591933232,0.024222850194375513,0.11981801405020688,0.03514363198558315,0.10904493013862716,0.21526548002641024
1129,0.10181503684976737,0.02266546699513141,0.11993160038483584,0.035773442603012455,0.10913018296032213,0.21489117559117288
1130,0.10180707187996019,0.022724541261282812,0.12205918431406591,0.03595440246993729,0.11215726584054492,0.21806588463171553
1131,0.10180765506233783,0.025168231963351186,0.1212706994290186,0.0372562596437748,0.11186916170077946,0.2146866769425015
1132,0.10180390117037512,0.025408881472081424,0.12159139455831185,0.03618910175376571,0.11205358799926231,0.21653149392190754
1133,0.1018027936192138,0.0239335003357508,0.12504069673867688,0.038130157102967174,0.11580825944108904,0.2211836736719743
1134,0.10179860938975137,0.02204024008567485,0.1247265717655495,0.04117499823234495,0.11225558990681732,0.22074912715748624
1135,0.10178676168505346,0.022145582628041553,0.1251744425076138,0.042399960707447004,0.11064949166177035,0.22247387515362402
1136,0.10178610693616783,0.02332720255564301,0.12405390922307928,0.04118400915046843,0.11166895740569499,0.21930876111307437
1137,0.10178004540664691,0.02500375162134951,0.12326863068220942,0.04064447344944156,0.1124871972480898,0.2166742213490969
1138,0.10177183368322403,0.01966998360167661,0.12354545451779379,0.04050698261910594,0.11304137681519912,0.21708800411907625
1139,0.1017741421482722,0.018897400584606917,0.1258347501751043,0.04303109558331901,0.1126460029968202,0.22182715194517366
1140,0.10176779215529543,0.024052325101610872,0.12710404680384219,0.04193104499164579,0.11688060209180981,0.22250049332807098
1141,0.10176250471926393,0.023132142688927864,0.12388963146583422,0.04270802031996908,0.11255506661125253,0.21640580746628105
1142,0.10176124604284689,0.02211828571675228,0.1223211756409616,0.04177149820521862,0.11177209242601233,0.21341993629165384
1143,0.10175902099145813,0.023008146687079702,0.12221287666667023,0.04473865293146246,0.10913049124703776,0.21276948582151042
1144,0.10176679456991937,0.022952713332919903,0.12333858664518337,0.04380320900686597,0.11299827351042577,0.21321427741825832
1145,0.10176076183759149,0.022138145287103454,0.1211215503259157,0.04278759683162373,0.10981899777472487,0.21075805637139844
1146,0.10175444213315174,0.02542018080039321,0.12368312929813019,0.04294404512968683,0.11632721207872651,0.2117781306859772
1147,0.10174085481586478,0.021274524870740687,0.12482179913495714,0.043172665637005045,0.11612395966018405,0.2151687721076823
1148,0.10173092465296688,0.02461947820723531,0.1246918526760749,0.043127768525594266,0.11521123427134472,0.21573655523128565
1149,0.10172703496616416,0.020542082234738836,0.12422312754486378,0.04216440958006339,0.1147181689381799,0.21578680411634804
1150,0.1017212700550857,0.025442036243440647,0.12382650056600385,0.04070182308932809,0.11490363857951148,0.21587404002917202
1151,0.10171430194491413,0.02278419057931166,0.12283967527268433,0.03974270637529886,0.11160852496625315,0.21716779447650092
1152,0.10171579493855182,0.017921226890639817,0.12187815674148675,0.04048689965068939,0.10952097454461404,0.2156265960291567
1153,0.10170349040457147,0.02435144667137713,0.12121773085768384,0.038369424914719584,0.10975748535231386,0.21552628230601803
1154,0.10170330010937118,0.02486896469968749,0.12221573829563885,0.038893449472242714,0.11320309639191137,0.21455066902276246
1155,0.10168132191886639,0.022862157135289236,0.12296366177462947,0.041012959227158204,0.10939788638322069,0.21848013971350946
1156,0.10166638002404037,0.014057310146390197,0.12496878266428121,0.04237091006261971,0.11289193203292877,0.21964350589729514
1157,0.10168318309276825,0.025630058023753115,0.12422802395013217,0.0430941173774401,0.10913356036969289,0.2204563941032635
1158,0.10167832149733386,0.024055435198090433,0.12466837113550819,0.042256269843842585,0.11315538318856691,0.21859346037411506
1159,0.10166083176074388,0.01948604575418208,0.1258093858830739,0.042764351728701896,0.11293684114348303,0.22172696477703668
1160,0.10165948752149971,0.024015368305812735,0.12522472523951092,0.04435399410183372,0.11240258887561357,0.21891759274108538
1161,0.10166073226747128,0.025604605303641788,0.12528823594814836,0.043488999432324205,0.11314041988693077,0.21923528852519014
1162,0.1016675827039432,0.020604785759405445,0.12500941268108046,0.04255857567903181,0.11491332090382293,0.2175563414603867
1163,0.10166434089870227,0.024204359205217716,0.12682561087284522,0.042684883427351626,0.11607773774848902,0.22171421144269504
1164,0.10166769826917783,0.021488227454260638,0.12679420919730217,0.044015085156707164,0.11553340205510068,0.2208341403800986
1165,0.10166079880581101,0.020213756061446715,0.12736861824062348,0.04384200714825456,0.11586013428706005,0.22240371328655584
1166,0.10166830786636441,0.02302113112752453,0.12629769413875852,0.044655943800187496,0.1148712850663656,0.21936585354972238
1167,0.10165832697982506,0.020351653018876186,0.12332280939899695,0.04281598298278964,0.1145691187364707,0.2125833264777306
1168,0.10166349805442944,0.01889444245785842,0.12091745319084433,0.041177218251921985,0.11134279939578023,0.21023234192483073
1169,0.10165420390595023,0.024732472343314504,0.12406671310159978,0.04277268387444653,0.11557601282296262,0.21385144260739022
1170,0.10164631943825948,0.021171792004433053,0.12494341906834074,0.04408146781236561,0.11621750825457612,0.21453128113808045
1171,0.10162470274497507,0.0239958826400198,0.12514485246088763,0.04435855139991022,0.1136126961057943,0.21746330987695833
1172,0.10162407692539893,0.02241855295409709,0.12459468376958996,0.04352370251180846,0.1126596977939429,0.2176006510030185
1173,0.10161874974142339,0.018622656788316996,0.12415091001292741,0.04355101863402193,0.11006154499258278,0.21884016641217746
1174,0.10162070389047685,0.023479609378974798,0.12447265256428751,0.04219271872878399,0.11128486601850301,0.21994037294557553
1175,0.10163882202875876,0.019588787927209514,0.12214455155797273,0.042392011958392865,0.11135211514713789,0.21268952756838744
1176,0.10164923085176504,0.022157280103465633,0.1236994456238692,0.0421083456110457,0.11191280509454325,0.21707718616601868
1177,0.10164267597171238,0.01965459279858735,0.12449344375544605,0.04267513872374844,0.11052609320817978,0.22027909933440987
1178,0.10163279030177778,0.023833092386432844,0.12607271983164026,0.044462518379494956,0.11165527649746121,0.2221003646179646
1179,0.10163429067795832,0.021540953589963274,0.12753897929069372,0.044250867894644066,0.11396735585416375,0.22439871412327334
1180,0.10163836558650022,0.022165058223676638,0.12669108026417195,0.04228921706025514,0.11356439295212692,0.22421963078013374
1181,0.10164738108669913,0.026251871179355287,0.12715733339710902,0.0423460862961188,0.11250883052450487,0.22661708337070338
1182,0.10163195936656624,0.026796086106364757,0.12730714985169314,0.04377629904018349,0.11121861571091421,0.22692653480398176
1183,0.10161339641476538,0.02416092177193175,0.12896742214429496,0.04264351557656947,0.1159528072609032,0.22830594359541223
1184,0.10160543984423498,0.021184349288381244,0.12884040536430358,0.041028258295935705,0.11636224682969061,0.22913071096728438
1185,0.10161307313336806,0.019036153229159244,0.12977100341798975,0.044778758796226566,0.11819559819938379,0.22633865325835884
1186,0.10161419525119406,0.025755769402940727,0.12638113923828068,0.04292711251827617,0.11442845179084486,0.22178785340572096
1187,0.10162045302683773,0.02176780096384531,0.12706135550590902,0.0429426195714737,0.11181954135019259,0.2264219055960607
1188,0.10160951029326686,0.021749445849437714,0.1278040207346823,0.04325271189117184,0.11159622715034541,0.22856312316252964
1189,0.10161728815155038,0.02537315814800418,0.12631631709825855,0.042966650394245756,0.1096078839407041,0.2263744169598258
1190,0.1015994585298696,0.021691863940833517,0.12791903104192015,0.04600453445872166,0.11378544645254964,0.22396711221448917
1191,0.10160061064538817,0.020192043257642463,0.12789212898133245,0.04519235880863361,0.11323479211840107,0.22524923601696262
1192,0.10158973013285008,0.02432689892733066,0.1301482262879242,0.04536995702228763,0.1145451211393011,0.23052960070218384
1193,0.10160924158437419,0.02253292132360746,0.12813308550498645,0.04451873135798974,0.11351946473633664,0.22636106042063292
1194,0.10161267074591529,0.024368121178357308,0.12684407208820364,0.04341321792074426,0.11035164765003493,0.22676735069383175
1195,0.10161437460908498,0.021080281780732842,0.12861855194059021,0.04471040614763957,0.11109913513079576,0.23004611454333532
1196,0.1016070749458889,0.028266031601973687,0.1286925608019941,0.04310419659164964,0.11333848117557076,0.22963500463876185
1197,0.10160544959594114,0.022119397052233137,0.12737865531185247,0.04383595412177754,0.1122300031247482,0.22607000868903165
1198,0.10161023167693681,0.024309714534863074,0.12969301123931368,0.04542033411861342,0.11159561130603883,0.23206308829328887
1199,0.10160827564599266,0.024211936907645185,0.12996580071637456,0.04498851831045532,0.11598581259250439,0.22892307124616393
1200,0.10160433173794962,0.024000562405743223,0.1276236626502357,0.04339391809265711,0.11204950629437611,0.22742756356367383
1201,0.10160647235285164,0.01992437000192214,0.12850381103273215,0.04419259741425522,0.11246411318074419,0.22885472250319694
1202,0.10160697417973723,0.023046667041777318,0.12929424095348396,0.04478241661914908,0.11603737640225967,0.22706292983904305
1203,0.10160666570836412,0.022965134884848172,0.12989821498586857,0.04456227028006863,0.11583668304812628,0.22929569162941071
1204,0.10158808562802359,0.019398528345523733,0.1295745397888194,0.045002517288462676,0.11586870265018949,0.22785239942780602
1205,0.10158352724397383,0.02060576101232314,0.12921825802098696,0.04568572722926672,0.11338239501867343,0.22858665181502075
1206,0.10157863728275744,0.020508731262753394,0.12925304247590955,0.046289231913998134,0.11473627736983304,0.22673361814389745
1207,0.10156674290843368,0.022718312597604245,0.1294410419662309,0.04504231782382032,0.11717660956860916,0.2261041985062632
1208,0.10155400204474205,0.01944775716113367,0.1287993458012587,0.044857105677812606,0.11558403748391334,0.22595689424205015
1209,0.10154862598851572,0.02118805162576413,0.12915290823252337,0.04278485378116656,0.11644471687343079,0.22822915404297273
1210,0.10154990988077445,0.021809464254331105,0.12932727308596811,0.044805794366124176,0.1177911042255173,0.22538492066626284
1211,0.10153466424354844,0.026694805744166702,0.12863422409582095,0.041553782919964824,0.11904737543915528,0.2253015139283428
1212,0.10152472476453979,0.02246563271848849,0.12871751112158158,0.042543111217132154,0.11985346565020906,0.2237559564974035
1213,0.10152086604576818,0.022927514783605087,0.12962528569289453,0.045830348289593675,0.11832122527842455,0.22472428351066537
1214,0.10150956197179775,0.019323961918554455,0.1301737221241572,0.04629353985980408,0.1182695445154612,0.22595808199720632
1215,0.10150964181796798,0.02401897180738854,0.12827777520631503,0.04504482670861129,0.11318114390925987,0.22660735500107396
1216,0.10150609617489179,0.023794313282106416,0.12849289297449973,0.04353112011112094,0.11305074836983288,0.22889681044254542
1217,0.10149597353192132,0.022321127910312422,0.12762712208889762,0.04434936669077378,0.110660601291295,0.22787139828462408
1218,0.1015013500665868,0.02228157051522809,0.1267682556705689,0.04504447903157246,0.10886113890672604,0.22639914907340822
1219,0.1014966857789655,0.01938078849051096,0.12347364036265765,0.041487309033622084,0.10771932334422708,0.22121428871012377
1220,0.10148291307123394,0.023281322525899182,0.12544967411829727,0.04345163728298739,0.10944018185769638,0.22345720321420803
1221,0.10149005773503107,0.0234504178570412,0.12562927492996626,0.04264904177619781,0.11071413106001968,0.22352465195368115
1222,0.10147805609793242,0.02289786332890668,0.12461842262827441,0.04275925452109875,0.11086754711939957,0.22022846624432485
1223,0.10148335904416542,0.02080803186681137,0.1242483825313502,0.041859827285193545,0.10946297357731193,0.22142234673154512
1224,0.10148452528088593,0.0214809964619197,0.12598046317477105,0.04314954122491718,0.10912305088760983,0.2256687974117861
1225,0.10148395724459375,0.02214860907405712,0.12772896148571397,0.043261760498093,0.11429823348313257,0.22562689047591633
1226,0.10148458089258289,0.02330472727373024,0.1284935677805807,0.04254226034152195,0.11450026671473607,0.22843817628548402
1227,0.10149057016809063,0.024135833633591116,0.12745675533743067,0.04114633165687569,0.11693002919962926,0.224293905155787
1228,0.10148591295251722,0.022987926293241367,0.12788100529115165,0.04264393018958653,0.1139657724379888,0.22703331324587958
1229,0.1014849871788275,0.023289973082912925,0.12823879643190192,0.04369847929892233,0.11632851072593005,0.22468939927085332
1230,0.10149188901048259,0.022740056793478795,0.13068397886883137,0.043682368168517484,0.11552376008612948,0.23284580835184718
1231,0.10148470383025011,0.022889004385801975,0.13012943006588112,0.04185098541190179,0.11686184474116526,0.23167546004457631
1232,0.10147341350588467,0.026703127110224704,0.13093180771499505,0.04141380348347982,0.11672601157096293,0.23465560809054234
1233,0.10146118880449219,0.026305997127499963,0.12850438285547072,0.03986909321376591,0.11533349139512164,0.23031056395752456
1234,0.10145814156442548,0.021373895878258227,0.1295134188472113,0.03917516460102355,0.11934275314973711,0.2300223387908732
1235,0.10145104239140262,0.02619928982512306,0.12903142534760823,0.040010738908683494,0.11979208385150314,0.22729145328263803
1236,0.10144408119585109,0.021764586921039556,0.13050508722024193,0.04251970313526905,0.12097019421390304,0.22802536431155368
1237,0.10143886664769149,0.01898823170062724,0.13050894539224805,0.04168785730123303,0.1218639129616455,0.22797506591386565
1238,0.10144612763644383,0.020256630618284466,0.12880228700973712,0.04132435837103457,0.1199168903533154,0.2251656123048614
1239,0.10143287007001243,0.021074009630467672,0.1295299704779544,0.04187402544510536,0.11939415284837117,0.2273217331403866
1240,0.10143560952913737,0.021718359020316522,0.1293364176684152,0.04150508714023344,0.12086799289133128,0.22563617297368088
1241,0.10143676997950432,0.02224962872049866,0.1284663894478284,0.04081047987818405,0.12117093380177728,0.2234177546635239
1242,0.10143639726652652,0.026559648169736643,0.129084366500481,0.04035070185142834,0.12118681144057832,0.2257155862094363
1243,0.1014326932973535,0.01826204802331089,0.12785022043287061,0.03836150847345142,0.12036197865076972,0.22482717417439071
1244,0.10142334413173305,0.021112790782495026,0.12855478136341655,0.03738853059101017,0.12438840134608208,0.22388741215315736
1245,0.10141969391976281,0.024781354852990784,0.12872839101108305,0.03805097579999603,0.12411312244874843,0.22402107478450456
1246,0.10143693832921769,0.01815193473358171,0.1303666297284278,0.039419852313140165,0.12623156284979847,0.22544847402234475
1247,0.10143059227627628,0.025712212801145627,0.12849286578994112,0.0384627292506996,0.12204857199622035,0.22496729612290342
1248,0.10142342032545369,0.020344542561207577,0.1309133510243508,0.03976227187683786,0.12474776859105921,0.22823001260515535
1249,0.10143420755350556,0.023401170371828324,0.13102984651695299,0.04004708651040603,0.12352929631584215,0.22951315672461087
1250,0.1014366861915863,0.021997944675670778,0.12889268358044442,0.03998352210615184,0.12019076195316819,0.22650376668201327
1251,0.10143256693776523,0.020773201635338752,0.12681707365759412,0.03781278892399017,0.12193184053377679,0.22070659151501545
1252,0.10143422084016922,0.021500704787222446,0.12916119165559398,0.03972699991543757,0.12294886037859455,0.22480771467274982
1253,0.10143339490307635,0.021615310213947827,0.12757756680247162,0.03796403292544095,0.12212173641662485,0.22264693106534902
1254,0.10142676544415964,0.02184054759460056,0.13058320544902235,0.04184481071400581,0.1259060176414758,0.22399878799158549
1255,0.10142746001720414,0.02008999579508062,0.1281439273385653,0.04052178859778944,0.1216816823031702,0.22222831111473623
1256,0.1014390543655581,0.02620364975682605,0.12707602778909574,0.0410968700104383,0.11918934582244807,0.2209418675344008
1257,0.10145394853609097,0.0261748656402971,0.12765009261484264,0.04075624478341569,0.12011110062612378,0.2220829324349885
1258,0.10145306563425427,0.024377583711219186,0.12720497193259314,0.04129115418798048,0.11990818917543476,0.2204155724343642
1259,0.10145467997419842,0.021334160159142038,0.12853654471643897,0.04355941780320128,0.12343682540744211,0.21861339093867355
1260,0.10144724870228035,0.02127482355138437,0.12926134852508991,0.044735766222130706,0.12268356102064305,0.2203647183324961
1261,0.10143967547054092,0.01985146762181767,0.1294860799919409,0.04510766944891874,0.12177102345119885,0.2215795470757051
1262,0.10142650473164011,0.02034340495206151,0.13014451996192009,0.043353953885413805,0.1230808937691751,0.22399871223117138
1263,0.10141398696861036,0.021735318427707075,0.12944400362569622,0.04517668050227062,0.12100182446538316,0.22215350590943486
1264,0.10141332900735951,0.024956125600265774,0.12911098642883462,0.04390296941856783,0.12285276835514984,0.22057722151278622
1265,0.1014242361861085,0.02065412296036068,0.13018136887396706,0.042920362181930766,0.12599609614905025,0.2216276482909201
1266,0.10141384578133877,0.021513818263242373,0.12812747277244463,0.0414100233908974,0.12133255880878406,0.2216398361176524
1267,0.10141650796183356,0.020816544732818576,0.13011019888013256,0.040366394964099425,0.1264451908557702,0.22351901082052794
1268,0.10141826300502278,0.025894985353505227,0.12959398363233243,0.040593027779246914,0.12206325747801121,0.2261256656397391
1269,0.10143226421911078,0.018784599589246036,0.13005592409554895,0.0397201623778511,0.12389472353473462,0.22655288637406107
1270,0.10142627323192616,0.021753386458075768,0.13137895357909654,0.04215218263149216,0.12250761964929677,0.22947705845650065
1271,0.10141936296136309,0.02314148683794989,0.1325210358678731,0.04270074814887741,0.12500891800757488,0.229853441447167
1272,0.10141678111546275,0.023567033740457575,0.13289918277369395,0.04085695646271599,0.12620074026461647,0.23163985159374928
1273,0.1014126783262815,0.022268370049186813,0.13089602134997236,0.041467535588269606,0.12699780541636468,0.22422272304528282
1274,0.10141291581539122,0.023394562998892122,0.1327390859700188,0.0409477161645149,0.12339824932793739,0.23387129241760413
1275,0.10139865102854377,0.018458378027110145,0.1343858709257056,0.04337167392353623,0.12835534726311834,0.23143059159046223
1276,0.10140558423197826,0.020524407607986496,0.13412575052963624,0.04311008706331401,0.127566054427139,0.2317011100984557
1277,0.10140534880920685,0.024383994982019045,0.13575340905551353,0.045000100948644074,0.1292652843083285,0.23299484190956796
1278,0.10139544942571584,0.023940808283535443,0.1355854545990909,0.04532656949000771,0.1286764618614159,0.2327533324458491
1279,0.10139168545168602,0.019448663809314717,0.1359115986872532,0.04564435652862554,0.12640504846941353,0.23568539106372055
1280,0.10138775760434444,0.024876559978300974,0.13571848771851716,0.047685647215524915,0.12353567195615978,0.23593414398386678
1281,0.10139290007611718,0.01990549351883243,0.13526750164188914,0.047728856668236695,0.12290213576736349,0.23517151249006726
1282,0.1014083386363045,0.019736731606749318,0.13682591750747208,0.048340881708344476,0.1267565663748891,0.23538030443918265
1283,0.10140232133506873,0.020280170482533263,0.1369330686234033,0.04529755561259094,0.1279112475106144,0.23759040274700458
1284,0.10140861828051165,0.020611402195558837,0.13451696510364688,0.04324877482679419,0.12356783410551866,0.2367342863786278
1285,0.10140249816216902,0.023056168068240585,0.1346117486055235,0.042644911834230005,0.12777410345833634,0.23341623052400415
1286,0.10140470199299464,0.028474372877524537,0.1312387100142653,0.045194519315264206,0.12040131472326993,0.22812029600426176
1287,0.10141179388005614,0.02247412874112626,0.13216704389943762,0.04610023306651446,0.11977566130039956,0.2306252373313988
1288,0.10139420877349793,0.020643043028540208,0.12889630530453375,0.044861428282359256,0.11751076899935241,0.22431671863188954
1289,0.101384969418287,0.0196392653598098,0.13113932044069115,0.04652745398615943,0.11846601156169251,0.2284244957742216
1290,0.10139333491186561,0.02392150730827321,0.1314889392419622,0.04594963203763813,0.12345267161534214,0.2250645140729063
1291,0.10139208827208987,0.023757881579357803,0.13286480373557058,0.04584529301093045,0.12338382934578564,0.2293652888499956
1292,0.10139262104722042,0.023988252947354943,0.1342762415773925,0.0477710620487656,0.12116195217446972,0.23389571050894226
1293,0.10140568411510495,0.019879370267963492,0.13492625392267507,0.04742102356213477,0.12053704231143517,0.23682069589445523
1294,0.10141145070085988,0.025658241197277724,0.13317422950463606,0.0463734355777682,0.11869752548630134,0.2344517274498387
1295,0.10141461101244892,0.024986016170262842,0.13128904309693368,0.04350849162273895,0.11634174094298058,0.2340168967250816
1296,0.10140726178702436,0.019396361531790543,0.1333322392212807,0.045053030669588025,0.11649071789487314,0.23845296909938093
1297,0.10141270603763318,0.022666525942776846,0.13439622657718892,0.04484161894171718,0.1177182170583395,0.24062884373151008
1298,0.1014064047014377,0.02393022898484838,0.13445654462066386,0.044719049993102125,0.12073507357031305,0.23791551029857638
1299,0.10141475043332407,0.021315948943902038,0.13398052976586172,0.04501069858775222,0.11887082331061172,0.2380600673992213
1300,0.1014165863775444,0.017115233836634304,0.13381424214353202,0.04515760909642786,0.11844469485951507,0.23784042247465312
1301,0.10142305760802085,0.02349566689544734,0.13553076142949863,0.046227456206921244,0.12141274253652183,0.23895208554505276
1302,0.10143467508077131,0.022849138864310555,0.1355550991302913,0.04532052586472944,0.12197717685044292,0.23936759467570154
1303,0.10143378561268036,0.01973293422449824,0.13260132646097583,0.04573360141228529,0.1178781873846554,0.23419219058598675
1304,0.10143578282463113,0.021690395995709606,0.13145178667121638,0.046039622645843166,0.11455830352627717,0.23375743384152878
1305,0.10143336256868042,0.019642361740063397,0.13055650753945452,0.04875575650825269,0.1149355457816472,0.2279782203284638
1306,0.10143040812223807,0.0205621597727018,0.13125563606843973,0.04851996737925089,0.11597674664359107,0.22927019418247724
1307,0.10142384423017654,0.024730604228534445,0.13273033309001347,0.04806151538954194,0.12150899310525451,0.228620490775244
1308,0.10141713751054207,0.02262494146753396,0.13170528974376208,0.04849303967677605,0.116793454177902,0.22982937537660825
1309,0.10142392781132648,0.020651695940007726,0.13104816573731154,0.048190949430242776,0.11584698855295583,0.22910655922873602
1310,0.1014132791394883,0.019504605613533857,0.1305723753878728,0.04699262915087105,0.11617104302856712,0.2285534539841803
1311,0.10142186395339572,0.020296013268114386,0.13114253459280778,0.04820015855724827,0.1157604287447746,0.22946701647640047
1312,0.10142761702841724,0.023021790649611025,0.13154427846546185,0.04791237897831286,0.12006393910213144,0.2266565173159413
1313,0.1014206612099447,0.023854014440387615,0.1321391082518896,0.048631683164859725,0.11984406387379008,0.227941577717019
1314,0.10141973811700127,0.019311166219770075,0.1328411780192886,0.04806005871284451,0.12080749828766234,0.22965597705735893
1315,0.10140791065118747,0.02369250278121975,0.1338534623651544,0.04801387353274543,0.12312344290885184,0.23042307065386602
1316,0.10139988700452454,0.026786847967353523,0.13222374562743508,0.04847670202983926,0.11931975500599479,0.2288747798464712
1317,0.10139577804770614,0.022156566386177086,0.13506498290076935,0.04959262108288745,0.1213734099866697,0.23422891763275083
1318,0.10139931210547432,0.021080291806883016,0.13308598947263692,0.04797726212147571,0.11785417366464798,0.23342653263178698
1319,0.10138911078577637,0.015674154396377368,0.13359577603717168,0.0475349307557578,0.11906824577103862,0.2341841515847186
1320,0.1013942744164323,0.020462282905257968,0.13500771815499937,0.046926591290026326,0.11996042349856564,0.2381361396764061
1321,0.10138788732486473,0.021476730801179313,0.13747162104971497,0.04948286551623068,0.12244076886605447,0.24049122876685974
1322,0.10137682543649336,0.023477221082291607,0.13769203972171093,0.04918745800144608,0.1216388152470825,0.2422498459166042
1323,0.10138304624533868,0.02157902950035961,0.1370943444733808,0.047476780283590383,0.12055800839889948,0.24324824473765258
1324,0.10138788298563402,0.020691670271676645,0.13833867542124106,0.0503463513657304,0.12299005926147201,0.2416796156365207
1325,0.1013905841859935,0.026352567313214177,0.1368299060879695,0.05076613095268369,0.12054943766038702,0.23917414965083778
1326,0.1013790961538268,0.020197855372682424,0.13284611519357806,0.05075594806408847,0.1140713446571227,0.23371105285952298
1327,0.10138614996112111,0.019546019496749546,0.13500138007004167,0.05111225933984727,0.11713341255055053,0.23675846831972722
1328,0.10140956172956167,0.022465005899023668,0.13602319609540134,0.04912438782706406,0.11843540064296994,0.24050979981617
1329,0.10139945936649343,0.018109808228337236,0.13622883621464316,0.04992212571356326,0.11842427874157789,0.2403401041887883
1330,0.10140607460572991,0.024585011469942665,0.13357832485625507,0.05014326989687328,0.11604059977802449,0.23455110489386743
1331,0.10139325482210326,0.023210009372284214,0.1358294842421452,0.05162042926581294,0.11543837312975921,0.24042965033086347
1332,0.10139257665787486,0.021356751108986858,0.13604906211218898,0.05003793828793479,0.11679102227565066,0.24131822577298145
1333,0.10139050258453677,0.02286784702052441,0.13593534870227408,0.049381290320528945,0.11714337327112537,0.24128138251516792
1334,0.10138671437810935,0.023884337536162457,0.13538319607753282,0.05082083250480967,0.11661095276111291,0.2387178029666758
1335,0.10138737415439593,0.021126480103584522,0.13294579721445904,0.05101863530437028,0.11012904288100915,0.23768971345799772
1336,0.1013953701568877,0.019953353965869555,0.13343978022272773,0.049482263766782254,0.11377492556007371,0.2370621513413272
1337,0.10139298234280253,0.02327972432014796,0.13397438104131448,0.04786045288650095,0.11721660610749621,0.23684608412994626
1338,0.10139553533331604,0.02270292443522761,0.13273961136389137,0.045201177182563154,0.11723868855927742,0.23577896834983353
1339,0.10139900309847069,0.01682581304166124,0.1315685132190788,0.04527707370841643,0.1155539848014595,0.2338744811473604
1340,0.10139439961756627,0.023031095918264695,0.13095573843242445,0.04705342865441968,0.11642122569066712,0.22939256095218655
1341,0.10139293806651146,0.019847991324943304,0.13245481656421274,0.04837993025373911,0.11497216472192107,0.23401235471697798
1342,0.10139111837092082,0.02068954057626413,0.13489678313175352,0.04931180950435906,0.11896840473951718,0.23641013515138423
1343,0.10138167612804137,0.0237742008796946,0.13221849523154933,0.04705863156742825,0.11609695910753919,0.23349989501968058
1344,0.10137111879925564,0.0212754636651693,0.13235347936709088,0.04882305835421001,0.11684173927419288,0.23139564047286978
1345,0.10137197441506511,0.02354312055454137,0.13256535531262242,0.0484834923126818,0.1184913114454627,0.23072126217972275
1346,0.10137403136665006,0.024033720405811042,0.13283311633922656,0.04839605642484481,0.11964263164936306,0.2304606609434718
1347,0.1013821669845953,0.022291448696595738,0.13247131001390872,0.04983320661124726,0.12038390906023623,0.2271968143702426
1348,0.10137569077475568,0.021489339254328218,0.13449421709585135,0.04826060204694723,0.12222589099315594,0.23299615824745096
1349,0.1013698427792937,0.0184835476990004,0.13229995014126378,0.04855525725529868,0.12183602903372823,0.22650856413476445
1350,0.10136573264849205,0.022413571484871553,0.13539002754851703,0.04880455774789493,0.12481748349710252,0.23254804140055368
1351,0.10137573002791762,0.02351491094052492,0.13483063357595718,0.048127390342443864,0.12143784181580575,0.23492666856962188
1352,0.10138381283107419,0.020121810398760622,0.13388194506473292,0.04511094140441954,0.12493796070650234,0.23159693308327683
1353,0.10138922976862953,0.02263261339940865,0.13170030524077705,0.043319882285647045,0.1223394344494892,0.22944159898719493
1354,0.10139280460806943,0.018873851765023632,0.13166030953409705,0.04294884555985757,0.1221958073511135,0.22983627569132012
1355,0.10138710450360995,0.02135681569592609,0.133148086542823,0.04555919287344679,0.12230749788239377,0.2315775688726284
1356,0.10138981901721274,0.021056645787157477,0.13341071639223875,0.04665489319705734,0.12411955020173401,0.2294577057779249
1357,0.10139298216296645,0.019092645849204847,0.13383367527575524,0.04838605004474239,0.12472922134308298,0.22838575443944029
1358,0.10139559848529896,0.023157819020529227,0.1337090465820087,0.048099023823672045,0.1230200065022741,0.23000810942007993
1359,0.10139473769104862,0.023036137272380457,0.1302542730437857,0.048116631066993175,0.12105044434680165,0.22159574371756227
1360,0.10139636183904595,0.019486303234262318,0.13039277546131126,0.04672471183604264,0.12196686957436274,0.22248674497352833
1361,0.1013895914917894,0.020913117776322966,0.13154544647288946,0.0482167237993272,0.12271144346994949,0.22370817214939162
1362,0.10140661058969105,0.021698006414546344,0.13074287590305994,0.04817935096631762,0.12253823204723784,0.22151104469562444
1363,0.10140926732139886,0.024396169926625504,0.1309710373940686,0.04904454123892264,0.12129636639946581,0.2225722045438173
1364,0.10142655427454457,0.023455041382135177,0.1334443221880702,0.049135371990006275,0.12288967912684448,0.22830791544735976
1365,0.10143666304893552,0.024406713593147878,0.13253737576299524,0.0498183002529834,0.12234661645684562,0.22544721057915665
1366,0.1014437242803945,0.023101929560971415,0.1316904254681636,0.04779233894936293,0.11970919273138593,0.22756974472374195
1367,0.1014537925179014,0.022323388898771643,0.12702875646966702,0.04581785381154887,0.12223523842686926,0.21303317717058298
1368,0.10145388773954425,0.020822730456815108,0.12714136219627206,0.04700795162598181,0.12496630211596679,0.2094498328468676
1369,0.10145361348231603,0.025610991751672363,0.12957159036040955,0.04925952967443075,0.12423221835042209,0.21522302305637578
1370,0.10146307158468033,0.018029684376243547,0.13076390041870936,0.049666114204164384,0.12349023557996858,0.21913535147199514
1371,0.10146872091295522,0.02183625790450809,0.12840743989978706,0.0482637201651973,0.12054294746166375,0.21641565207250016
1372,0.10146387581196305,0.022900009797233147,0.12871028972488924,0.04848817720008478,0.11907837578555824,0.21856431618902475
1373,0.10147229196216877,0.029228264295094643,0.13048242500334647,0.04956728322727791,0.12035205813044973,0.2215279336523118
1374,0.1014698870422916,0.020132066126390808,0.13125218841828754,0.04929096911718009,0.12437946742512258,0.22008612871255992
1375,0.10146245815801505,0.02257448950914454,0.12900102381873624,0.04810900429854222,0.12222235477736106,0.21667171238030541
1376,0.10145718236453388,0.0270791871122294,0.12880932843271511,0.0463388836998114,0.12109254642955487,0.2189965551687791
1377,0.10144981053882,0.02185351293438304,0.13099715213528104,0.048450767929928897,0.12585182088523653,0.21868886759067777
1378,0.10143958288506306,0.02172037534148929,0.13185289563232577,0.05024338451817729,0.12503582860521953,0.2202794737735805
1379,0.10143714792529336,0.023241352944911677,0.1312331412751283,0.05111396303427252,0.126268401639274,0.21631705915183844
1380,0.10143682365779691,0.025797276384008316,0.13126489724906812,0.049912267970144704,0.12596281505807608,0.2179196087189836
1381,0.1014373300936455,0.019813131824787503,0.131793119190059,0.051366046227769996,0.12376385611223673,0.22024945523017028
1382,0.10144646629283151,0.024090759591911075,0.13258568873962176,0.0536888881633289,0.12306484023321032,0.221003337822326
1383,0.1014371593542783,0.022816238808636233,0.13300809617071757,0.05386478973790914,0.12257186923327304,0.22258762954097053
1384,0.10143369154222723,0.023846433237583835,0.13351100721469902,0.05381398330920215,0.12427846534848005,0.22244057298641484
1385,0.10143955932999799,0.02151113683844626,0.13076797750801628,0.05251217087944169,0.11984338777873721,0.21994837386586993
1386,0.10144595071989859,0.02250534962907179,0.1313285032603078,0.052964733639720964,0.12066213965614855,0.22035863648505385
1387,0.10144498971721005,0.02138370070924424,0.1308927519478761,0.05050980943468204,0.12087330230825356,0.22129514410069276
1388,0.10145365753309861,0.018896868805462937,0.13218087506555887,0.049803145389795314,0.12012975914586305,0.22660972066101817
1389,0.10146656317341322,0.02460709631064483,0.13316143112743414,0.051843630140108024,0.12032161443357814,0.22731904880861634
1390,0.10145812787199578,0.024309174108040465,0.13218347399768735,0.05028018465696256,0.11940479499225141,0.22686544234384806
1391,0.10146361738948591,0.019762118522868022,0.1320875913138535,0.05128071790068865,0.11828208635660836,0.22669996968426348
1392,0.10147968551482221,0.019669043812410355,0.13529515401113074,0.05617482765064881,0.11965714960437213,0.23005348477837123
1393,0.10147351718826735,0.024544693703887312,0.13456289100679472,0.05505419061984418,0.12098820551003091,0.2276462768905091
1394,0.10146975555367055,0.02063443426874133,0.13469433518051163,0.05432250783584309,0.12142227401019372,0.22833822369549817
1395,0.10146706167811782,0.018617285506271074,0.13415579788423182,0.053917648480988456,0.12074391060520864,0.22780583456649844
1396,0.10146145193593475,0.022314166366689973,0.1332056956156666,0.05409393151774247,0.11826978359477257,0.22725337173448484
1397,0.10145304531846464,0.0207974028321299,0.1330985959926044,0.05281152511570104,0.11747652941041559,0.22900773345169662
1398,0.10145192928879566,0.02207565418572012,0.13115973078703538,0.051765585434603904,0.1181930677322511,0.22352053919425108
1399,0.10146070859105792,0.01704724930314637,0.13122990014660355,0.05252370192152267,0.1186640343425167,0.2225019641757713
1400,0.10145764461507648,0.022420958146950217,0.13069251574339066,0.050286932797433036,0.1186382437831028,0.2231523706496362
1401,0.10144649148358709,0.020243023018117163,0.1314452793646127,0.05073814010852021,0.11961139074389394,0.223986307241424
1402,0.10144105716862195,0.020578116326724835,0.12946767552349767,0.05120098167801788,0.11930603350064342,0.21789601139183173
1403,0.10143230106490232,0.021435104959118875,0.13224808717108194,0.05099215397661861,0.12084796359145827,0.22490414394516892
1404,0.10142840996177663,0.025602603828177965,0.12963722214052661,0.050890923508800326,0.12019687567083952,0.21782386724193997
1405,0.1014316810055761,0.02489825260111302,0.1336828189261504,0.05440679406184815,0.12051584334277017,0.22612581937383283
1406,0.10142116923256704,0.023481593023976087,0.1329432789820982,0.05341634954358714,0.12024515027717994,0.22516833712552756
1407,0.10141720941705319,0.017370857498931837,0.1347542333728007,0.05369346389881677,0.12157726653041245,0.22899196968917285
1408,0.10140692433478952,0.026134317908867076,0.1336468629388141,0.053431580194550535,0.11926988226016601,0.22823912636172575
1409,0.10140580804736918,0.023535115933745264,0.13189653384574063,0.05445766773221754,0.11908177685140381,0.2221501569536005
1410,0.10141441092061,0.026584073995309335,0.13131977363083358,0.05482781861047725,0.11774234133489128,0.22138916094713218
1411,0.10140143369849454,0.019909729562857702,0.13288447340432158,0.05598807677418333,0.12074172048414364,0.22192362295463777
1412,0.10139304408781102,0.01650026722040445,0.1312974063780175,0.05443939477132643,0.11981745884297137,0.21963536551975474
1413,0.10138828257832766,0.020820226877632478,0.12942442003607116,0.05309224160775931,0.1178740292033956,0.21730698929705858
1414,0.10138969821396601,0.02624056297029639,0.13042509293591814,0.0548316409713857,0.11820083755802582,0.21824280027834292
1415,0.10137814165891454,0.020335788300160126,0.12981173594104023,0.05532446555064625,0.11895874258390805,0.21515199968856638
1416,0.10136290826314204,0.023690137566881368,0.12853993239486097,0.05281869627607351,0.11767156384143203,0.21512953706707744
1417,0.10136010147839171,0.025398114928115764,0.13341015538082496,0.056511549979866876,0.12320267910173578,0.22051623706087214
1418,0.10135864029018843,0.02027975583887776,0.13215638072756636,0.05590643138790286,0.12289411575109441,0.21766859504370173
1419,0.10135748811610727,0.02381071038974999,0.13345700063285618,0.05772428817605171,0.12068487117389105,0.22196184254862572
1420,0.10135336491062724,0.0262780846773117,0.13437684673900416,0.058631654035513375,0.12187580356431452,0.22262308261718455
1421,0.10134449435377406,0.019516403959070224,0.13697034986339182,0.0610986702069652,0.12345399771459631,0.22635838166861394
1422,0.10135046660745393,0.02310936734628469,0.1365986158932351,0.060887048790375424,0.12406570564927602,0.2248430932400538
1423,0.10134043496410665,0.02542556212543482,0.1353463794855761,0.06011509955846888,0.12212042435844442,0.22380361453981504
1424,0.10134502121645714,0.02415315981768498,0.1354500268357234,0.06196680520035756,0.1237561554224557,0.22062711988435693
1425,0.10134021688483921,0.024933164303264848,0.13738566569217467,0.060953834392061826,0.12488264799626903,0.22632051468819317
1426,0.10133555101978019,0.020380226268208273,0.1381872160110524,0.06196560493053009,0.12613764307084105,0.2264584000317861
1427,0.1013365383169962,0.020681133046831,0.13711793612194517,0.06135666769755698,0.1243917986182509,0.2256053420500277
1428,0.10133873330375615,0.021331176971211754,0.13622131107564808,0.059718411525779606,0.12047349721633263,0.22847202448483203
1429,0.1013431334477335,0.021168039638206647,0.13725579814324732,0.060047888413916076,0.12117651084637511,0.23054299516945082
1430,0.10134110428840454,0.023396361347527442,0.1378776115365963,0.058617830580559645,0.121549578908978,0.2334654251202512
1431,0.10134959017189164,0.02300161841236338,0.13637219795299588,0.05932835826826254,0.11832588073258779,0.23146235485813735
1432,0.10134911670556217,0.02068643112422352,0.13588214232960621,0.059232368898247366,0.12138439988535757,0.2270296582052137
1433,0.10134760587076846,0.023001926110817344,0.13566411145433832,0.05718738048840145,0.12309643256979458,0.22670852130481903
1434,0.10134634128643269,0.027330324886041767,0.13600361834599645,0.059854237106415624,0.12204305522996517,0.22611356270160854
1435,0.1013394179239686,0.02237307390006479,0.1359954503370621,0.05950872275779274,0.12322026821231018,0.22525736004108338
1436,0.10133800604853596,0.023770492223991264,0.13559121287345893,0.058576067173359676,0.1199118173251295,0.2282857541218876
1437,0.10133895545070323,0.020877392007434055,0.13482133509691485,0.05938150665401094,0.12056205992487161,0.22452043871186209
1438,0.10133713365028975,0.017027130610885684,0.1385371243592474,0.06364292656716532,0.12341361692714134,0.22855482958343556
1439,0.10132221080898213,0.0217435969715974,0.13999884702213314,0.0642329584160835,0.12304398312234845,0.2327195995279675
1440,0.10133010435278253,0.023072571308826416,0.13970045230204392,0.06428720905710174,0.12337328558250844,0.23144086226652158
1441,0.10133562060050733,0.020840592188108777,0.13903205264949875,0.0621028063132741,0.12411854079156147,0.23087481084366063
1442,0.10133195615464133,0.02117203087032575,0.13891804317466805,0.061323724047189346,0.12226813554272273,0.233162269934092
1443,0.10134327595801632,0.025076636264941554,0.1380537386150775,0.05838219188230657,0.12291877445775334,0.23286024950517256
1444,0.10134440840505854,0.026846966061689917,0.13824070050940646,0.059272854589259044,0.12403129878882117,0.2314179481501391
1445,0.1013531078690153,0.02343142060515144,0.13914315497701532,0.05995532420916474,0.12520526975195972,0.2322688709699215
1446,0.10135982116476366,0.021239826662619816,0.1378729097675381,0.05846831756054444,0.12313394912301459,0.23201646261905529
1447,0.10135672427220478,0.025040384454682787,0.13763682913903408,0.058121511158055854,0.12331666775409679,0.23147230850494957
1448,0.10136013133697166,0.018435469898370735,0.13759803687436462,0.05938718652937133,0.12170153260180477,0.23170539149191774
1449,0.10135552594965237,0.022656131113962898,0.13833530721289164,0.057979478976734576,0.12621399970345165,0.23081244295848868
1450,0.10136773879131009,0.025409122418360332,0.13777769630697476,0.05803060419061294,0.12404116154445335,0.231261323185858
1451,0.10136338246112633,0.019694087036552104,0.13686677086240587,0.056698643898511175,0.12045890855946241,0.23344276012924403
1452,0.10136841063197369,0.026389642454072302,0.1369721583954035,0.0575572308683117,0.12180299559707142,0.2315562487208274
1453,0.10137593577712127,0.023223099351623155,0.1379336858462906,0.0567848820820371,0.122262894739383,0.23475328071745166
1454,0.10137238038916353,0.018852552551833726,0.13914860590611386,0.05778217433945007,0.12546309200099012,0.23420055137790144
1455,0.10136961612342031,0.018392731074360895,0.13803542558828286,0.059675289872467646,0.12269530339321141,0.23173568349916956
1456,0.10137469371417639,0.0269455270756314,0.1376872215184916,0.05841903893805671,0.12228555735473035,0.23235706826268782
1457,0.10137811000569545,0.022642537805949627,0.13852971051899743,0.06047013151640697,0.12106481842602983,0.2340541816145554
1458,0.10138287314369417,0.024419246466553465,0.13689576656325667,0.05961335000999399,0.12051925802845041,0.23055469165132558
1459,0.10137393441547841,0.02392059092585853,0.1363962472387206,0.05863059511909104,0.11877036247034604,0.23178778412672474
1460,0.1013702650294571,0.021725073114661885,0.14168021380988802,0.058350073847239135,0.12598344521339946,0.24070712236902547
1461,0.10136601780469118,0.020270664474388057,0.13862259885619158,0.05685296480633015,0.12328478587156419,0.23573004589068047
1462,0.10135890098396509,0.020871715630692598,0.13890921934442738,0.05905854661336397,0.12403302394323724,0.2336360874766809
1463,0.10135414424286143,0.022680313094115452,0.14077400565738257,0.05962814603058925,0.1246630181972321,0.2380308527443264
1464,0.10135959685819758,0.024859892511484787,0.14126039134736387,0.060811010159183214,0.12167191683422227,0.2412982470486861
1465,0.10136141328255689,0.022886926869192418,0.14110945433471928,0.05958063648982671,0.11831245810971357,0.24543526840461752
1466,0.10136406729762874,0.02083501035096005,0.1399242271197997,0.058777486135325276,0.11863978777259823,0.24235540745147569
1467,0.10137234200253253,0.023048218839627196,0.1412378760467624,0.059040438946248094,0.12313958201559208,0.241533607178447
1468,0.10137586933238782,0.02074138943149056,0.14225870053171116,0.060185949758972554,0.12165671395895701,0.24493343787720395
1469,0.10136581936234629,0.02487645434132816,0.14008637429045379,0.05705512528558927,0.11937259683447671,0.24383140075129536
1470,0.10135960964051792,0.021853278371686602,0.14265275665640878,0.05982213402428303,0.12068238236683615,0.24745375357810717
1471,0.10135250572224663,0.02203068867997586,0.14236796950664968,0.05729080535110618,0.12433937386572864,0.2454737293031142
1472,0.10134700310215398,0.023015343919709035,0.14071319828824266,0.055908297818873416,0.12161472651848637,0.24461657052736818
1473,0.10134921717720553,0.024208302471167887,0.13957188333947076,0.05429301417669256,0.12280379915549976,0.24161883668622006
1474,0.10134569207609244,0.020739441016648007,0.13916692214534523,0.054948760310384086,0.11873982728587276,0.24381217883977882
1475,0.10133919763477191,0.02483162230118098,0.1384856192427242,0.05594879135847817,0.11995925459269106,0.23954881177700335
1476,0.10133590522812291,0.024594406511036396,0.13864239537405293,0.05724261818350075,0.12166053140533885,0.23702403653331913
1477,0.10133729136127757,0.021351325928438292,0.138184164434679,0.05873738028029775,0.12203642120999471,0.2337786918137445
1478,0.10132868548924864,0.023573524539935994,0.1379105183955912,0.05719649102109447,0.1205257817893072,0.23600928237637203
1479,0.10132517434165296,0.01910910526723426,0.13613442676011173,0.05498485008060307,0.11824819076893707,0.23517023943079504
1480,0.10132117812664689,0.020044753374854337,0.13688951816214348,0.05731792799254664,0.11690035795913323,0.23645026853475054
1481,0.10132325003362773,0.02377005570586833,0.1361298566229226,0.05470970406473203,0.1154034452880772,0.23827642051595857
1482,0.10132692852990392,0.02348954139533592,0.13592691563016304,0.05519518168661893,0.1172929146396953,0.23529265056417487
1483,0.10132417027053824,0.021582259184726296,0.13551587355041164,0.05427426347424893,0.11539891938361851,0.23687443779336753
1484,0.10132834687423653,0.02539668320526256,0.13740243754585585,0.05513379852584869,0.11526128376510335,0.24181223034661556
1485,0.1013338653162515,0.02565093435684939,0.13725302464344666,0.05524805072500465,0.117551440600823,0.23895958260451236
1486,0.10133480461242358,0.022494522479825047,0.13679094537476194,0.05532970559138979,0.11678940652080601,0.23825372401209005
1487,0.10134642348811836,0.02090824866895403,0.13846537236122783,0.05795749202811696,0.11913803204639581,0.23830059300917075
1488,0.10134599166942417,0.020351244384682436,0.13846070770843893,0.056664449245316925,0.11785897039809491,0.24085870348190497
1489,0.1013467362944137,0.025413854507522423,0.13740065676280971,0.057996856095373264,0.11656086053833127,0.2376442536547246
1490,0.10134524002227573,0.02325876557866929,0.1364128606926454,0.05734029358886709,0.11495892712262082,0.23693936136644828
1491,0.10134324785658239,0.024173505590381093,0.13618344300447807,0.0567675942795204,0.11618136832705654,0.23560136640685728
1492,0.10134005444465462,0.017252235638090536,0.13744334599124955,0.05734506042187842,0.11683804047279402,0.23814693707907617
1493,0.10133827294794276,0.019265953999572448,0.1380903695713039,0.06166946013617905,0.11423778966877877,0.23836385890895398
1494,0.10133983973496467,0.019958065755433633,0.13823336204227948,0.060993925330537616,0.1148182570126919,0.23888790378360897
1495,0.10133865936573883,0.01966926790313586,0.13732260715338304,0.058775909840150735,0.11556889166287834,0.2376230199571201
1496,0.10132821107746359,0.024587853692935344,0.13989448179394476,0.059784044977153984,0.11712459678229309,0.24277480362238718
1497,0.10132343452047018,0.019636068451657603,0.13989696076256578,0.05927118291047682,0.11770614111322172,0.24271355826399874
1498,0.10132581539523405,0.023679587357886948,0.13967329371640178,0.05662936103422898,0.1192802680963807,0.24311025201859573
1499,0.1013208367030397,0.02153702058783039,0.13855873364524263,0.058815976698236835,0.11820134698783699,0.2386588772496541
1500,0.10131978755008302,0.018886009692763835,0.13907443220021623,0.057778202486616484,0.11676966017772251,0.24267543393630964
1501,0.10131008983761666,0.023462206679308487,0.13621554952886253,0.05443859740173768,0.11682304503757722,0.23738500614727265
1502,0.10131183370387904,0.02119947148992792,0.1376740909023076,0.05808160626264655,0.11779373313985793,0.23714693330441824
1503,0.10130272040556049,0.02576145685879644,0.13824770309947468,0.05818274475898051,0.1198215999224355,0.2367387646170079
1504,0.10130299582211726,0.023848136033230456,0.13697201877022508,0.05815159446617506,0.11994440637866235,0.23282005546583784
1505,0.1013119242191008,0.024498054793132877,0.13780805696187745,0.05520471360905708,0.1228697044691111,0.23534975280746417
1506,0.101316596256408,0.02823919438824627,0.1380983653201397,0.055994207614345946,0.12051848048567662,0.23778240786039648
1507,0.10131574517738402,0.023825342147964283,0.13836146343231642,0.05836560029437055,0.1180443780957718,0.2386744119068069
1508,0.10130370417034397,0.018285382657241746,0.13939300742607438,0.05829904054985655,0.1226431828828299,0.2372367988455366
1509,0.10130334623517918,0.020214725879122746,0.13849533273953654,0.05952446580687257,0.12099701424237659,0.23496451816936048
1510,0.10129712448097943,0.02445496206227167,0.13659339216784303,0.057436475095199224,0.11830729452317115,0.2340364068851587
1511,0.10129228383699354,0.02498248451106827,0.13781355708181434,0.058982731103030234,0.11799390471384406,0.2364640354285687
1512,0.10128217383607804,0.023888524797900452,0.13593005074719208,0.05759396909650625,0.11821024626672974,0.23198593687834027
1513,0.10128356236291557,0.020429905986748313,0.1351570014488134,0.059448556369568466,0.11464097135071842,0.2313814766261533
1514,0.10128462680133447,0.022766710269002326,0.1361604888352324,0.06186099328773986,0.11658596715884051,0.23003450605911682
1515,0.10127176913617343,0.027266849327323837,0.13586490815592864,0.05903279743928987,0.11694524487831909,0.23161668215017708
1516,0.10128439307577079,0.01974539210274306,0.13547110780841748,0.05901628155999033,0.11609330824127996,0.23130373362398216
1517,0.10127768319647366,0.02508422136622662,0.13666461447980285,0.059157281638302,0.11618151371805277,0.23465504808305387
1518,0.10127035110771022,0.022162723561836056,0.1340379688300869,0.05926746220008242,0.11419054918109897,0.22865589510907922
1519,0.10126734746049199,0.02567562507809218,0.13410958298515016,0.05982540068191714,0.11276052443054489,0.22974282384298847
1520,0.10126579577101409,0.022819915483802647,0.1326786687947667,0.05878607212962472,0.11229340592010124,0.2269565283345742
1521,0.1012640395949223,0.019183629791150656,0.1353915632563174,0.060818841689712085,0.11692708689833729,0.2284287611809028
1522,0.10126141399594377,0.027974561086480366,0.13411678582346245,0.0607523770468045,0.11368259785070843,0.22791538257287441
1523,0.10125577921228802,0.024089964408641217,0.13557107171180538,0.0584008206110832,0.11833881782438162,0.22997357669995122
1524,0.10125577961037788,0.01957956935543169,0.1336039474651807,0.05805663217851036,0.11589842536438147,0.2268567848526502
1525,0.1012514136655322,0.01896213234160463,0.13395921009570017,0.06088670192937199,0.11382093805456533,0.22716999030316315
1526,0.10124900119227384,0.024020579499647095,0.1351761414801279,0.06008704071204401,0.11426872746400744,0.23117265626433228
1527,0.10124130552862877,0.022551760927799983,0.13437633771418075,0.05920738992078822,0.11264787374978964,0.2312737494719644
1528,0.10122648867198598,0.02501671494189416,0.13488717812246973,0.060460310961123115,0.11169943898872188,0.2325017844175642
1529,0.1012367136738955,0.02265953192767801,0.135735005481044,0.05932447761772957,0.11388910298680165,0.2339914358386008
1530,0.10123123623383568,0.019096120900177305,0.13379424337524584,0.0603419735525503,0.11368504703092651,0.22735570954226073
1531,0.10122855991356788,0.020757350128540273,0.13378494959398526,0.06094539420973533,0.11320074071449988,0.22720871385772062
1532,0.10121741653400287,0.02121485709550073,0.13318435537936527,0.06096443093162522,0.11106503941879448,0.22752359578767603
1533,0.10122146669001618,0.0214970707372775,0.13408323063291355,0.06170719483465457,0.11310897613311571,0.2274335209309704
1534,0.10122125647663734,0.01930982826860677,0.1345396910628615,0.06191044192590107,0.112867460760618,0.2288411705020655
1535,0.10122115503238446,0.023170338430261627,0.1361104980153293,0.06296446611974706,0.11247580905917492,0.23289121886706582
1536,0.10121783371639974,0.01868054999204228,0.1367292945469736,0.0635472871512327,0.11270697476355017,0.23393362172613782
1537,0.10121923206912521,0.020899693005259196,0.1368085258141548,0.06453347385053013,0.11002005215752714,0.2358720514344072
1538,0.10122039641783007,0.024278618832161817,0.1378982333526068,0.06184948272152772,0.11447911814258876,0.237366099193704
1539,0.10121743769927649,0.025197599910587117,0.13693287798594633,0.061516191429249564,0.11434392453804461,0.23493851799054477
1540,0.10120595432020454,0.024147159334691245,0.13558830438465788,0.06147545949023508,0.11230835205648135,0.23298110160725727
1541,0.10120582609464868,0.023143213146452627,0.1352360731270773,0.060470480805196486,0.11149386646960298,0.23374387210643247
1542,0.1012092956299294,0.026347619907296137,0.13701085180037936,0.05951013579162985,0.11250303776668531,0.23901938184282298
1543,0.1012120807843478,0.02346690924534865,0.13682039350315345,0.05869977663213193,0.11249020977331785,0.23927119410401057
1544,0.10121204997582149,0.027308157003906323,0.13669725634022908,0.05897145347268881,0.11219413138444996,0.23892618416354855
1545,0.10120500554213581,0.019846023681230295,0.1376585634121893,0.058332575680614215,0.11538721821269146,0.23925589634326225
1546,0.10119139125526075,0.01965707670460558,0.13871076586301903,0.05816882918284821,0.1204738816548869,0.2374895867513221
1547,0.10119277912531453,0.024518287442778078,0.138853436917978,0.05756933268594692,0.11794679384645045,0.24104418422153664
1548,0.10117509826071186,0.02031515277347894,0.1405643589209911,0.058470448509792515,0.1176365911405339,0.24558603711264676
1549,0.10116732279175232,0.021066113866264446,0.14157194461520384,0.057270375860591353,0.11811588487881515,0.24932957310620504
1550,0.10116293445711554,0.021094463634927632,0.1409750450607057,0.05884760664439164,0.1156570711823205,0.24842045735540494
1551,0.1011516786283959,0.02029710606547434,0.1395038038040213,0.0585364479131382,0.11496475346307397,0.24501021003585172
1552,0.1011496759520599,0.021557568950823496,0.1392963748060392,0.05873138039979141,0.11594739520209532,0.24321034881623083
1553,0.10114280040724727,0.01897846517567125,0.14139465156545697,0.0598879648683581,0.11729383268343563,0.24700215714457713
1554,0.10113932160277193,0.025086628998054597,0.1392235776543878,0.05963617021126583,0.11236782100086645,0.24566674175103115
1555,0.10113021990570509,0.02185429328180679,0.14208013302486386,0.06218594402808229,0.11699183305211174,0.24706262199439755
1556,0.10111674470670642,0.021164102102963604,0.14199904815491668,0.06213433238563378,0.11687025658773527,0.24699255549138097
1557,0.1011174559792874,0.01790701625816948,0.1427283974885754,0.05948529400346555,0.1211634935950484,0.24753640486721226
1558,0.1011214584681643,0.023615324427452452,0.14228323076839391,0.0605935833711722,0.1169098704833434,0.24934623845066606
1559,0.10112594032330574,0.01970072279007147,0.14234422012821998,0.061160472304776274,0.11919922410819747,0.24667296397168612
1560,0.10113491011396673,0.018896120561069207,0.14291610989096853,0.05992062756805092,0.11891151289599895,0.24991618920885575
1561,0.10113095600492748,0.01972257819416482,0.14262168331131567,0.060021932824184734,0.11871719667311217,0.24912592043665013
1562,0.10112742949863389,0.022366604554195806,0.14185108261209173,0.059076951135729895,0.11823546864541137,0.24824082805513387
1563,0.1011244590053493,0.020650173923666967,0.14373316349123247,0.06173226050950663,0.12005950559086825,0.24940772437332245
1564,0.10111776330319669,0.020770823975718687,0.14428924826972567,0.06111820291924055,0.1215213474713552,0.25022819441858124
1565,0.10111270767967584,0.018152570990926483,0.14546325311592812,0.06066282325813696,0.12153929305386695,0.25418764303578045
1566,0.10110338464270713,0.022780382376063703,0.1443910884744731,0.06118678642249065,0.11977579529398366,0.252210683706945
1567,0.10109796065462408,0.0223762021088879,0.14182090600069835,0.061166120080780886,0.11811753090104984,0.24617906702026435
1568,0.10111191210604863,0.022514926904693772,0.14326444389837376,0.06110593297888855,0.11970924326308999,0.24897815545314267
1569,0.10109947230211393,0.026927385838951996,0.1428549874050325,0.060667637970069244,0.11896003935037439,0.24893728489465386
1570,0.10109641729571496,0.022706225075178565,0.14292161718590718,0.061476949734679785,0.12036217654322613,0.2469257252798157
1571,0.10109294114081394,0.020433262854703777,0.14304982114401643,0.06308049656530383,0.11873008673145376,0.2473388801352918
1572,0.10109221111418101,0.020897268761612124,0.1456708113076018,0.06515087976173754,0.12313948987721893,0.24872206428384885
1573,0.10108746464071802,0.027546385894223282,0.14478042611082914,0.06509417826218339,0.12448304802751008,0.24476405204279397
1574,0.10108268823884124,0.021138535306951447,0.14378336369376585,0.05971413972772473,0.1222903143246907,0.2493456370288821
1575,0.10107428361855865,0.023199519526645753,0.14497978898490124,0.06125419999499289,0.12078617371335372,0.2528989932463571
1576,0.10106459479254244,0.02376210760006687,0.1444291389432192,0.0573824492149087,0.12375702118197918,0.2521479464327697
1577,0.10107032433453393,0.020507172279911317,0.14485756034947073,0.05736334933671653,0.12405670419253335,0.25315262751916223
1578,0.10107930109792146,0.021782196249330203,0.14429252751793042,0.0565390522263545,0.12518950280004476,0.251149027527392
1579,0.10108484518787955,0.02376855693730755,0.14363020641418736,0.05406493324676545,0.12580685756748483,0.25101882842831175
1580,0.10109131948339889,0.019538230373765016,0.1435593624965547,0.05558628866222896,0.123328448864603,0.2517633499628322
1581,0.10108750095762926,0.023300874471411822,0.14455823883988275,0.05547242820786098,0.12536357398725648,0.25283871432453076
1582,0.10108827000003827,0.019397400519964574,0.14340723804677144,0.05611964520850352,0.12509315931406292,0.24900890961774783
1583,0.10109581067606492,0.026473536491641407,0.14422993992573313,0.055360251069905476,0.1245100549790016,0.25281951372829237
1584,0.10109624884557462,0.027142904172078104,0.14392723923342485,0.056314898588117404,0.12199336619962317,0.253473452912534
1585,0.10110467406127525,0.023043632835000296,0.14228071197470676,0.05460380953955037,0.12069055672395984,0.25154776966061004
1586,0.10111429758754499,0.022016896263511988,0.14198540859643755,0.056237137078223746,0.11928640520294935,0.25043268350813946
1587,0.10112030120209262,0.022382991764848377,0.14302480752207208,0.05450686645534808,0.1191478955184,0.2554196605924682
1588,0.10112933064094527,0.018783312531994795,0.14119305818369282,0.054089643694866685,0.11970882140855658,0.2497807094476552
1589,0.10113416136990275,0.022472318022653138,0.13954268455414634,0.055783276921622674,0.11628361866019588,0.24656115808062043
1590,0.1011188759620663,0.020211543230936466,0.14004699754410208,0.055752113759106645,0.11550401377262333,0.24888486510057628
1591,0.10111590795998152,0.019845820631662396,0.13922402483473945,0.0548792342472599,0.11704408134538465,0.24574875891157377
1592,0.10111362811799436,0.019010117773319922,0.13899518568967312,0.05415896255387961,0.11921747270802778,0.243609121807112
1593,0.10111758641577878,0.025986682538033,0.13937717529214552,0.05424811401614763,0.11859645215753362,0.24528695970275535
1594,0.10110837794130921,0.018499895874565565,0.13842983377428747,0.053543588199407674,0.11747557584244589,0.24427033728100886
1595,0.10109618116781799,0.026246085761086117,0.13970294198143637,0.053833599788110545,0.11949090550081302,0.24578432065538566
1596,0.10109489754849615,0.01984471775347076,0.14026450307477184,0.05471316307438061,0.11809141969984559,0.24798892645008933
1597,0.1010945227013442,0.020957542749763556,0.13870160166030354,0.05534019638100889,0.11594418940102473,0.24482041919887695
1598,0.10109671885484954,0.017960113835311594,0.14109221437778188,0.05381559910464404,0.12005990516395168,0.24940113886475004
1599,0.10109814046088576,0.023849694836650497,0.13956992816287694,0.055480614950016036,0.11905376845627785,0.24417540108233696
1600,0.10110668440380684,0.01684254498057929,0.13981197606760976,0.05616059544310916,0.11878513634463776,0.24449019641508232
1601,0.10110437486712892,0.022488347476035245,0.14113127657464367,0.05817395006587194,0.11927657809498829,0.2459433015630708
1602,0.10110270706357212,0.02241456795109248,0.14159612368657548,0.05880197718000425,0.1198700885925977,0.2461163052871245
1603,0.10109415409811676,0.02234494783144777,0.13929858598021425,0.057916845364997034,0.1188453392867892,0.24113357328885654
1604,0.10109668007417498,0.024425521858896414,0.13886369861796632,0.058126345997171404,0.11779500293658304,0.24066974692014453
1605,0.101102935461409,0.020643039652093263,0.13867585588005416,0.05980523907098567,0.11575245129473855,0.24046987727443833
1606,0.10109090615197397,0.020978100497857588,0.13935030303284263,0.05733483951188279,0.11654906787711591,0.24416700170952912
1607,0.10109289498066538,0.017010219072514942,0.13787812703454674,0.058748434615224956,0.11286561759992028,0.24202032888849498
1608,0.10110043252373452,0.021698630518575807,0.13729044073478744,0.05602549214401261,0.11254953418327468,0.24329629587707505
1609,0.10108506326946361,0.022118133386383965,0.13641261217139236,0.054761389682588875,0.11104175281785987,0.24343469401372833
1610,0.101083502200871,0.021417859905919063,0.1363096899768779,0.05508630133734443,0.11185948963409725,0.24198327895919194
1611,0.10108567699251046,0.01985559148438088,0.13625315984888592,0.05482212777228941,0.11401717187969064,0.23992017989467768
1612,0.10108223941591694,0.02221325282625315,0.13583806214651367,0.053858666434889645,0.11144129120356334,0.24221422880108798
1613,0.10107198514186272,0.02640078440017687,0.13582267773552925,0.05353546957371137,0.11217750568608088,0.2417550579467955
1614,0.10106959027384262,0.022281387506001192,0.13649974827096897,0.052197524741124796,0.1130545280045287,0.24424719206725345
1615,0.10106484384802135,0.02153872936424829,0.13608338773726508,0.05253090389423356,0.11244323026043031,0.2432760290571313
1616,0.10106438082952647,0.02361630628305382,0.1386872815526909,0.051570146877285714,0.1121731043489679,0.25231859343181906
1617,0.10106325745766317,0.023394708883344495,0.13521679564758363,0.05044026818370094,0.10937628044034946,0.24583383831870048
1618,0.10105854454287715,0.018898432391703614,0.13703850825138889,0.05503010797128682,0.11163352215873328,0.24445189462414646
1619,0.1010656291908656,0.02602243863973116,0.1375539305752202,0.05376021988887602,0.11204936971542181,0.24685220212136275
1620,0.10106592108134417,0.021127666096698427,0.13671467758546818,0.053163179896485585,0.10911200451539017,0.24786884834452877
1621,0.1010677779935364,0.023254973795464075,0.135533645509485,0.051738210118703165,0.1079239855920578,0.24693874081769396
1622,0.10107527927396434,0.01870615162171827,0.13716028581861217,0.05141693806843314,0.11084872026201105,0.24921519912539225
1623,0.1010771922791027,0.019264324696869554,0.13818287636235635,0.05179511457605678,0.1132581431970448,0.24949537131396746
1624,0.10107165670307323,0.024281436006946475,0.13573489012248802,0.05211844179303185,0.10850815189929122,0.24657807667514092
1625,0.10107931395544087,0.020158083954104053,0.13644226954437785,0.05265062329437014,0.1118455119724137,0.2448306733663498
1626,0.10107886091662338,0.024940191809858975,0.13479434568932386,0.050783832802908116,0.1087046232485384,0.2448945810165251
1627,0.10108601866897379,0.022966688382343305,0.13570074940943344,0.05106282918391311,0.10740031405316437,0.24863910499122277
1628,0.101080157658453,0.02551433688517444,0.13514870231255152,0.04976150741840148,0.10722150839437085,0.24846309112488216
1629,0.10107990599329587,0.024227808836270397,0.1364737298179696,0.049829002359135094,0.10808920482281262,0.25150298227196105
1630,0.10109100283370362,0.02036248739370689,0.13552687568400984,0.04946881556198082,0.10520702580393242,0.2519047856861163
1631,0.10109189936772763,0.026264869739540477,0.13684404752791396,0.0507569690460088,0.10575744316440291,0.25401773037333014
1632,0.10108891413981307,0.01951576359230008,0.13723662473025858,0.051281837165635405,0.10708837988541481,0.2533396571397255
1633,0.1010820582810697,0.025181344153729746,0.13840841376514446,0.0540822858300939,0.10742245576725609,0.25372049969808336
1634,0.1010832047127111,0.024960118433905,0.13995539565603304,0.05559988347070919,0.1084709583020403,0.25579534519534974
1635,0.1010843059933763,0.023351530074534423,0.13841096464070282,0.052652076951298525,0.10838064606536452,0.25420017090544533
1636,0.10107783648009958,0.023140559205419478,0.13777813057054591,0.05432535981563569,0.10891482561949514,0.25009420627650686
1637,0.10108064943855334,0.01639918443618546,0.13762403472999826,0.051005095621820276,0.10816059655561387,0.25370641201256067
1638,0.10108280313083283,0.020636900240515652,0.1382625769164934,0.05183751926099405,0.10899694533391623,0.25395326615457
1639,0.10108994809552824,0.01754564374344318,0.1369178247016994,0.05322009153817615,0.10812872619056044,0.2494046563763615
1640,0.10109083518887951,0.019915376768411826,0.13669625758984122,0.054154268534143055,0.1091288204117429,0.24680568382363768
1641,0.10108912794442342,0.024756922893793172,0.1369646584602432,0.053170583916998186,0.10890687991108296,0.24881651155264847
1642,0.10108737517904859,0.02100352880191115,0.1380665786742166,0.05101289054606412,0.11148722581972774,0.2516996196568579
1643,0.10108964156319193,0.02384478789703463,0.13827226416905963,0.050635257896474814,0.11072959034678043,0.25345194426392365
1644,0.1010921591595655,0.01923429372443721,0.13887492610836025,0.05254688139198763,0.11195569261105746,0.25212220432203564
1645,0.1010921297792851,0.01930858514820399,0.13900965576683108,0.052434186012710535,0.11237845680778262,0.25221632448000003
1646,0.10108904843199103,0.023547439708512315,0.13782819757660386,0.05250666838406735,0.11447068964428254,0.24650723470146177
1647,0.10109115513401225,0.026398438365914847,0.13937495641146083,0.053774698637115946,0.11467007542817202,0.2496800951690945
1648,0.10108261135535909,0.022083192527215578,0.1420303850467731,0.05446614547408648,0.11357901207335953,0.2580459975928732
1649,0.10108373127174551,0.021912802386712813,0.13966322222915578,0.05102925417514429,0.11127142002812608,0.25668899248419697
1650,0.10109047211195274,0.020696468537552918,0.14231635434589568,0.05230529667846987,0.11333412000897441,0.2613096463502427
1651,0.10110176189659177,0.021827857540927833,0.14154916142075458,0.0503838393812825,0.11323768151703005,0.2610259633639511
1652,0.10110599436250192,0.021840331134440887,0.14052907185681493,0.04987893236375275,0.11246232718653952,0.2592459560201525
1653,0.10110437771213615,0.018767733407081228,0.14193124796269294,0.049779248592859975,0.11449749269833712,0.26151700259688176
1654,0.1010986663306855,0.02317133891937483,0.14403567648149418,0.052742255001659084,0.11480504604817862,0.2645597283946448
1655,0.10109998430004681,0.02156411351819246,0.1439143966582847,0.05293129979707267,0.11138997023396677,0.2674219199438147
1656,0.10109419796887559,0.02055361249429681,0.1417416309563468,0.05485653434264284,0.11325550506661594,0.2571128534597815
1657,0.10109065533647695,0.026540890665136714,0.1410860649897539,0.05292779138165283,0.11137176206817695,0.2589586415194318
1658,0.10109302274984995,0.016802439740921157,0.14214760024667933,0.05630266048611882,0.11033229399222118,0.25980784626169795
1659,0.10109473312271809,0.022082344287403077,0.1423482236450542,0.05447340260334635,0.11091745698492002,0.26165381134689625
1660,0.10108706922060515,0.020349406913880853,0.14237248426211166,0.05482955477967808,0.11434391228693738,0.2579439857197195
1661,0.10108781438252748,0.021213305864341305,0.14189573430874589,0.05403086240958651,0.11219528261048835,0.25946105790616286
1662,0.1010848138107387,0.025018018604547932,0.14161704335415667,0.0545138119803691,0.11203921738989228,0.2582981006922086
1663,0.10108824483024659,0.024037526226006516,0.14232245637568977,0.055235782518795275,0.11198982848649507,0.259741758121779
1664,0.10109260282982797,0.01990813285009895,0.14317165765810877,0.05539920014988813,0.1163213530202407,0.2577944198041975
1665,0.10109398207337873,0.02118901097445939,0.1428978830610139,0.05394681918175251,0.11575332250023763,0.25899350750105155
1666,0.10110401648904628,0.02184474431590421,0.1422632041216409,0.054936743366118514,0.1154660566080186,0.25638681239078565
1667,0.10109954666388646,0.021675888602492536,0.14256268344203057,0.05506211810758602,0.11271408202925595,0.2599118501892498
1668,0.10108912105924044,0.021972996361807596,0.14330757775471184,0.05245320044073536,0.11584662127359148,0.26162291154980866
1669,0.101091182247918,0.02730749393941019,0.14304708339402253,0.05267140860681283,0.11680307287269437,0.2596667687025605
1670,0.1010883882047247,0.018638997291698812,0.14296869116897024,0.051549748785628055,0.1138780065976259,0.26347831812365685
1671,0.1010862855814292,0.02145505398358649,0.14298723324481805,0.05283633119577989,0.11210973656151976,0.2640156319771545
1672,0.10108610909928396,0.02047362889924746,0.14372581891737107,0.05304606803971965,0.11466253664660958,0.26346885206578396
1673,0.10108932234330717,0.023049758106551473,0.14414495128297397,0.05348295569583071,0.11510235006129627,0.26384954809179495
1674,0.10109485494463816,0.02354498006363357,0.14550092033285764,0.05353868082086382,0.11512413088273353,0.26783994929497557
1675,0.10108573526130948,0.024468565397341983,0.14280915453262288,0.05345794539422615,0.11181457092928787,0.2631549472743547
1676,0.10108132131877193,0.021067313889051,0.14255140218747306,0.052139492019818316,0.11366557402735002,0.2618491405152508
1677,0.10107965943882107,0.021355225965653243,0.1442508685448469,0.05210639971109841,0.11435441060944575,0.2662917953139965
1678,0.10107124092413212,0.021119755997080245,0.14326924006546377,0.05332069919174821,0.11312281433458247,0.26336420667006066
1679,0.1010732919008945,0.02202094985585673,0.14379597292798083,0.053562661653563624,0.11330397050735387,0.264521286623025
1680,0.10107051236127514,0.019783838099425622,0.14447927644685607,0.05289079417262204,0.11342183843786041,0.2671251967300857
1681,0.10105956404912124,0.01957158177593432,0.14594715756332147,0.052872899771474954,0.11165692506196627,0.2733116478565231
1682,0.10105864810117124,0.023445166870054733,0.14396056595040616,0.050794406413233774,0.10989156789198072,0.271195723546004
1683,0.10105490760691478,0.01844458288634743,0.14265414707859445,0.05179952170635986,0.1078754140117542,0.2682875055176693
1684,0.10105103601651957,0.01985167397891751,0.14335002528326948,0.05055126734974782,0.11187163736042444,0.2676271711396362
1685,0.10104940225440077,0.01978174423856783,0.14393679900130923,0.052486746892093615,0.11205411929228232,0.26726953081955174
1686,0.10105059942409216,0.02263068470385581,0.14309840751339198,0.0558598771152518,0.11354947540228134,0.25988587002264274
1687,0.1010518135455809,0.022346095297338945,0.1419146853642443,0.054145822050500884,0.11420429728909856,0.25739393675313343
1688,0.10105155496640648,0.02438079392083818,0.14154562058857864,0.055138771213724555,0.11375476718939186,0.2557433233626195
1689,0.1010523893738719,0.018819601154121082,0.1411634410065392,0.054795603771930754,0.1155110038364475,0.25318371541123935
1690,0.10104976122852453,0.027056867643292664,0.14320148504781957,0.05781402615058067,0.11487740923388294,0.2569130197589951
1691,0.10104379622746068,0.02139638774867735,0.14320082235893267,0.05707116610464964,0.11712049150810284,0.25541080946404543
1692,0.10104181847939582,0.023588470304544914,0.14110282656263012,0.054679098870710895,0.11607958695387594,0.2525497938633036
1693,0.10103194511715675,0.022743693549364605,0.14240542018464877,0.05663947188521996,0.1164990189688171,0.25407776969990925
1694,0.10102526417451246,0.0215767581489929,0.14328940490377243,0.05580913213902973,0.11710989818731547,0.2569491843849721
1695,0.10102910434131757,0.023143505204401598,0.14262560225079227,0.05552546679809629,0.11616751300403717,0.2561838269502434
1696,0.1010266238968081,0.024285170809100427,0.14098679983075105,0.05642451339976713,0.11478792386554756,0.2517479622269384
1697,0.10101807415415184,0.021300221013390092,0.14195711262653882,0.05834186045215642,0.11647222756934765,0.2510572498581124
1698,0.10102236398601105,0.01976269493822848,0.14116402284181656,0.06030074247099527,0.1145194221523324,0.24867190390212202
1699,0.10102021445242036,0.024055809365888137,0.13924661447020698,0.05802806638628179,0.11397900344707962,0.24573277357725948
1700,0.1010258510404764,0.024201225040178857,0.13947848241908384,0.05580708388140195,0.1130641868968846,0.24956417647896498
1701,0.1010261963270152,0.018700653550410826,0.13899732381420773,0.05484782537540898,0.11221373568958863,0.24993041037762556
1702,0.10102132446048433,0.022936332772796827,0.141403763691277,0.05797148254274736,0.11359161882772328,0.2526481897033604
1703,0.10101646553426671,0.022146263425607986,0.1411296639199234,0.057022295904412185,0.11314181870654055,0.2532248771488176
1704,0.10100715356745218,0.020406604486417436,0.1414937949656374,0.056492321926893796,0.11421479924813914,0.2537742637218793
1705,0.10100551460041023,0.021680411361220613,0.141520824128979,0.05405253570116113,0.11688489325740607,0.25362504342836983
1706,0.10100158159173489,0.01930830787476972,0.13967353319706852,0.05549450154653034,0.11316548758508697,0.25036061045958824
1707,0.10101163145240202,0.02070730646304277,0.13976607236776312,0.05563107533294714,0.10952145123992676,0.2541456905304154
1708,0.10101234522110564,0.0229058926757336,0.1393370590402109,0.05449587002087586,0.11030158917160007,0.2532137179281568
1709,0.10101035514129286,0.01891048017963494,0.14055739440808437,0.05658904089782522,0.11398440406751287,0.251098738258915
1710,0.10101467719755493,0.02477664538416711,0.14123935203759216,0.057080790696276265,0.11225653384557632,0.2543807315709239
1711,0.10101125157433546,0.018047535031082973,0.14248947352047972,0.05858989793931791,0.11548838720110605,0.25339013542101524
1712,0.10101624578508564,0.02271702472766864,0.14112582192431927,0.05828573756848533,0.11194943025684455,0.2531422979476278
1713,0.1010085811786176,0.02334999169255976,0.14146462053426517,0.058898112852806134,0.11292664501783031,0.252569103732159
1714,0.1010015887784224,0.02359361305295354,0.13982569963205457,0.05652453726425099,0.11240117578699034,0.2505513858449223
1715,0.10099489871509756,0.019489769115367407,0.14006368118939957,0.05617371890948717,0.1133883699987918,0.25062895465991974
1716,0.10098885953563741,0.019219698569642743,0.1402331901919925,0.05621023996147741,0.1131965883180299,0.2512927422964702
1717,0.10098394871215696,0.017367189983488508,0.1394175460208179,0.06003261697743868,0.11194545200409553,0.2462745690809195
1718,0.10099074638947618,0.019311345448465102,0.14315896378945744,0.057622858071321184,0.11488673996924728,0.2569672933278038
1719,0.10098499998795538,0.021156788991310713,0.14196937709198973,0.05692102196338204,0.11561227207073686,0.2533748372418502
1720,0.10099124466662684,0.021886478471732425,0.14225096165909784,0.057313199424647084,0.11403947873272255,0.2554002068199239
1721,0.1009903163119109,0.022724927977626323,0.14511692523581338,0.05955332096569487,0.11745406520911411,0.2583433895326311
1722,0.10098705967344643,0.021626491927900945,0.14519737446624956,0.05694831752938013,0.11909896682759183,0.25954483904177666
1723,0.1009882691929204,0.023323285902941596,0.14459964065242936,0.059558953956583505,0.11954746555978876,0.2546925024409158
1724,0.10098737437819869,0.020936015688894083,0.14133745769605913,0.05528898812447141,0.11568207588249035,0.2530413090812155
1725,0.10099534456875718,0.021061274196097338,0.14129568435976333,0.05366755207666606,0.11556082588274981,0.25465867511987406
1726,0.10099067654160644,0.02537816868455357,0.1424781905115079,0.05530767193882575,0.11496784809687476,0.2571590514988232
1727,0.10098917487281933,0.024564707930016423,0.14150539435670498,0.057571796882286225,0.11272264519721348,0.2542217409906152
1728,0.10099997979575644,0.02369700253296096,0.14226780915770318,0.056859342062005,0.11500642950581345,0.2549376559052911
1729,0.10100718334882247,0.02207265940592644,0.14068289478908744,0.056365365444170826,0.11467011160637917,0.2510132073167124
1730,0.10100306380849396,0.018679081751663915,0.14182791386358368,0.05754829133909749,0.11423778393864807,0.2536976663130054
1731,0.10100730765122888,0.02381254822186323,0.14352047192196915,0.05889862814738318,0.11638018296527419,0.2552826046532501
1732,0.10100855606442474,0.018797563575297084,0.14189045583789586,0.05991780203132322,0.11407015824474429,0.25168340723762006
1733,0.1010150489817871,0.02311084019619932,0.14267849598435875,0.0600255730859861,0.11475115288347433,0.25325876198361585
1734,0.10102683889512638,0.0173495814445842,0.1430086665380999,0.05899612608306151,0.1155583492014826,0.25447152432975567
1735,0.1010253448875209,0.020513167376617323,0.14586503186264074,0.05992900335884827,0.11621965572380673,0.2614464365052672
1736,0.10101811851220349,0.019927685728304733,0.14650565556527767,0.06017559355412528,0.11620486107245095,0.2631365120692568
1737,0.10101941504017868,0.020773160402662718,0.14489366482360788,0.05950671092190143,0.1146464863361587,0.2605277972127635
1738,0.10102391607548405,0.021630550105330125,0.1474176360514316,0.06437851729908019,0.11677846892904852,0.26109592192616615
1739,0.1010204573268429,0.016206954864677138,0.14663224737391142,0.061964572994231616,0.11905998901305433,0.2588721801144483
1740,0.10101505165974198,0.024203008959246628,0.1474938540277582,0.062170796316042734,0.1191891150613304,0.2611216507059015
1741,0.1010165724513039,0.01839386317291945,0.14690691259353944,0.062257280665122705,0.11933602525870211,0.25912743185679354
1742,0.10101777544137953,0.021520442727564638,0.14689870255474818,0.05945961277416231,0.11931408540986507,0.2619224094802172
1743,0.10102153516117178,0.02178043497549277,0.14844063950989012,0.0613324218211894,0.12311733711594977,0.2608721595925311
1744,0.10102178419207705,0.019547063081836333,0.14606418762011136,0.061431364475917856,0.11730079230448273,0.25946040607993354
1745,0.10101938862685524,0.022304260836878316,0.1479677613109526,0.059639541951712984,0.12384194013137015,0.2604218018497747
1746,0.10103424152692844,0.02003112559787521,0.14736966392963408,0.05825253724841433,0.12096963792883644,0.2628868166116515
1747,0.10103087765999859,0.02070607147657507,0.14823836171019106,0.05581858711545378,0.12179507447186065,0.26710142354325866
1748,0.1010348405967127,0.02283934515128575,0.1474184903262876,0.057536743879203774,0.11854341447957738,0.26617531262008165
1749,0.10103174864548985,0.017947629959871723,0.1500337423198805,0.0605755683047746,0.11908501857792958,0.2704406400769374
1750,0.10103181617873717,0.02059726923499473,0.14974887374080176,0.05865803321929701,0.1186647172572126,0.2719238707458957
1751,0.10102773207324764,0.022174392842860498,0.14848785945985063,0.06030148812325064,0.11652935892886382,0.2686327313274374
1752,0.10102770277735414,0.021196789639891345,0.14788070182521865,0.059558490041560254,0.11487888872821392,0.26920472670588175
1753,0.10102492961352977,0.020071333992442632,0.14774158447536545,0.06007970870435158,0.1150411121947277,0.2681039325270172
1754,0.10102356054752443,0.02171162300247853,0.1479818475669035,0.06086262143672139,0.11458791556315844,0.26849500570083074
1755,0.10102628036322833,0.018500138478147014,0.1494821408759534,0.05996395489831562,0.11570797145285289,0.2727744962766917
1756,0.10101717425611256,0.01786016418462531,0.14729252158219114,0.05959287769776363,0.11817742050969655,0.2641072665391133
1757,0.10102627473968405,0.022823051459775097,0.14545477277770383,0.05807408984442263,0.11644726827346039,0.26184296021522846
1758,0.10103921156226767,0.022522949852704748,0.14703613979728702,0.057285048719321156,0.11966883466562252,0.26415453600691735
1759,0.10103568233301845,0.021973985655424758,0.14653697605005916,0.05496231537031734,0.11755120567554929,0.26709740710431085
1760,0.1010283329199769,0.018502198662403522,0.14851467434134788,0.05576858586894732,0.11907601976264369,0.2706994173924526
1761,0.10102408774619752,0.019758395334466612,0.14867683018650055,0.055825029968996596,0.1217487586890799,0.2684567019014251
1762,0.10102768715642133,0.022884202719648247,0.14917175412043385,0.056794498526061846,0.12186562176317685,0.2688551420720628
1763,0.10102066306346094,0.021818300691109273,0.1487966559213598,0.055614580977454815,0.12373480575044504,0.26704058103617956
1764,0.1010262451244049,0.020603457664933815,0.15182304872277008,0.0573093023646782,0.12149363269970662,0.2766662111039254
1765,0.10101896467348985,0.0254443334441149,0.14945344298491425,0.05745908162200986,0.11933809682495741,0.2715631505077754
1766,0.10101333640477154,0.022908309520203642,0.1514424181118747,0.0579186110591966,0.1265059243039044,0.2699027189725231
1767,0.10101157303923529,0.021746149726322703,0.1507768610962827,0.056364821712020015,0.12554577977799583,0.27041998179883225
1768,0.10100955568646118,0.018234390794367096,0.15124381204804058,0.055810917197249954,0.12686467131635742,0.27105584763051443
1769,0.10099754231232111,0.02345299404413791,0.15204941971042865,0.05707838915799831,0.1251811211596191,0.2738887488136686
1770,0.10100333872925853,0.020184709375675753,0.14982705506926913,0.05607106524405151,0.12183685367635727,0.2715732462873986
1771,0.10099951803905785,0.022500966076917213,0.1494534853993571,0.057838784052635366,0.11876965068855411,0.2717520214568819
1772,0.10099939566393891,0.023213882753139087,0.149886369806922,0.058945812370571796,0.12104393448989217,0.269669362560302
1773,0.10100091638391175,0.027352151498595358,0.1503707931209014,0.056978743442008525,0.12379217204108547,0.2703414638796103
1774,0.10099327359773866,0.024335696558461503,0.15049589884146147,0.0555989834912428,0.12613888389071662,0.26974982914242496
1775,0.10098442568667255,0.017153331456225843,0.15205477447800225,0.056545647707172714,0.12378959964205194,0.27582907608478213
1776,0.10098614616935943,0.024724264852461094,0.150450751476853,0.056535600088963384,0.1223318437938394,0.27248481054775625
1777,0.10098990765342912,0.017553059268190157,0.15141523711402857,0.05791070289213443,0.12250542979108904,0.2738295786588622
1778,0.10098998323245569,0.027272684042108315,0.15149671020608368,0.05885725690154743,0.12342786542018609,0.27220500829651756
1779,0.10099012025859107,0.02288919601243626,0.15129345143573708,0.05757862640744473,0.12669661408764818,0.26960511381211827
1780,0.10098717257531935,0.020144052453357073,0.15389371673864888,0.057393214231818514,0.12701202128277575,0.2772759147013523
1781,0.10099005421471964,0.020378305651655968,0.1517544979360514,0.056893528732345426,0.1251759759120625,0.27319398916374626
1782,0.10099686528724823,0.020707787840411118,0.15020602402760827,0.056438673103922414,0.1255063498279775,0.26867304915092494
1783,0.10099683291284266,0.020240572013471198,0.1505879438899957,0.05619186676397459,0.12356062897874034,0.27201133592727206
1784,0.10100531193150289,0.020618770621888306,0.14820383669773815,0.05646241557350893,0.1188403628395299,0.2693087316801756
1785,0.10099861134630013,0.022801212476345475,0.14968168783996572,0.057354976455690855,0.12354247018350807,0.2681476168806983
1786,0.10100256363392925,0.02292844357383133,0.1505400209111948,0.055720898460232746,0.12343996128310229,0.27245920299024934
1787,0.1010153548570736,0.025397295729186083,0.15010905839539163,0.0558944533805635,0.12366088698632437,0.27077183481928696
1788,0.10101254333580048,0.02084962349063438,0.14974841894395735,0.057058530391888365,0.12291224410866385,0.26927448233131973
1789,0.10100903682836325,0.023166920176593123,0.15030179740450908,0.05545131223457263,0.1252412029579114,0.2702128770210432
1790,0.10101386782710385,0.02158435870295591,0.14951981108153253,0.05596819816158857,0.12347728973726638,0.2691139453457428
1791,0.10101659050033583,0.021979232854794296,0.14900454947609307,0.05441582077178721,0.12345398899865503,0.2691438386578369
1792,0.10100991306400062,0.02341564554556453,0.15155941322075459,0.05578380605230747,0.12925398834281346,0.2696404452671428
1793,0.10100976914347941,0.02577681749581957,0.15055273011483827,0.0562637712301721,0.1279870489761075,0.26740737013823523
1794,0.10101045813163644,0.020863146457937787,0.14939981818204975,0.05476181654373082,0.12733099936589262,0.2661066386365257
1795,0.10101076949952949,0.027686768567578776,0.14885194207132282,0.05228537053001698,0.12642469474389695,0.2678457609400546
1796,0.10100306364307096,0.02686028318273194,0.1472537123772235,0.053077301599263424,0.12493585486805128,0.26374798066435584
1797,0.10100405758992831,0.019205483686624458,0.14897219569742193,0.050808364538083996,0.12602891845837874,0.27007930409580294
1798,0.10099675601045013,0.020705417431537032,0.14845531051432162,0.053568631028136963,0.12424543458253395,0.2675518659322939
1799,0.10099596560696604,0.023607834463378996,0.14946200917392327,0.05243872978783707,0.12298769136968503,0.2729596063642477
1800,0.10099356177342077,0.0247367810919048,0.14878941462541134,0.050970633973823856,0.12362353645832867,0.2717740734440816
1801,0.10099238936751818,0.023633506472026198,0.1491403824030634,0.05240854533391856,0.12331890299999211,0.27169369887527955
1802,0.10099986481585968,0.02363950679939182,0.14855321489618595,0.05300858086809026,0.12362643580451475,0.26902462801595284
1803,0.10099595306814044,0.020818970118023392,0.14988595383394634,0.05343311855772634,0.12820301699371167,0.2680217259504011
1804,0.10099539597696262,0.017707692714803026,0.14806130938274278,0.05257936352579853,0.12503631991039646,0.2665682447120334
1805,0.10099707638590003,0.02499870249525665,0.15045864138889414,0.05259709310854572,0.13312628482987393,0.26565254622826273
1806,0.10099632852771957,0.025279819065161437,0.15297391653951428,0.054149220890357376,0.1316313778860241,0.27314115084216134
1807,0.1009873588215966,0.024292248114905306,0.1526048672902391,0.05397303465498612,0.13222305633310666,0.27161851088262456
1808,0.10098267753411744,0.024926573433282456,0.1523546018548311,0.05426917036996729,0.13299067856543018,0.26980395662909584
1809,0.10099091887367374,0.022446590714687534,0.15226156882025788,0.05407462293947691,0.131167508647305,0.27154257487399164
1810,0.10100331285244751,0.023752293270908147,0.1502235079227797,0.050958974660107584,0.12744630048861674,0.27226524861961465
1811,0.10100425293979007,0.0225738111578464,0.1502375015115881,0.0501002780520256,0.12925712004893686,0.2713551064338018
1812,0.10100069314418446,0.02172194923434251,0.1498462251126325,0.04956090025050567,0.1279836789044405,0.27199409618295134
1813,0.10098959898301595,0.024034691262283574,0.147547970341467,0.04846075934820805,0.12279306956614508,0.2713900821100478
1814,0.1009878643861752,0.019765612336744325,0.14898146059565137,0.048178115230089476,0.12711821943232265,0.271648047124542
1815,0.10097686391207053,0.02185100960852173,0.14844345958275565,0.0479322142088956,0.12934696761756717,0.2680511969218042
1816,0.1009787331434248,0.020763454568633412,0.14906461173186894,0.049383273073532484,0.1254047223438597,0.27240583977821475
1817,0.1009803621607262,0.023937937039541106,0.1492573876266927,0.049089707382097655,0.12463042453460309,0.27405203096337744
1818,0.10097910757566989,0.02476729188161357,0.14884702060345517,0.048061510829054924,0.12397570629333235,0.27450384468797817
1819,0.1009864241963414,0.01737672218797002,0.14943006862151356,0.045989014549556846,0.12308052776887651,0.27922066354610725
1820,0.10097873227954862,0.02473935341995481,0.1470121657903513,0.04647344512977058,0.12271453501602465,0.27184851722525866
1821,0.10098594262934314,0.022991168506726507,0.1480375129476175,0.04637902650498968,0.12074118899153662,0.2769923233463262
1822,0.10098849323242194,0.021275594646898908,0.14872331073081213,0.04641441682173831,0.1219293471724839,0.2778261681982142
1823,0.1009800302783745,0.01707672389439609,0.15054168156945186,0.046624655292936606,0.12380501843976696,0.281195370975652
1824,0.10098014814076058,0.020264415591502313,0.15001546113267145,0.04589130036647748,0.12357338084013962,0.2805817021913972
1825,0.1009699081154746,0.024751999544742324,0.15017205547567558,0.0464836765203076,0.12310840177888362,0.28092408812783554
1826,0.10096747105419693,0.02285424378364088,0.1510440157988926,0.04999959979045588,0.1253410817057759,0.277791365900446
1827,0.10096841340747315,0.020230438384798047,0.1520882544655943,0.05008180255584537,0.12741256655969854,0.278770394281239
1828,0.1009671243754214,0.020467476957049632,0.15248649110894089,0.04824493156065538,0.1278985286979898,0.2813160130681776
1829,0.1009701594504819,0.02397654358878227,0.15400695953657026,0.05079772405080092,0.12922061310844637,0.28200254145046355
1830,0.10096457017160715,0.02069221613183862,0.15413702406572305,0.05063525932304058,0.13155415806834397,0.28022165480578465
1831,0.10095918264823449,0.023363466907264815,0.15323045876736172,0.04911751955461257,0.1293731393737278,0.2812007173737448
1832,0.10095626128670218,0.02232612497012351,0.1543344455096685,0.04825389107813264,0.13339578290894435,0.28135366254192845
1833,0.10094963918766357,0.02113015256386968,0.1520988759795709,0.04994728138836112,0.12869314092245449,0.2776562056278971
1834,0.10095705081072218,0.02427666597934923,0.15239397489085463,0.05101809419138051,0.1297440723103437,0.2764197581708397
1835,0.10095319061998026,0.019950647158105395,0.15346546907611186,0.05096723913844739,0.13252261417540476,0.2769065539144834
1836,0.1009528793588929,0.02121525573313548,0.15353308731764564,0.050626581418703104,0.13101089035044444,0.27896179018378947
1837,0.10095193987113782,0.020619063684240428,0.15295736429433232,0.049930569467288514,0.13105580617798643,0.27788571723772204
1838,0.10094775034104125,0.02813523215122604,0.1558122847455242,0.05014070693245825,0.1339262779460307,0.2833698693580836
1839,0.10094208246111443,0.020869959257153927,0.15394188395187797,0.04880195365646871,0.13028424672469788,0.2827394514744673
1840,0.10094093862601337,0.021132779260602648,0.15406958121182066,0.04911778010876386,0.13011977841733907,0.28297118510935904
1841,0.10093347212194977,0.02438421467663599,0.1563683603259225,0.048545439461413604,0.1354291676802528,0.285130473836101
1842,0.1009358425252806,0.02159825743585492,0.1555829013708072,0.05148752370284064,0.1303092173043651,0.2849519631052158
1843,0.10093790169277149,0.01955200546447273,0.15330797374413352,0.04821450408533833,0.1305459661627026,0.28116345098435963
1844,0.10093614073771555,0.021863913822964372,0.15286140116533167,0.04676293262086953,0.13049261455852473,0.2813286563166007
1845,0.10093416420483317,0.02329188628754893,0.15372724123539191,0.047687901454496175,0.13180851235798058,0.2816853098936989
1846,0.10093985048014245,0.02318338697816822,0.15190169794434333,0.04889847775517746,0.12865527009386285,0.27815134598398966
1847,0.1009362681215869,0.019534576193470026,0.15068969399291315,0.04978912190263232,0.12891412418796508,0.27336583588814206
1848,0.10093361521846393,0.021310756719896875,0.1536973910530318,0.053216785350537484,0.13247495334061507,0.2754004344679428
1849,0.10093518759249234,0.020208529600303206,0.15173970958521968,0.05247148389669595,0.12904265284608246,0.2737049920128806
1850,0.10093324568097063,0.020240486166586337,0.15286564854208817,0.05093732899374085,0.1291819991013095,0.27847761753121414
1851,0.1009291156351984,0.018718605094570122,0.15156497990939316,0.050042453926464024,0.12624189652830442,0.2784105892734111
1852,0.10092928867252132,0.02091870984767178,0.15315531002621258,0.049524344445671595,0.13053181740735834,0.27940976822560776
1853,0.10092416758231429,0.019375814663719484,0.15214539658195161,0.049106047996439625,0.1277236665709199,0.27960647517849524
1854,0.10092960439616402,0.02279010298023449,0.15255036520598292,0.04884818615345755,0.12778159377065532,0.2810213156938358
1855,0.10092369057855174,0.02335181806140085,0.15017611240625894,0.04769269174609856,0.12486941127930189,0.27796623419337635
1856,0.10092275446216396,0.023670232434955883,0.15125875789927454,0.04584656969681398,0.12686059101102162,0.281069112989988
1857,0.1009215796015403,0.022781162152970498,0.1514204664536249,0.043378351821534454,0.12683789052062935,0.28404515701871086
1858,0.10091904547069373,0.020161785427895994,0.15066626065304958,0.04580046636127174,0.12636353057586938,0.27983478502200765
1859,0.10092849925552573,0.022213546576959186,0.15140692702084305,0.04759058447516838,0.12546453262307908,0.28116566396428166
1860,0.10092852232956558,0.021836704960071365,0.14949423708238807,0.04561481548168656,0.12480936038973102,0.2780585353757466
1861,0.10092511280523805,0.020214519516973357,0.14946712680546584,0.0466452456539591,0.12491062952921966,0.2768455052332187
1862,0.10092978868407974,0.01783915895056766,0.15158256045171026,0.048701714476498605,0.12428917003266794,0.28175679684596416
1863,0.10092758181967572,0.01916817779094499,0.15068155508594824,0.04897098783290769,0.12483889202202013,0.27823478540291685
1864,0.10093302239071301,0.021239379994862563,0.15096472709739353,0.047735595439854034,0.12696560793590086,0.2781929779164257
1865,0.10092632720038751,0.023074679175455984,0.15374408554664099,0.05000957463077718,0.12800935046090545,0.28321333154824035
1866,0.10092968965150323,0.024328085711802613,0.15524730664201888,0.05249596690167365,0.13011976667715994,0.2831261863472231
1867,0.10092634149780051,0.023294932458473985,0.15516957967597084,0.050981511408700685,0.1306014001180116,0.2839258275012002
1868,0.10093086375201239,0.023141495324807117,0.15058663386306,0.05064870280531391,0.12289481477701798,0.2782163840068481
1869,0.1009273260315989,0.023602180979436158,0.14799790490135203,0.04878353535762946,0.12332367817751369,0.2718865011689129
1870,0.10092692927920642,0.02416356746541283,0.1492377343660843,0.05061115190435396,0.125472576889249,0.2716294743046499
1871,0.10092866204724635,0.021420223598642874,0.14913501097533968,0.04943312419973482,0.12419453157278244,0.2737773771535018
1872,0.10092779951472584,0.02157227414675761,0.15292729078226933,0.04968747185124273,0.12909073285623984,0.28000366763932544
1873,0.10093449035704989,0.023863928281805998,0.15101454101853443,0.04955327004769894,0.1270712826958737,0.27641907031203056
1874,0.1009342390471728,0.0186368190065231,0.1506530515394594,0.04924816379897045,0.12758818234692682,0.27512280847248094
1875,0.10093907606185398,0.02385853808380076,0.1496904521541927,0.050795038494159964,0.12541647925784147,0.2728598387105767
1876,0.10094333255507743,0.02258084499329105,0.15173871298517402,0.05062614216224079,0.12800834430066557,0.27658165249261574
1877,0.1009431434648952,0.02037568100237209,0.15040924464586805,0.04913781031739987,0.12786934979701944,0.27422057382318493
1878,0.10094943082704516,0.0214667939318809,0.15214774750896554,0.04994499730468746,0.1275255389834861,0.27897270623872306
1879,0.10095184640178066,0.023344933488313638,0.15130524516070534,0.05158185741367534,0.12707043158056683,0.27526344648787393
1880,0.10094270696622051,0.018339199761710535,0.1511358800585219,0.047686959082995535,0.12959236936996965,0.27612831172260055
1881,0.1009465874824529,0.02000986832017276,0.15169957247010485,0.050939859830322426,0.12877371155777365,0.2753851460222185
1882,0.10094020092306916,0.023361200706379977,0.15020492501774715,0.04983718853223705,0.1260674792636028,0.2747101072574016
1883,0.10092880080670909,0.022008097230469474,0.14922547814898973,0.051588961769473966,0.12491445195251644,0.27117302072497884
1884,0.10092645328423552,0.025570187391277543,0.149520060187394,0.050677288130726895,0.12430932884110944,0.2735735635903457
1885,0.10093997814228804,0.019175060405430273,0.14890304384952543,0.05026015563144242,0.12499410687421465,0.2714548690429192
1886,0.10094719888665565,0.022282725707150897,0.15145435085814937,0.049590942667429604,0.1281009763609847,0.27667113354603384
1887,0.10094413143202242,0.020299172940024986,0.1494724688483649,0.05137001801391314,0.12477401739982948,0.27227337113135214
1888,0.10094149353353273,0.021007420341071066,0.14948114278801983,0.05140229878322711,0.12372259937461455,0.2733185302062179
1889,0.10094016681637358,0.025066078203613087,0.15171740993493496,0.0511167927049389,0.12725048671634145,0.2767849503835246
1890,0.10092425963850414,0.020991345869723357,0.14884084809878978,0.05023552760786508,0.12602826862033242,0.2702587480681719
1891,0.10091778071185847,0.022677020756730892,0.1494562562303914,0.052278939394314244,0.12423707205890287,0.2718527572379571
1892,0.10091648245271517,0.02260139816779884,0.14692474451588458,0.053891288085709574,0.12126569349503907,0.26561725196690505
1893,0.10091870719839016,0.021249262408439957,0.14891523487936412,0.05374208014558671,0.12493759005935615,0.26806603443314947
1894,0.10091681805622861,0.02500751184295062,0.14797476691673922,0.05110572241363329,0.12437966918121063,0.26843890915537383
1895,0.10091479356446621,0.01999411164154384,0.147514172070581,0.05194992774012349,0.12054784246798815,0.27004474600363143
1896,0.1009081271389179,0.0239073316965925,0.14831359283962822,0.04956307984530017,0.12460773046391607,0.2707699682096683
1897,0.10091233098111016,0.02536269172316581,0.1472630976639478,0.04867119973627903,0.1220271253371816,0.2710909679183828
1898,0.10090943014560927,0.02254443923009142,0.14731291574539157,0.047686484253415845,0.1222560967416437,0.27199616624111517
1899,0.10091707635544528,0.022354645187710777,0.14761854557584217,0.04729991990174074,0.1237171357587446,0.2718385810670411
1900,0.10090811139784366,0.019997531868256802,0.14930336503475358,0.04742371678021399,0.1250637848060485,0.2754225935179982
1901,0.10091065195801498,0.024763497344365303,0.15020777558518855,0.04699833476319467,0.12696512276911648,0.27665986922325453
1902,0.1009120485759227,0.026017957320393383,0.148505523665784,0.047354061186315834,0.12216028533145955,0.27600222447957656
1903,0.10091288707308747,0.02121597709308044,0.1485873585762322,0.04747379647929099,0.1235359055601,0.2747523736893056
1904,0.10090981700456682,0.023972541863873147,0.14800365498977114,0.04781680591128682,0.12119221455782724,0.2750019445001994
1905,0.10091274907491495,0.019593157483190484,0.14832880768451603,0.05065397121342573,0.12112379754881325,0.27320865429130914
1906,0.10090740500104316,0.021902728681462116,0.14742015071603656,0.04985778291169383,0.11801331477744757,0.2743893544589683
1907,0.10089267194976718,0.022357920609397827,0.14773113490600814,0.05078453063297387,0.11797578499443916,0.2744330890906115
1908,0.10089535131677435,0.019640596132507085,0.14716842128206856,0.04756559086450798,0.12042924803341516,0.2735104249482826
1909,0.10089446394803707,0.02012073665579507,0.14844292762578987,0.05011250850191453,0.12076690309455443,0.2744493712809007
1910,0.10089643208197799,0.01966548890276037,0.14729451362872953,0.0502947907103276,0.12164209194321267,0.26994665823264835
1911,0.1008964518760036,0.022998159634556346,0.14740805848282335,0.048735667832073386,0.12060072041839341,0.2728877871980033
1912,0.10089472505515425,0.0257595646894766,0.14647561957359084,0.048898427545236295,0.11884926466459028,0.271679166510946
1913,0.10090310193571404,0.023758047286851894,0.14700995946200165,0.04857530794806906,0.11701916759615003,0.27543540284178586
1914,0.10089802198363823,0.023459175551419485,0.14779603561160595,0.048267214597511744,0.11667800380374663,0.27844288843355947
1915,0.10089543991232491,0.02000551052480239,0.14816264371013219,0.047897338754354736,0.11691215555460442,0.27967843682143745
1916,0.10090718399334128,0.02048861648274095,0.148210091574903,0.04924850847646703,0.11822986489552795,0.2771519013527141
1917,0.10091008939922709,0.023618595321547746,0.14906780409200623,0.05049117942876153,0.117307349242632,0.2794048836046252
1918,0.1009020139577595,0.01912459800780682,0.1499020282694225,0.051214284456821295,0.11961470975913839,0.27887709059230775
1919,0.10090858031183024,0.021299766002564165,0.14801546401017257,0.05016940389451176,0.11776187553872636,0.2761151125972796
1920,0.10089865218340677,0.019055123447039322,0.15073331026401393,0.052265469310261034,0.12166063250743693,0.27827382897434383
1921,0.10088934929878447,0.02196430007488485,0.1518342356502685,0.05275573601182958,0.12264646120964413,0.28010050972933165
1922,0.10089079434966224,0.01781312801570394,0.15073329909207925,0.05469219749246245,0.12104430640029676,0.27646339338347853
1923,0.10088095681197788,0.022994702232121682,0.15195513124876983,0.05571210694879912,0.12208799853105355,0.2780652882664569
1924,0.10088360298805561,0.02135818292492992,0.15173584008682112,0.05606593709032548,0.12176768244393446,0.2773739007262034
1925,0.10088756701376628,0.02453620517427106,0.14867046591733166,0.05379157827005447,0.11760897130874588,0.27461084817319464
1926,0.1008846238519232,0.020395238021544426,0.14790849828683164,0.05486852073540193,0.11937928426403151,0.2694776898610615
1927,0.10087871020580104,0.020364772638996508,0.14578379200431882,0.053786123963966495,0.11758343415067313,0.2659818178983168
1928,0.10087619748593339,0.02291857572891652,0.14894055363684774,0.05240851180990246,0.12188414412894041,0.27252900497170035
1929,0.10087505681232047,0.01767030883704675,0.14758586109140123,0.052982932993343786,0.12228645118282627,0.2674881990980337
1930,0.10087523297164629,0.024129502197214856,0.14784985461617628,0.05253589585805842,0.12219271792875067,0.2688209500617197
1931,0.10087749274575067,0.019893240836007586,0.14656253659314986,0.05396584972579752,0.12190273491632538,0.2638190251373267
1932,0.10088307888702798,0.02019622099392953,0.14786003098720107,0.05401217374996527,0.12244616805016477,0.2671217511614732
1933,0.10087623853888185,0.02082599229860749,0.14725890019972307,0.053531382354374074,0.12354165194450346,0.2647036663002917
1934,0.10088630429037741,0.02126190352442718,0.14796841959788556,0.05374231537071228,0.12319065500183962,0.2669722884211048
1935,0.1008881132231493,0.02210122366520461,0.14966353080661926,0.05593028069057192,0.12555089637378236,0.2675094153555035
1936,0.10088865146958059,0.020779811054652965,0.14795474609897188,0.05490381770078472,0.12552939569179553,0.26343102490433534
1937,0.10088990780977757,0.023104951042789878,0.14797246060025981,0.054684356899840636,0.12469740921035652,0.26453561569058226
1938,0.10088871154927083,0.021222685164936732,0.14813843442788302,0.05577304289008335,0.12394323258038763,0.26469902781317806
1939,0.10088404301160282,0.020753051688592664,0.14813736922545306,0.05595355012761944,0.12535626715515708,0.2631022903935826
1940,0.10088154754686503,0.023527190758016975,0.14835410595550227,0.054988407705701126,0.1232214429718915,0.26685246718891414
1941,0.10088297893313841,0.022044026395935397,0.14611217583366484,0.05532420803504195,0.12093315083191732,0.26207916863403513
1942,0.10088737314212506,0.0247915810443338,0.14925052570043548,0.05739469124067507,0.12045742257649276,0.2698994632841386
1943,0.10089161680579095,0.024797108137883765,0.14914299334667905,0.05845598315887235,0.12411664111621455,0.2648563557649502
1944,0.10089457274371025,0.019474058900915123,0.14950874971800376,0.05718392875875451,0.12367312480283855,0.2676691955924182
1945,0.10088570581367161,0.020305260826516364,0.15050720622614275,0.05702037723119021,0.12488261484792358,0.2696186265993144
1946,0.10088979051264094,0.022363411091552477,0.15045894218354713,0.05763083372130579,0.12471916935622342,0.26902682347311213
1947,0.1008876354264952,0.024600671187984684,0.15076913004119719,0.056363814556056546,0.12557597505759485,0.2703676005099401
1948,0.10089161950934797,0.022191918444727142,0.15165359477611398,0.05764199931375855,0.12510316200679256,0.27221562300779073
1949,0.10089467096552199,0.023240711321655342,0.15119513919649386,0.0592699289168282,0.12334970626859627,0.27096578240405694
1950,0.10089764988680326,0.02052628235095986,0.1504417519576793,0.05915513019274616,0.11856827590045133,0.27360184977984037
1951,0.10089797094996797,0.017897326718975537,0.1507117443443891,0.05675825462746264,0.11945879891838566,0.275918179487319
1952,0.10089639539427456,0.01975568449474714,0.14869494804417702,0.05876569320132969,0.11590228986389242,0.271416861067309
1953,0.1008985252498236,0.020501284657452802,0.14833566466799245,0.05857982077754616,0.1190353604249174,0.2673918128015138
1954,0.10090198443907823,0.020592243237766043,0.15184303390254578,0.06071487768884146,0.11999645497413122,0.27481776904466465
1955,0.10090012771733926,0.021317699973337153,0.15189600022634928,0.06047791414422992,0.12358517120051536,0.2716249153343025
1956,0.10090606493359192,0.021318664113297695,0.14888193350840362,0.05856428777463347,0.12316242969077833,0.264919083059799
1957,0.10090276836236343,0.025232655835812832,0.15121075778543497,0.059076844260415005,0.12323590186570851,0.2713195272301814
1958,0.10090012233941979,0.025199618769141962,0.15177215156667667,0.06101132956411639,0.12369528122967009,0.2706098439062436
1959,0.10090084561264084,0.02259594884250161,0.15261091104141786,0.06000610858881949,0.12449687040742367,0.27332975412801036
1960,0.10091188646150129,0.026737418931187928,0.15438144781175522,0.062491732126566245,0.12474780707200445,0.275904804236695
1961,0.1009055089643394,0.018636911436203052,0.15650395586033286,0.06397129388096871,0.1258492646474866,0.27969130905254325
1962,0.10089737800444233,0.02097142111544981,0.1528297560132251,0.061574580145976644,0.1213893659645546,0.2755253219291439
1963,0.10089566732904517,0.02115270976278122,0.15371810787834395,0.06274444766200388,0.12256230934198742,0.27584756663104043
1964,0.10089245656792947,0.019921433144201865,0.15408327963182744,0.06252836353164609,0.12247751172906222,0.277243963634774
1965,0.10089189563299034,0.02445252072720334,0.15281806473694495,0.06265900731451315,0.12406952609358621,0.2717256608027354
1966,0.10088864927839643,0.018246944823734602,0.15385885420487222,0.06499618144843994,0.12313826768923612,0.27344211347694053
1967,0.10089478851157781,0.01880410868984923,0.15374431065293745,0.06232843440655671,0.12558031691772745,0.27332418063452824
1968,0.10089805792609599,0.022264174298603966,0.15371354344003987,0.061183627388680856,0.12472120276357138,0.27523580016786736
1969,0.100899322568747,0.027576933513970683,0.1539576793577478,0.06078525048066894,0.12516001871648283,0.27592776887609155
1970,0.10089282403617703,0.021612689349253308,0.15245149183666407,0.05894064324361778,0.11972072878187219,0.2786931034845022
1971,0.10088691572859526,0.02273775183533818,0.15209484202839743,0.061478191168198096,0.11863645260124694,0.2761698823157472
1972,0.10087731037542928,0.02073658058862599,0.15396484961499715,0.060796481779814,0.1268249601492126,0.27427310691596474
1973,0.10087855716905068,0.020577944775308797,0.15528148429206204,0.06024305409534581,0.12672798621960263,0.2788734125612376
1974,0.1008766992424207,0.018892835994846605,0.154147504684431,0.05882149842109377,0.12598316334827506,0.27763785228392407
1975,0.10087393708630918,0.02090316396653369,0.15163189263127047,0.06017410833354538,0.12444675447806533,0.2702748150822007
1976,0.10086628664504538,0.02153022021740496,0.1530836637638323,0.060754931908232127,0.12667487722407916,0.2718211821591856
1977,0.10085904171249174,0.019036182321246466,0.1551893023891919,0.06471215047777339,0.12511268554312474,0.2757430711466775
1978,0.10085595355400251,0.022915708571996405,0.1567302270752009,0.06505494372189487,0.12772054209942416,0.27741519540428367
1979,0.10085229793293177,0.022095553709836294,0.1541906013763825,0.06238494735271686,0.12654623964746936,0.2736406171289613
1980,0.10086078327848136,0.01885060747264729,0.1534894371474273,0.05898416752673192,0.12899630789947236,0.2724878360160776
1981,0.10085785524351995,0.02034304825096749,0.15570021212343288,0.059990682799553094,0.12744294464212907,0.27966700892861646
1982,0.100858366315906,0.019888859115567308,0.15713697311040536,0.06256503626152457,0.127542258314875,0.28130362475481646
1983,0.10086114772667526,0.017822061443942903,0.15637160004980508,0.05926136000519318,0.13203029960034063,0.2778231405438814
1984,0.10085716189495846,0.029572542683055987,0.1562199359536146,0.06041433122654717,0.12480988991612506,0.28343558671817154
1985,0.10085107170646569,0.01840155817130575,0.15556181645680908,0.06041651162217479,0.1264134215514852,0.2798555161967673
1986,0.10085630767909734,0.019439394830347987,0.15513385925413284,0.06221158068275949,0.12629749738443008,0.2768924996952089
1987,0.10085455213428851,0.024009769144057145,0.15674297482427635,0.06201055304657718,0.1283740701688247,0.27984430125742715
1988,0.10086585449910278,0.02629132831248055,0.156500932993245,0.06130590384724282,0.12961210635754225,0.2785847887749498
1989,0.10086449605017285,0.019843696412233935,0.15652044049563407,0.06214236887361169,0.1299890594020109,0.2774298932112796
1990,0.10086558768503133,0.02228451138906995,0.1566307857356749,0.059639495210184496,0.13101346574993555,0.2792393962469045
1991,0.10086460713599986,0.02428581626965321,0.1549099103585589,0.059378722878836915,0.12964765781030885,0.2757033503865309
1992,0.1008653021665306,0.02300069762585729,0.15529525697491572,0.060515968499538705,0.12947151936573797,0.27589828305947045
1993,0.10086385398021011,0.02365292674489391,0.1553026175227578,0.059045636171914787,0.1318044350771229,0.27505778131923575
1994,0.10085594544328749,0.021401367290333324,0.15521126827828885,0.06177248110081008,0.1326649903782859,0.2711963333557705
1995,0.10085642438200487,0.019886466845509394,0.15467592422580415,0.061283584737169376,0.1307867738470613,0.2719574140931817
1996,0.10085522392545765,0.023374193920192094,0.15435265450375046,0.06125887006872415,0.13021176464476086,0.27158732879776637
1997,0.10085578880236379,0.01906496188676469,0.15483919939211102,0.06096225021077869,0.1297707927838275,0.27378455518172673
1998,0.1008563846527571,0.02126686701364411,0.1538229312850782,0.061989283990793946,0.1261816590572685,0.2732978508071721
1999,0.10085736708226087,0.02352811825749389,0.1533294525906979,0.0624143208248218,0.12685028447132984,0.2707237524759421
2000,0.10085846197335559,0.019536834749957918,0.15497611085379454,0.06228510793179731,0.12884149680445964,0.2738017278251267
2001,0.100859377687806,0.0219393681184323,0.1548833969815022,0.06322188924794817,0.12530802414506287,0.2761202775514955
2002,0.10086005316567531,0.021540363142368412,0.1555429890178647,0.06290635537247212,0.12840715606380854,0.2753154556173134
2003,0.10086565431157676,0.021447267269517175,0.15675549229269034,0.06424877368400506,0.13220851069607095,0.27380919249799507
2004,0.10086893794212097,0.024034762518061706,0.15753768567654863,0.06543092213383522,0.1337362624477869,0.27344587244802376
2005,0.10087199815678223,0.01843596770747876,0.15540922917077155,0.06359726113521343,0.13093857295770803,0.2716918534193932
2006,0.10086411700935405,0.02124323013305963,0.1572988782870546,0.06418015106863012,0.1330388475879346,0.274677636204599
2007,0.10085956740176945,0.018760934969760293,0.15636748070397058,0.06561514242455173,0.1333803040086083,0.2701069956787517
2008,0.10085526721327992,0.020460731530689367,0.15620193669257593,0.06521375916305708,0.12928369052779815,0.27410836038687253
2009,0.10084873972100279,0.02132555594441448,0.1545940245743122,0.0633934222687278,0.1281465384283768,0.2722421130258319
2010,0.1008450787750049,0.01912079607082166,0.15799895895908722,0.06257638239686217,0.1322455565058561,0.2791749379745433
2011,0.10084522666581727,0.02245348387857712,0.1570960410576619,0.06251281543708151,0.12901076926197919,0.279764538473925
2012,0.10084337564858652,0.020186602817813613,0.15677037969820695,0.06227171196063077,0.12593215117282627,0.2821072759611638
2013,0.10083783757965793,0.01947115810852328,0.15578311340481896,0.06368758006265544,0.12366437282653604,0.2799973873252653
2014,0.1008403159508415,0.022023968866329496,0.1554328204153473,0.06264249645179434,0.12554765129558182,0.27810831349866566
2015,0.1008435278716226,0.02536541056126516,0.15689126332195838,0.06231896336293993,0.1284732513550159,0.27988157524791923
2016,0.10084471448770076,0.020395993730987654,0.15578828553179036,0.05987066933720244,0.1243887409626015,0.28310544629556716
2017,0.10084267678587105,0.020641889226882766,0.15288306797450027,0.05723636786214413,0.12141058767390418,0.2800022483874524
2018,0.10084503966637423,0.017730224308028706,0.1512949748653537,0.056186206985201465,0.12414855762677594,0.27355015998408366
2019,0.1008418614851046,0.02365914675401509,0.15245575723027296,0.05940211077239718,0.1223666394166594,0.27559852150176223
2020,0.10083365175822429,0.019287157307916088,0.1542670356493009,0.05993857673756317,0.12236684896642212,0.28049568124391744
2021,0.10083494656304974,0.019636085849135596,0.15133878074132567,0.05764420872233842,0.11963373456378076,0.27673839893785784
2022,0.10084088495108583,0.02055794894902375,0.15260502427429,0.05896537261982195,0.12456552081153165,0.27428417939151645
2023,0.10084192773855134,0.020736212011572108,0.1558930977055747,0.059583228476979506,0.12529395743436483,0.28280210720537974
2024,0.10084429317136119,0.02173097263241417,0.1542274375421215,0.059922064043004895,0.12206044345202345,0.2806998051313361
2025,0.10084887393438803,0.023424007403074824,0.15345439431221122,0.0580685099481572,0.11872565956087727,0.28356901342759916
2026,0.10084456916219646,0.0241556396868341,0.15428962394319265,0.05970497167859533,0.121577887394108,0.2815860127568746
2027,0.10083774287609086,0.017818376929310778,0.15288339501381926,0.05769083530109656,0.12237364237407493,0.27858570736628624
2028,0.10083763190934737,0.0212222912840036,0.1520862647325504,0.05703800339230222,0.12025700391882448,0.27896378688652457
2029,0.10085182886447895,0.022223566841772777,0.1516339847608181,0.05801488475572729,0.12269071969862924,0.27419634982809776
2030,0.10085383556196612,0.02301251924119161,0.15166798051650016,0.0574824807109904,0.12398364736117548,0.27353781347733463
2031,0.10085286278262526,0.019647746586973512,0.15354813968669687,0.05971395407550108,0.12392562594372324,0.27700483904086626
2032,0.10084630596806221,0.031104424612994057,0.15398309639967875,0.05845254061135503,0.12577565063976479,0.2777210979479164
2033,0.10084589163223338,0.020666023976374622,0.15088696256329054,0.05886097394686158,0.1195176545583274,0.2742822591846827
2034,0.10085034710101923,0.022985691039443455,0.15185128370968684,0.062380811078879446,0.12182607579468017,0.27134696425550087
2035,0.10084430531752457,0.026298806473197347,0.15164136808792147,0.06198278076694986,0.12263615124923465,0.2703051722475799
2036,0.1008421699059452,0.02278388398026402,0.1530534580498256,0.061413289475289984,0.12700979597450496,0.27073728869968183
2037,0.10084138467841501,0.021434517179813286,0.15071971508614407,0.06079307581900105,0.12450016722258835,0.2668659022168428
2038,0.10084045558706856,0.01938204295600549,0.15216681838401092,0.05957314973556717,0.124300796341648,0.27262650907481756
2039,0.1008388014599126,0.01862655199320453,0.1505162879548537,0.058611795225907024,0.12473451258619188,0.2682025560524622
2040,0.1008362187877118,0.02241529528358944,0.14975226065881667,0.056800684172558485,0.1227782667930142,0.2696778310108774
2041,0.10083323192984833,0.026014933833206737,0.15055453756364248,0.05681507472101644,0.1219207814861584,0.2729277564837526
2042,0.10082864102334181,0.023101627744747933,0.15213047572150593,0.059075557787854456,0.12439831024617475,0.27291755913048854
2043,0.10082911014646347,0.025934201286959686,0.15007506454234454,0.05616980962779038,0.12563738690822235,0.2684179970910208
2044,0.10082352140132432,0.025502797104214207,0.150289269889351,0.056709802245882505,0.12613657836786157,0.26802142905430887
2045,0.10082680809299654,0.020240541622537044,0.15082966899934658,0.056820927345212754,0.1298947128015279,0.2657733668512991
2046,0.10083144751634138,0.022752993982467662,0.1478632687096904,0.05532678811485595,0.12651684753602627,0.261746170478189
2047,0.10082051093322032,0.023786761709208192,0.14964068517455495,0.057911066150039395,0.12619302828867143,0.264817961084954
2048,0.10082163466229564,0.018166400947135387,0.14724243448304644,0.0552717350083259,0.12316755780948374,0.26328801063132967
2049,0.10082522303025794,0.0225748256632146,0.14869148458430795,0.055460450865333105,0.12716300117432366,0.2634510017132671
2050,0.10082329316646625,0.02094034819336965,0.14948584465855344,0.057460443135727506,0.12692682974586675,0.264070261094066
2051,0.10082443542417119,0.022391490294496674,0.15022295715472792,0.057961048139936064,0.1284897854483249,0.2642180378759228
2052,0.10082475289608392,0.024694287636443258,0.1501103572531351,0.0593064109564739,0.13071886090695153,0.26030579989597985
2053,0.10082827681269374,0.018245188687905915,0.14864105916312242,0.058158021556680733,0.12709739049823668,0.26066776543444986
2054,0.10083576067557133,0.02272133358034897,0.15022848294390775,0.05972863263101257,0.12897808299038738,0.26197873321032333
2055,0.10083479527267665,0.02097960440602867,0.14932490251574704,0.05694402530230249,0.1296733028918375,0.26135737935310105
2056,0.10083388271143437,0.020612869108094074,0.1468247068006526,0.057016752176465374,0.12707246675682932,0.2563849014686631
2057,0.10083556314370562,0.021824667670910514,0.14815668463831325,0.05826035941236301,0.12650129676314376,0.25970839773943294
2058,0.10083808859449908,0.020036070327314148,0.14894254014924735,0.058248111287548233,0.12758593929050552,0.2609935698696883
2059,0.10083255758311863,0.017969692256851976,0.14851459932739042,0.05788045450290709,0.12600108463408627,0.26166225884517796
2060,0.10083078834664742,0.022956836138069762,0.1508118826292419,0.06004141145506676,0.12953123801480934,0.26286299841784955
2061,0.1008263711683443,0.019347479521559297,0.14679093030849855,0.060164946669213605,0.12400954673313302,0.25619829752314904
2062,0.10081743335462101,0.020447105608000504,0.14706962551215377,0.057031448328377095,0.12578377433960564,0.2583936538684785
2063,0.10081640047986065,0.02228683947787113,0.14900157660289132,0.05890279416990481,0.12770969160945247,0.2603922440293166
2064,0.10081170387440999,0.01732694412666295,0.1474666454298542,0.05926818888862205,0.12637391488147523,0.2567578325194654
2065,0.1008115174871819,0.0189889184861067,0.1478821755285064,0.05914187687569288,0.12588682781554547,0.25861782189428095
2066,0.10081372927247616,0.022014999724014366,0.14713415060635132,0.05797489538849356,0.12569841060968984,0.2577291458208706
2067,0.10081568411541887,0.0195709059254265,0.15061186925219255,0.05951767936883675,0.13239104079597755,0.2599268875917634
2068,0.10082072323925595,0.020573933137251237,0.15080463203815006,0.05957103776753355,0.1319299455734442,0.2609129127734725
2069,0.10081938854547734,0.024958164052782193,0.15124491365319243,0.058640144308004044,0.13398674059322202,0.2611078560583513
2070,0.10081814605168643,0.02532295143099989,0.15068885702976717,0.06087543649731268,0.12886245185047052,0.26232868274151827
2071,0.10081862408797464,0.02120082507546497,0.1510315428361716,0.06072563739728177,0.12920905097806823,0.2631599401331648
2072,0.10082010805948799,0.023945889667091377,0.15019705046065857,0.06127666119285036,0.1286559365340679,0.2606585536550574
2073,0.1008170489420602,0.024544991767645855,0.14891015628738077,0.05793997821009738,0.12621235865071448,0.26257813200133046
2074,0.10082172424076759,0.021666411059004905,0.14914461759605244,0.05731533123921008,0.12903483764029555,0.2610836839086517
2075,0.10082416081601717,0.017616951959067356,0.1492409623187268,0.05623299641181756,0.1272694630248443,0.2642204275195185
2076,0.10082120905397708,0.02174764978027905,0.14937595798854883,0.057604785220546684,0.12913091652324338,0.2613921722218564
2077,0.10082201008961199,0.02282420825108028,0.1491311583575218,0.057063934277851724,0.12864923336873244,0.2616803074259813
2078,0.100822272826126,0.01939300057936261,0.1464565254989681,0.055090111244380756,0.12583748794493738,0.25844197730758617
2079,0.10081984458966202,0.019987815815448565,0.14782165825691326,0.058183283053719184,0.12935013998461764,0.25593155173240295
2080,0.10081656611557564,0.022591355141908947,0.1468085142254441,0.058414930143580096,0.12569036370859274,0.2563202488241595
2081,0.10080757936142516,0.021232233421187796,0.14774807026765602,0.05558818182640774,0.12575001393228782,0.26190601504427247
2082,0.10081289846789758,0.022710756986988125,0.14865990193912357,0.056168109441572,0.12759394984119546,0.2622176465346033
2083,0.10080819750240003,0.02270907766523681,0.148147299823179,0.05871895508423242,0.12705876644898423,0.25866417793632035
2084,0.10080578204597442,0.019110074036703163,0.14740526946637153,0.05777793797943124,0.12490153336340143,0.25953633705628193
2085,0.10081441324657647,0.019866772485711382,0.14772680352915973,0.05715233873018699,0.12587880231678222,0.26014926954050993
2086,0.10081764715058994,0.02105906113914459,0.14973182017287093,0.05794129218733924,0.13042454715238605,0.2608296211788874
2087,0.10082061544508643,0.019459683151794756,0.14979290526303587,0.05867073028029146,0.1319344999485454,0.2587734855602707
2088,0.10081875122971495,0.020690947838358936,0.15068565327197228,0.05751604869177727,0.13514862140262948,0.25939228972151007
2089,0.10081681845710785,0.024805756741371008,0.14621580005595916,0.05808479787303495,0.12929482137047327,0.2512677809243693
2090,0.10081991265610353,0.022602468113083862,0.14823595180364116,0.05953112416328829,0.1323336442391496,0.25284308700848557
2091,0.10082105873904378,0.019899113316075287,0.14893878949705822,0.057600534185844446,0.1328760452991628,0.25633978900616733
2092,0.10082081750225756,0.020116479581587243,0.1489187111674358,0.0586885972920627,0.13452517146977577,0.25354236474046893
2093,0.10082105882502082,0.019791472569726316,0.14717736416206018,0.05746852079666273,0.1328978213756539,0.25116575031386396
2094,0.10081936932344136,0.022584396634618333,0.1460100567842222,0.05759722014506642,0.1277816310169739,0.2526513191906263
2095,0.10081761621938773,0.022955156118084484,0.1463698512430651,0.05766088040391781,0.12935232617529616,0.2520963471499813
2096,0.10081014706706606,0.021277955181934777,0.14510552739758964,0.057045144277870705,0.12592692449472445,0.2523445134201737
2097,0.10080788168094391,0.020658376226675434,0.1452458503383338,0.05651853169842744,0.12525364926980811,0.25396537004676584
2098,0.10080253286592669,0.022913942338688424,0.14592034537909132,0.05463171349730595,0.12870715895348325,0.2544221636864848
2099,0.10080914017173322,0.02070110786788828,0.14390787916890835,0.05602207100873608,0.12928670306377923,0.24641486343420968
2100,0.10081307043746136,0.02315460377725143,0.14438636001638924,0.05712113387389675,0.12717101661344543,0.24886692956182557
2101,0.10081232976376792,0.022908361008995303,0.14437430850319233,0.05669978029529055,0.12974170872360757,0.24668143649067883
2102,0.10081080529612095,0.023646012193304974,0.14313629973133715,0.05860922794106173,0.12545166083074386,0.24534801042220583
2103,0.10081289595241372,0.020720195797553,0.1439553619275736,0.05745906831394408,0.1283156135327681,0.24609140393600865
2104,0.10080408564015246,0.021179059556361277,0.143727794968244,0.0572211607873494,0.1262190609664035,0.2477431631509792
2105,0.10080379725309124,0.02235437463742435,0.14504818395944258,0.056423016690775644,0.13199331687493823,0.2467282183126139
2106,0.10078975273811652,0.022912578826318107,0.14374847947793706,0.05684491861961567,0.12809285507213208,0.2463076647420635
2107,0.1007874930397984,0.02475147999124696,0.14268129466687632,0.05606671473222484,0.1254449524611068,0.24653221680729737
2108,0.10077668407511235,0.022302689608743834,0.14326937407510607,0.05589688788447786,0.12725722143800575,0.24665401290283465
2109,0.10077664765711801,0.02174284169270935,0.1427100911813954,0.05666745211038909,0.1255375144128484,0.24592530702094867
2110,0.10077461879954873,0.023529796015949112,0.14093127591923613,0.05719506048815835,0.12385308304895522,0.24174568422059475
2111,0.10077900656084511,0.018852802383105386,0.1391098510833252,0.055591300614587696,0.12113207646873354,0.24060617616665433
2112,0.10077797539244013,0.020160869060867278,0.14024071969901616,0.052844836480451934,0.12482960558909686,0.24304771702749964
2113,0.1007718935490558,0.021088292523792955,0.14432112487430138,0.0530675518074001,0.12899797866575277,0.25089784414975125
2114,0.10077370114698811,0.021875042591457488,0.14520878667731546,0.05406397440780308,0.1311702387883982,0.2503921468357451
2115,0.10077026789802254,0.025306678496798216,0.14412263925379523,0.05445567839769936,0.13097071295030469,0.24694152641338166
2116,0.10077422077986459,0.01771273503517558,0.14445687910817345,0.05404875544015665,0.13439750675841075,0.24492437512595294
2117,0.10078077106695969,0.020719494360867466,0.1446867494220013,0.05249376791723471,0.13353734223511735,0.2480291381136518
2118,0.10079070166516094,0.022675582260249662,0.14600092341459417,0.05508883333782677,0.13321481864523504,0.24969911826072075
2119,0.10079017323847249,0.018731631400907653,0.14526300439645387,0.05538460045782236,0.13226989207468132,0.2481345206568579
2120,0.10079781653566343,0.022133004993290892,0.14722794077926923,0.05448968539876315,0.13329545329671943,0.2538986836423251
2121,0.10080812436983608,0.0207208143118559,0.14466172782950157,0.054434101727323395,0.13259462724712226,0.24695645451405895
2122,0.10081002049419312,0.022573544418355445,0.14449205680629076,0.05315768668172673,0.13240959239397068,0.24790889134317487
2123,0.10080896238226102,0.021814814802871785,0.14669537083040013,0.05301495399057929,0.13356376966436284,0.2535073888362583
2124,0.1008137508759818,0.021006245942374633,0.14527527405418553,0.051900920386186725,0.13270877110282553,0.25121613067354437
2125,0.1008112511598454,0.022714377447064695,0.14358329118974877,0.05255954730886727,0.13026847655591905,0.24792184970445996
2126,0.10080808377701492,0.02187814672907171,0.1417865640145382,0.05073930468272612,0.12406689445554223,0.25055349290534623
2127,0.1008065361899294,0.024382780010962137,0.14264483141358658,0.053085204887305996,0.12341756852791658,0.2514317208255371
2128,0.10080133714985677,0.021564724306942226,0.1428976452159031,0.053467969494030945,0.12290264974432506,0.25232231640935326
2129,0.10080808752235473,0.025196321264569575,0.14077630634583338,0.05191757489511419,0.11914574384366788,0.25126560029871803
2130,0.1008133057068936,0.017430958221570276,0.14100881432918067,0.05388706917903631,0.12039858862427642,0.24874078518422924
2131,0.10080898875739032,0.023620479551114994,0.1404186571665212,0.053558504714397624,0.12236325672378902,0.24533421006137698
2132,0.10080181309520429,0.020609609284065463,0.14357132693364996,0.05484315820186681,0.12331156694327366,0.2525592556558094
2133,0.10080395592578403,0.02040399769093516,0.1429249155018149,0.054532102450587386,0.12127663195031307,0.25296601210454417
2134,0.10080176824716407,0.023290848902018425,0.1442763919076369,0.054662682827926905,0.12240353713437961,0.2557629557606041
2135,0.10080265168729595,0.020487595680254007,0.14509050515147323,0.05652207203928007,0.12069725707859869,0.25805218633654087
2136,0.10080159021454427,0.022346329253395535,0.14424125386238412,0.05429834971663204,0.12137287590905861,0.2570525359614617
2137,0.10079841372178404,0.02228152440724279,0.14466022079529572,0.05442112720497493,0.12446192474035837,0.25509761044055385
2138,0.10080144211301079,0.01691892263700204,0.14613872828903024,0.053671336042090824,0.12492408791338418,0.25982076091161566
2139,0.10079757047465428,0.02219179179286539,0.14514077518115445,0.052776964163335875,0.12615219121882196,0.2564931701613055
2140,0.10079049805642455,0.021174216973373627,0.14481342035275474,0.054291815872702806,0.12404495760998217,0.25610348757557916
2141,0.10078613795602658,0.021984309061972043,0.14723393458185277,0.05486904481828515,0.12139804976420897,0.2654347091630641
2142,0.10077910835735908,0.023221343182061614,0.1479694333795313,0.052877969742607916,0.1233007206328724,0.2677296097631136
2143,0.10077245190787214,0.020627086939508172,0.1485658112194078,0.05303789588056489,0.12545729370481687,0.2672022440728415
2144,0.10076614450177328,0.020895514329417716,0.14653532235907513,0.05204419221193612,0.12469132380228161,0.26287045106300766
2145,0.10076757656512632,0.01906407613421549,0.1464052253770954,0.05356509222558568,0.12141704979228687,0.26423353411341366
2146,0.10076587181122057,0.023220536833348907,0.1448006972762984,0.05356653616331845,0.12202119133945676,0.25881436432612
2147,0.10076579281838076,0.02695826438555952,0.14479719014635503,0.05120178269336584,0.12289038451839547,0.2602994032273037
2148,0.10076006103263917,0.02390308525663827,0.14571190301427395,0.05254125035831902,0.12259135706113028,0.26200310162337254
2149,0.10076410250027663,0.022646880560614126,0.1480495357648436,0.053308345031026924,0.12688088087742372,0.2639593813860801
2150,0.10076482472095473,0.02240678055017837,0.14744599262725053,0.05119411861582447,0.12533347521670224,0.26581038404922486
2151,0.10076526072250473,0.022524595582699185,0.14736186492872985,0.05073658872435517,0.12578039453603307,0.2655686115258013
2152,0.10076375306327044,0.021751110919389745,0.14758131210860034,0.053060617763751115,0.12662801631801668,0.26305530224403323
2153,0.10075913567464685,0.022546384146794995,0.14756508346654457,0.053063348785416985,0.12761391598313238,0.26201798563108436
2154,0.10075551868767069,0.021029182409093333,0.14848918076420556,0.05216388922735408,0.12706356143756756,0.2662400916276951
2155,0.10075585754752407,0.022575921618982073,0.14894503828509603,0.052550963593097334,0.12728209740905053,0.2670020538531403
2156,0.10076029948781867,0.022336476340073026,0.1463436337665458,0.0517070697747776,0.1270452774641969,0.26027855406066297
2157,0.10075632178203688,0.019452786274297636,0.14671334030309308,0.04964827089816379,0.12633672793185444,0.26415502207926106
2158,0.10075778788741485,0.02681336382041509,0.1449508190903424,0.0513073088740437,0.12620824500905362,0.2573369033879299
2159,0.10076104973122241,0.020914146920258465,0.14542875519755974,0.0532086560022411,0.12845205115973196,0.2546255584307061
2160,0.10075892574724696,0.019994387421859536,0.1465770876880295,0.05277602673737829,0.12826094973959423,0.2586942865871159
2161,0.10076162751789942,0.017220540741967272,0.14509219191655534,0.05225219584806253,0.13007680632952906,0.2529475735720743
2162,0.10075996366388008,0.021867747638470287,0.14496095259294417,0.050520216213455066,0.13027172415909052,0.25409091740628686
2163,0.10075729919429897,0.018041863991918507,0.14357415768866336,0.051057318421012604,0.12819219316160166,0.2514729614833758
2164,0.10075257517237916,0.019531575212756294,0.1442956847826644,0.049688509834602636,0.1276930786824188,0.25550546583097183
2165,0.10075617229678376,0.01869386791320141,0.1451152903577792,0.0508674854263378,0.12831317307520287,0.2561652125717969
2166,0.10076334826209574,0.022111893090903896,0.14224306384666408,0.04966663624408637,0.12321902435742224,0.2538435309384836
2167,0.10075605537088579,0.0208395557549371,0.14325784991418297,0.050574736549882315,0.12691449548122208,0.2522843177114446
2168,0.10075574183858464,0.024661640726078227,0.1423162479021628,0.050887123368407325,0.1242830935147595,0.2517785268233216
2169,0.10075176632526793,0.022870609640372228,0.14362647382583452,0.05164217172886428,0.12230566069782609,0.2569315890508133
2170,0.10074869011546886,0.021690132694927863,0.14506939115081133,0.04907482972307365,0.12848647611157513,0.25764686761778527
2171,0.10074427965614147,0.022982689905915746,0.1442187679569469,0.04886383885310016,0.12851321809428173,0.2552792469234589
2172,0.1007369552476339,0.0209526681267024,0.14649219661153098,0.053749423876690086,0.12842914124076835,0.25729802471713453
2173,0.10073596422454756,0.02277654567566497,0.1454649173134644,0.053194334254051075,0.12693301297473242,0.25626740471160975
2174,0.10073263973987406,0.0230140084884235,0.14807540447731424,0.05284927939413129,0.12734178439094654,0.2640351496468649
2175,0.10073349010703403,0.021227399989050197,0.14843602989628002,0.054965268440354445,0.129914867684674,0.26042795356381165
2176,0.10073864560853892,0.02165153300158899,0.14490225587507827,0.05266921629391101,0.12474417753699509,0.25729337379432876
2177,0.10072929787272115,0.022862985003593066,0.14493628924519078,0.05310559691546025,0.1253656251280496,0.2563376456920625
2178,0.10072604774567527,0.020125938398507726,0.14323473164229042,0.05177784276472383,0.12130497551786562,0.2566213766442818
2179,0.10072701055450575,0.023378956207858483,0.1432437902409256,0.05119064821801145,0.12092110554889654,0.25761961695586877
2180,0.10073102353777061,0.022826579791507883,0.14353667877297605,0.052745006429072205,0.12461560002624296,0.253249429863613
2181,0.10073801367820405,0.01739656612840486,0.14412467148032207,0.05086198131427866,0.12509418266117014,0.25641785046551746
2182,0.10073171968203118,0.018669862738313524,0.14555138362774303,0.05056389717843988,0.1273794367380439,0.25871081696674536
2183,0.10073049009496153,0.018478912615020583,0.14598324158453302,0.05262872763242428,0.12899487193561418,0.2563261251855606
2184,0.10072846549081667,0.020676030734719165,0.14805026557223458,0.05150636278313979,0.13324566619126968,0.25939876774229437
2185,0.1007293061172441,0.023606429997103218,0.14778700710842535,0.05132043820566438,0.13508073743658383,0.2569598456830278
2186,0.10072204106652637,0.02670383770848136,0.14690112831263152,0.05128561768469365,0.13412279412952668,0.2552949731236742
2187,0.10071784153375825,0.02341742017849486,0.14561108986151347,0.0538094537610616,0.13025832197493384,0.252765493848545
2188,0.10072594386470764,0.02489403703525671,0.1437031581688934,0.05203078006529454,0.12784740588772187,0.2512312885536637
2189,0.1007241359082424,0.02158900804022885,0.1430860503570947,0.05080556203888656,0.12577482910689894,0.2526777599254986
2190,0.10071995746869171,0.020916431355367745,0.14412963040751844,0.051193187122616786,0.12822024284771147,0.2529754612522271
2191,0.10072351784743531,0.020323063346001022,0.1434344082006013,0.0527749073209866,0.1267581475850934,0.2507701696957239
2192,0.10071836994404322,0.022317180544700537,0.14461961521128291,0.05536846475377045,0.129373521137756,0.24911685974232228
2193,0.10071495574773662,0.017472223357999302,0.14383254042344268,0.05303604223272371,0.12369048621517922,0.2547710928224251
2194,0.10070948241333484,0.019951471743491694,0.14232182514023392,0.05410347874178632,0.12431316948311665,0.2485488271957988
2195,0.10070801361891711,0.019314998462499934,0.14648546106183852,0.055230719971539256,0.1286166009183382,0.25560906229563796
2196,0.10070613879507442,0.026168189365543434,0.14366312441334667,0.05462284279059911,0.12561867240897587,0.2507478580404649
2197,0.1007054088490813,0.01916786331422371,0.1464197360057013,0.05439551964647401,0.12498654545924966,0.25987714291138025
2198,0.10070554105393145,0.02226026160183009,0.1474072800037014,0.05789741312432328,0.12470703225725667,0.2596173946295243
2199,0.10070879544263203,0.019224724557501075,0.14622738299929663,0.05477990613926782,0.12480681925755462,0.25909542360106735
2200,0.10071350168204621,0.023819607012817528,0.14687498283032294,0.054081497592286955,0.12929471202238127,0.2572487388763006
2201,0.10071167778424668,0.02132122800047134,0.1470986758341579,0.05613844875267119,0.13001186705921908,0.2551457116905835
2202,0.10070949383321784,0.0227945785773876,0.14846756563308006,0.056951980574420476,0.13029699267741346,0.25815372364740624
2203,0.10071022919900222,0.022698335348742705,0.14784264968454702,0.054534652251635764,0.1309767538113928,0.25801654299061255
2204,0.1007122006351236,0.023580472574576867,0.14703502053173703,0.05311081236385892,0.13085721809189224,0.25713703113945996
2205,0.10071751159980809,0.026829516584543935,0.149760011565279,0.05625295231282859,0.13481181694047403,0.25821526544253437
2206,0.10071335369796716,0.01891802775147428,0.14710626956601638,0.052918564585760934,0.1329307385351545,0.2554695055771337
2207,0.10070995996104719,0.022942925244666467,0.14918136366768542,0.0520578275557433,0.13605303825126794,0.259433225196045
2208,0.10070254587511702,0.020522231268227473,0.14844838767407342,0.05263535659374598,0.13596297465633558,0.2567468317721387
2209,0.10069932927720235,0.02362188720398185,0.1489867472351655,0.0533366989611599,0.13381372181477533,0.2598098209295613
2210,0.10070261705907545,0.022358057683438445,0.14843351383329648,0.0529235506523118,0.1342927186873942,0.25808427216018337
2211,0.1006907174744513,0.022867380035804265,0.1490992838585385,0.05505671154319811,0.13499362960163067,0.25724751043078664
2212,0.1006903845282595,0.025657661771857868,0.1500679964965516,0.05488341310356853,0.1357823948463645,0.25953818153972175
2213,0.10069299047798055,0.02444796437277532,0.15041271512567878,0.05446849200306698,0.13486377531979316,0.2619058780541762
2214,0.10069863853973811,0.022394023986849924,0.14999451088249213,0.05290051901031887,0.13480556178091338,0.2622774518562441
2215,0.10069758873130287,0.021798133935053823,0.14952251879065756,0.05414987373703459,0.13289078302478508,0.2615268996101529
2216,0.10069690313798411,0.024288003458854745,0.15093728133600268,0.054724317123213025,0.1380509843630063,0.26003654252178865
2217,0.10069220109695184,0.017857188435912396,0.1476036809132678,0.052935596226257015,0.1314168915219606,0.25845855499158576
2218,0.10069068681472632,0.018059780836553914,0.14922952426074707,0.05260930282714573,0.1333679524453269,0.2617113175097686
2219,0.1006933942487125,0.025105273053052764,0.1495903063832091,0.05179004719001221,0.137646959714879,0.2593339122447361
2220,0.10069308218634107,0.018557663712971358,0.15100281245703487,0.05390615327796887,0.13853508704820547,0.2605671970449302
2221,0.10069096288043827,0.021554968861892364,0.15155468194417207,0.053911303706557154,0.13833170937469097,0.26242103275126805
2222,0.10068990474590798,0.02046664137111516,0.14728281523551193,0.05047658924671242,0.13663984186676628,0.25473201459305705
2223,0.10068573271727731,0.020786088280883127,0.14935781277536825,0.05053734129321371,0.1397276883812134,0.2578084086516777
2224,0.10068681870757601,0.01616739746499583,0.1473757354028297,0.051535053212335084,0.13916640666276242,0.2514257463333916
2225,0.1006930801524256,0.01944813336291924,0.14662577494425083,0.05077008830784858,0.13410631885953378,0.25500091766537014
2226,0.10069736574822558,0.021029278435980934,0.1464731595715625,0.05135770231629506,0.13332061396931155,0.25474116242908096
2227,0.10070347345346518,0.019268085835722194,0.1492209185370034,0.051704353933674806,0.13738338712815543,0.2585750145491799
2228,0.10070954039473004,0.02665553267745482,0.14951813511128387,0.05102736119771137,0.13569694979751196,0.2618300943386283
2229,0.10071398692653973,0.020361888417077336,0.1481108594301241,0.052257637220603,0.13434648037088917,0.2577284606988801
2230,0.10071991332763171,0.022549893910868975,0.14947762907836673,0.05270215431842346,0.1338749192732422,0.2618558136434345
2231,0.10072102338216125,0.021798007496704245,0.1495107507992546,0.05402639215955419,0.13563776219015303,0.25886809804805655
2232,0.10071494774720219,0.02313147925930366,0.15093451430211918,0.053371168513807216,0.13838773791893108,0.26104463647361936
2233,0.10070567021496107,0.01959279201126032,0.14985301334480142,0.05123022215902478,0.13746739464174532,0.26086142323363426
2234,0.10070296937822722,0.02514106690766421,0.1505014868998157,0.05121885831220226,0.13703117518278402,0.26325442720446096
2235,0.10071012756300272,0.020287510026855318,0.15004020099506504,0.054085241401809515,0.13623493827198516,0.25980042331140046
2236,0.10070606288714527,0.02384723753727101,0.14935434763257735,0.05355380619770933,0.13675137223769565,0.2577578644623271
2237,0.10069938575083406,0.021911814108308322,0.1458471387458691,0.05297721175360703,0.13275935292196087,0.2518048515620394
2238,0.10071029523412385,0.01841766797931394,0.1484187090304451,0.05298198717470391,0.13705184668392575,0.2552222932327057
2239,0.1007148299347612,0.02235899238859169,0.1488881242008083,0.05347290494104324,0.13564887754210112,0.2575425901192805
2240,0.10071527564417358,0.02177999231368995,0.14869125207201123,0.054157671840822104,0.13212608655388255,0.25978999782132906
2241,0.10070941055726218,0.02304075060864328,0.149249404862502,0.05478739045814673,0.13330695219701974,0.25965387193233946
2242,0.10070774519981711,0.019003378334316128,0.14790746501457272,0.055415134979190254,0.12969680457226743,0.25861045549226047
2243,0.10071715861687379,0.023838265638107245,0.15191919899618195,0.05687322742314835,0.13608928585073313,0.2627950837146643
2244,0.10071816113850005,0.02405053870050026,0.15058639228389442,0.05633163720711475,0.13738492316244535,0.25804261648212323
2245,0.10071808253902854,0.015501393659047168,0.15088418329183295,0.05617584960158744,0.13769927859880143,0.25877742167511
2246,0.10072314365425836,0.025939332779519864,0.1514058224400254,0.0557453761139282,0.1379016724960857,0.26057041871006237
2247,0.10071940385381997,0.019257246710117987,0.15133080898096163,0.054890096784352534,0.1377803627779549,0.2613219673805775
2248,0.1007192850052743,0.021829398615299818,0.1488273838808521,0.05445863312616193,0.1359191130208684,0.2561044054955259
2249,0.1007201459514382,0.018994490735181384,0.1477009916787587,0.05482071973926087,0.13688396201618405,0.25139829328083113
2250,0.100725197551807,0.021038985045187298,0.149570042756892,0.05690574530571255,0.13581009087824883,0.2559942920867146
2251,0.10072090395031476,0.02377138964825937,0.14924985531889282,0.05663604865563245,0.13496964111103152,0.25614387619001444
2252,0.10072275527052393,0.024337010407164836,0.14667878867585069,0.05675730428605382,0.13078175889889387,0.25249730284260435
2253,0.10071696173146785,0.02499883195814323,0.14619562229233213,0.055472572695219415,0.12886003228393614,0.2542542618978409
2254,0.10071983483363718,0.016414094732276303,0.14694716298121938,0.05679697457327524,0.1284135779731958,0.25563093639718704
2255,0.1007164729321532,0.020838216698743965,0.14714909314252403,0.056686503614771046,0.12529631656504098,0.25946445924776007
2256,0.10071998192665793,0.02268704941169941,0.14747740896073946,0.0570893543870054,0.12655784168837686,0.25878503080683607
2257,0.10072639470993251,0.023321277477339166,0.1472127448158889,0.05737014040855144,0.12784745739335954,0.25642063664575565
2258,0.10072778883404664,0.02012967294475506,0.14794058831067952,0.05714247295554446,0.12754578074846937,0.25913351122802475
2259,0.1007196456372854,0.021737898481123955,0.147424372385954,0.05735117584841373,0.12804483228369987,0.25687710902574834
2260,0.10072252970350075,0.02102901390804179,0.145417765017835,0.05468519890323145,0.1258399532585005,0.255728142891773
2261,0.10071273575169193,0.01873883073665029,0.14376511914010845,0.05621523971186615,0.12263144966139443,0.2524486680470647
2262,0.10071042659588403,0.02184973793934937,0.14412516636301592,0.05709388655671134,0.12648572266771196,0.24879588986462442
2263,0.10071074604315271,0.02043946265347839,0.14380349463590508,0.054749031952936594,0.12467292252654123,0.2519885294282374
2264,0.10070840148592466,0.022332417057463638,0.1402615785437195,0.051676910925633965,0.1205665342348157,0.2485412904707089
2265,0.10070284620536583,0.023510504911377208,0.1401630960020258,0.056057990446352096,0.11977676537198273,0.24465453218774263
2266,0.10070142832766553,0.02609582016897056,0.14218802764226107,0.05486389343826503,0.12427865279141433,0.24742153669710387
2267,0.10069395806069119,0.022957964652820705,0.14134996616046774,0.05401457740996786,0.12216884495117124,0.2478664761202642
2268,0.10069622411461737,0.02388384277693743,0.14268582481468778,0.05407636961385577,0.1228038022768895,0.25117730255331805
2269,0.10069771189293192,0.02286347908517316,0.1422183094121793,0.05242394541563466,0.12337222438440595,0.2508587584364973
2270,0.10068834384072797,0.025130275120884,0.14253950307099433,0.05416493057653989,0.12215460396201692,0.2512989746744262
2271,0.10068982897405832,0.019899027201017085,0.1422257830805395,0.0558318536888805,0.12310994427651938,0.2477355512762186
2272,0.10068594939354568,0.020190232729076295,0.14255126807836047,0.05849847526659376,0.12389919169539367,0.245256137273094
2273,0.10069389485442633,0.02419609083989419,0.1419617080697947,0.056366472912443705,0.12429500591402783,0.24522364538291255
2274,0.10068670783650785,0.020951462144010356,0.14336353830668927,0.05608810915622448,0.13038331546177764,0.2436191903020656
2275,0.10068497560469239,0.019343958898105296,0.1455002439433305,0.05814976718136909,0.13061635569047605,0.2477346089581463
2276,0.1006836222398432,0.025391805205900387,0.14384626546831972,0.05704813157303438,0.1267994735210029,0.2476911913109219
2277,0.10068577573878038,0.01927705302605803,0.14337580857420568,0.05591838901348675,0.12858656121734613,0.24562247549178415
2278,0.10068860500216628,0.021394174416034504,0.1456543788828402,0.056286916763279814,0.13128984799236187,0.24938637189287888
2279,0.10069322582473733,0.01693495226028595,0.14367491949585542,0.05421773802294808,0.13017634029762912,0.2466306801669891
2280,0.10069434731472117,0.02047208664859581,0.14466876300630874,0.05577188261988381,0.13040580305614588,0.24782860334289658
2281,0.10069250210567231,0.01838403983495203,0.14557170003094566,0.05567608982764062,0.13212340566552327,0.24891560459967318
2282,0.10069091890527791,0.022293780046463627,0.14813853323902082,0.05527311988964117,0.135659470909212,0.25348300891820924
2283,0.10069070449896343,0.02067345290100498,0.1494637290391971,0.05592399482314094,0.1348752661327673,0.25759192616168314
2284,0.10069415447784037,0.021033720483094993,0.15058477772311996,0.0563275093584309,0.1336306297359546,0.26179619407497434
2285,0.10069445030559294,0.024738101998718506,0.14777494005773925,0.05572535621769253,0.13477069050408044,0.2528287734514447
2286,0.10068682644683116,0.01929396726019157,0.14839845079813033,0.058105487591662355,0.13384317051612132,0.25324669428660723
2287,0.10068640530753385,0.024074302127400058,0.1483880749910192,0.05868456727424282,0.13173505018527834,0.2547446075135363
2288,0.10068743138704198,0.020685684222331042,0.15193983401294206,0.0598367362539017,0.1373652750976758,0.25861749068724865
2289,0.10068265210308404,0.02296433049519843,0.15297635840787957,0.05971240370074223,0.137441724103124,0.2617749474197725
2290,0.10068285744053869,0.018912082565212818,0.1537780238599777,0.059641727974578375,0.14073072550507118,0.26096161810028357
2291,0.10069037093621117,0.02348385792155329,0.15194670880515806,0.06103093776656341,0.1379734799067583,0.2568357087421525
2292,0.10069203969535724,0.014950486485101033,0.1524556463951505,0.06281350398844042,0.138499966268808,0.2560534689282031
2293,0.10069643861900346,0.02264130824184674,0.15404571878305667,0.0640321370682741,0.13785179401019446,0.2602532252707015
2294,0.10069675946211265,0.021929597082058203,0.15487810941941477,0.06408644803844803,0.14104064291916185,0.25950723730063435
2295,0.10069818612482165,0.02162327602394817,0.15415941595496477,0.06498556322165935,0.14109888989644034,0.25639379474679463
2296,0.10069995487011271,0.022297444857068915,0.15241102021946912,0.06417335789244795,0.1398195567917164,0.253240145974243
2297,0.10070280580851063,0.021452291831339503,0.1542592705153132,0.06704398276015447,0.1410042794824226,0.2547295493033625
2298,0.10070051096574277,0.02179402620046515,0.1540503558581349,0.06599311231537869,0.14064686236429416,0.25551109289473184
2299,0.10070455474279069,0.02484456178555568,0.15591440581069088,0.06596037644239632,0.14362573658780786,0.2581571044018685
2300,0.10070616841219007,0.020493729409484997,0.15594962727368297,0.06690488397225443,0.143224244907904,0.25771975294089056
2301,0.10069989452737248,0.02111598061644686,0.15569459459428217,0.06817308946755266,0.1432429533498773,0.25566774096541656
2302,0.10070367043376553,0.021949832828429792,0.1524331776071719,0.06771330496361551,0.1401782082590376,0.24940801959886258
2303,0.10070347199713939,0.022871437362588034,0.15215747986751502,0.067594869956091,0.13667372923569146,0.25220384041076266
2304,0.10070103024625772,0.01866006655724957,0.15133399113694257,0.0667334964060815,0.13622038350376026,0.25104809350098595
2305,0.1007054939798093,0.02329859120711039,0.15202592856352695,0.06681984675012881,0.14207286677967124,0.2471850721607808
2306,0.10070645784599491,0.02156962878418974,0.151509622650082,0.06758326901848448,0.14007396090678265,0.24687163802497883
2307,0.10071016601475684,0.01902428537879346,0.15309863297297496,0.06763803363596592,0.14078807453018788,0.25086979075277105
2308,0.10070676887417353,0.021063798853717293,0.153490252023827,0.06901255593443904,0.14045799200708595,0.251000208129956
2309,0.10070742253871169,0.018769111062034254,0.15340050231468327,0.06551947622757014,0.14182356179765254,0.2528584689188272
2310,0.10070044130393632,0.0248628001407218,0.1541290305786161,0.06964753732283466,0.14112210480054138,0.25161744961247223
2311,0.10069891219280323,0.023293523874331108,0.15247449037829733,0.067304296996463,0.13862949025969604,0.2514896838787329
2312,0.10069570619731573,0.023196868751778576,0.1529852497750022,0.06909280892288912,0.13926170112639766,0.2506012392757198
2313,0.1006947610191773,0.021276882061593796,0.1539834006882973,0.06981168787886365,0.14049690357378053,0.2516416106122477
2314,0.10069991906299716,0.022696293731915253,0.15318304500830304,0.0709469291661815,0.13794747706596056,0.25065472879276707
2315,0.10069668044902344,0.020243559966594778,0.1525984495730441,0.06910349400759999,0.1325406276046729,0.2561512271068595
2316,0.10069808673615653,0.020100681864250326,0.1548671647605869,0.07262689974726043,0.13536573882337352,0.25660885571112674
2317,0.1006989509875865,0.021124821707641583,0.1572216256847911,0.07210007288573242,0.13818685892895471,0.26137794523968616
2318,0.10069305181070526,0.02025437620992661,0.157424839828686,0.07046291263914846,0.14171868152803846,0.260092925318871
2319,0.10069171157095638,0.02233856394533574,0.15896171958293376,0.0716980699688759,0.1433418123301358,0.2618452764497896
2320,0.10069478134300026,0.01838698451112813,0.15557604925688778,0.07058220977643996,0.13945154713663283,0.25669439085759055
2321,0.10069425922786317,0.02050940168211104,0.15638520321978502,0.07080390313149817,0.13738283289491418,0.26096887363294263
2322,0.10069422243473072,0.02148316171615337,0.15682578888716864,0.07002371541420513,0.1398910103221583,0.26056264092514253
2323,0.10069792528941258,0.02001447508026246,0.15677657702141531,0.06873459023136004,0.13817737273916944,0.2634177680937165
2324,0.10069915937048075,0.023160167341659654,0.1572396032972202,0.0686563943704455,0.14031665805437132,0.2627457574668437
2325,0.10070040038393513,0.021444327001166535,0.15782151450848322,0.06897197762823225,0.14132537542368587,0.26316719047353154
2326,0.10070583017883693,0.02018049976514948,0.15742596245656207,0.0724491482642194,0.14143369643261738,0.2583950426728494
2327,0.10071221108730649,0.02738025815615244,0.15708813266218585,0.07677987768497806,0.14042907298392376,0.2540554473176557
2328,0.10071593441741923,0.02095516480804428,0.15964135946358957,0.07319921803968356,0.14445233590144338,0.26127252444964166
2329,0.1007173112834105,0.021490973225046808,0.1597935950938187,0.0753976795965166,0.14332941782686526,0.2606536878580743
2330,0.10071059725621724,0.020216358543710452,0.15902280998133936,0.07517435682802041,0.14087161603069812,0.26102245708529953
2331,0.10071230297845044,0.02054558361348211,0.15718992846223034,0.07407489889586891,0.136980139464496,0.26051474702632604
2332,0.10071056051730302,0.02088408655511716,0.15628751718406997,0.0746945434248668,0.13757801644632422,0.25658999168101887
2333,0.10070951429046146,0.021521071179087567,0.1564610315087452,0.07444863889162084,0.1379527684712024,0.2569816871634124
2334,0.10071280434512664,0.02085677567810155,0.15422165988086786,0.07113427790307589,0.1352221929664427,0.2563085087730849
2335,0.10071385294957241,0.021191605686657004,0.15481955739970094,0.07312549487767721,0.13753338045947297,0.2537997968619527
2336,0.10070833977914966,0.02045506968838894,0.15461501627326532,0.07300235967509264,0.13836289084797176,0.2524797982967316
2337,0.10070281868671419,0.023603292163773347,0.1532872385687006,0.07194370470720135,0.13836268023846893,0.24955533076043152
2338,0.10071097397034218,0.02200938929693617,0.15431999559306425,0.07361065552529916,0.1388435848818736,0.25050574637201994
2339,0.1007126104043471,0.023722954675452525,0.1537449685215631,0.07214527654213834,0.13916022577992135,0.24992940324262966
2340,0.1007036892727448,0.02411397818242984,0.15277613920011135,0.07253973831930702,0.1380581874921846,0.24773049178884235
2341,0.10069976793365218,0.02014201706269767,0.1564924904907046,0.0725485711638902,0.13873212712736815,0.2581967731808555
2342,0.10069765102462504,0.023943124619805203,0.15409035751387273,0.07134403435031146,0.1378542887130499,0.25307274947825686
2343,0.10069884537793868,0.023735289576059564,0.15471414208817538,0.06949093334097949,0.13924999702959875,0.25540149589394784
2344,0.10069373897940063,0.024119090740918822,0.15505847232710285,0.06812667731944363,0.1423466938866669,0.254702045775198
2345,0.10069617524863493,0.0228762797194837,0.15504485074890204,0.069616659428786,0.13930818590144298,0.256209706916477
2346,0.10070267644841566,0.02117067627299856,0.15305924176722838,0.06826829664755366,0.1374839891641373,0.25342543948999413
2347,0.1007021633870008,0.02362941539683439,0.15017660378105116,0.06801931840969215,0.1332950362008751,0.2492154567325862
2348,0.1006924063466771,0.025400794692150532,0.15220169995758726,0.06809819503226526,0.13422480591014072,0.2542820989303557
2349,0.10069426096588893,0.021070344299452107,0.15273421012025715,0.06933333346292384,0.13440589168379813,0.2544634052140494
2350,0.10069086471188674,0.019654400844246987,0.15268294474327604,0.07101822710935307,0.13253164424414252,0.25449896287633267
2351,0.10069293522082298,0.021774516796863493,0.15206173853299426,0.07087446027381,0.13334947063561017,0.25196128468956264
2352,0.10069241510684093,0.020267836018299366,0.1521708256828798,0.07304190637235045,0.13432560121238601,0.24914496946390288
2353,0.10068869211569494,0.018892154593715463,0.15322065173681665,0.07585018361623967,0.13337052893302376,0.2504412426611865
2354,0.10068177613727047,0.02302074357573304,0.1557345266597246,0.07434859889602646,0.1376970886426603,0.2551578924404871
2355,0.10068023823574564,0.019820707484553144,0.15389358126112745,0.07269495177150098,0.13256037745867316,0.25642541455320833
2356,0.10068242302496135,0.021680576243000196,0.15425292218709108,0.0757843637317091,0.13249506624176557,0.25447933658779853
2357,0.1006794358620315,0.021628881766309713,0.15346991981997452,0.07622909058280673,0.13254781563113224,0.25163285324598456
2358,0.1006793653447965,0.02462981428142568,0.15405644217662243,0.07720349751354265,0.13143310761206814,0.25353272140425653
2359,0.1006796579887169,0.022361579136889062,0.15467797828806437,0.07556810828628453,0.1361009004666098,0.25236492611129874
2360,0.10067542524366264,0.02037705207675289,0.15389177482279767,0.07420202108191339,0.1365862017409215,0.2508871016455581
2361,0.10067227541456654,0.020762998104381685,0.15610884136485545,0.07541509362197021,0.13710223428031565,0.25580919619228054
2362,0.10066959013281232,0.01974339938056988,0.1570346564370307,0.07416594196929384,0.13780865120301547,0.2591293761387828
2363,0.10066993050213933,0.022067819278831776,0.15715565232766307,0.07206259340080833,0.139971968723613,0.2594323948585679
2364,0.10066959933938405,0.024850316214810073,0.1549738168842108,0.07115999276992936,0.13874132095466943,0.2550201369280336
2365,0.10067135795312855,0.022169419428391964,0.15536669391952695,0.07383481206783138,0.139762077424174,0.2525031922665754
2366,0.10066806610528774,0.02482600367428873,0.1567054999595095,0.0731059255823065,0.14238266501774993,0.25462790927847206
2367,0.10066002575542271,0.022057796882514295,0.15764614256580006,0.0746558868954818,0.142163317079484,0.2561192237224343
2368,0.10065932972992142,0.024167013952261437,0.15482630293910293,0.0751928697180353,0.1397346132877627,0.24955142581151085
2369,0.10066289641542767,0.021665733386263226,0.15517559524181995,0.07569065168514764,0.13799939193079844,0.2518367421095137
2370,0.10066442795481265,0.02343778433928845,0.1550006685026957,0.07423101422145766,0.1384152036001717,0.2523557876864577
2371,0.10066448525468595,0.021683519386395574,0.15529743470582152,0.07514891994697065,0.13714247385100534,0.2536009103194886
2372,0.10066267817084475,0.02420724762680856,0.1554064826058961,0.07594470918117364,0.13767474759907078,0.2525999910374438
2373,0.10066038187063119,0.02067137289359438,0.1548275345183866,0.07433492390025517,0.13641483099711957,0.253732848657785
2374,0.10066260330026933,0.02009884683714225,0.1532981528498783,0.0758068718455092,0.134146104678759,0.24994148202536662
2375,0.10066339104808744,0.019291203164475454,0.1534494462912819,0.07816394409921926,0.13272235897237158,0.24946203580225487
2376,0.10066671851815112,0.023407536926624468,0.1543107241967964,0.077047929152159,0.13019000029824712,0.255694243139983
2377,0.10067106335622045,0.018827124743794447,0.1527419669428794,0.07569407618523175,0.13374778922279337,0.2487840354206131
2378,0.10067404289564327,0.023658585567073512,0.15420039935755508,0.07780133999893576,0.13693264936626237,0.24786720870746712
2379,0.10067797777500177,0.02303235973209694,0.15230241944460285,0.0776233140251858,0.13570315839419037,0.24358078591443244
2380,0.10067712624859532,0.020080534880781705,0.15239854602991657,0.07880658743207307,0.13729643298516772,0.24109261767250892
2381,0.10066822593195059,0.024880211365931333,0.15211695087318688,0.07655888845624656,0.1372819901539288,0.24250997400938526
2382,0.10066301140477328,0.02169089507157399,0.15248627816857027,0.07776989432213863,0.1385709268758575,0.24111801330771465
2383,0.1006650367651304,0.021622869971085867,0.15073373187306233,0.07629361963585012,0.13524787540358332,0.24065970057975355
2384,0.10066068502691708,0.023902621538016675,0.15227441501929337,0.07587006511172051,0.13736655776291065,0.2435866221832489
2385,0.10065535187312649,0.021628038772154478,0.15320367624549563,0.07685719836803731,0.13422716056314726,0.2485266698053023
2386,0.10065586141947078,0.0179893012497103,0.1540907506998275,0.07809480549361773,0.13592754501719234,0.2482499015886723
2387,0.1006532636020365,0.021830045999001194,0.1540319758709978,0.08032246426010817,0.1346472853231739,0.24712617802971132
2388,0.10065261095941663,0.026427590571875475,0.15319684838496397,0.07800001880501643,0.13817103372711753,0.24341949262275803
2389,0.1006600503557117,0.02025698977280599,0.1532810070628844,0.07742220806273185,0.13640731274717782,0.2460135003787435
2390,0.10066318608126872,0.02004892752951917,0.15510911119628532,0.07969113186648653,0.13595024614578946,0.24968595557657997
2391,0.10066835159298224,0.01783769087309749,0.15260940141476131,0.0778501653857106,0.13386529164882482,0.2461127472097485
2392,0.10066586910318875,0.023263337338597544,0.15389509451886435,0.07953843718968998,0.13410420853259,0.2480426378343131
2393,0.10066551807733333,0.02253916218473239,0.15218080300694223,0.07737774409430549,0.13179769930772206,0.24736696561879906
2394,0.10066469507379282,0.022940033779630237,0.15206330168914295,0.07672621678246451,0.13249970074653997,0.24696398753842438
2395,0.10066379415976487,0.018302534142594997,0.1537707987113728,0.07738048013369109,0.13469501082548613,0.24923690517494115
2396,0.10066181230860242,0.017386018621592225,0.15348121712408455,0.07906156957703687,0.13271449222517656,0.24866758957004012
2397,0.10066141100575983,0.02115267620007782,0.15470580827708347,0.07909988433032086,0.1323206003383084,0.2526969401626211
2398,0.1006627198024077,0.013503373142894962,0.1539449612239448,0.07792745563762422,0.132884668898243,0.25102275913596706
2399,0.10066537551674044,0.025205576021453888,0.1539751068143659,0.07569095361310661,0.1321467422302984,0.2540876245996927
2400,0.10066573265556138,0.02482391021948926,0.15458088474930368,0.07698437208208612,0.136143913680369,0.2506143684854559
2401,0.10066802669042446,0.022639929813198723,0.15610213518872693,0.07643561480529823,0.1393811480395695,0.2524896427213131
2402,0.1006694336387906,0.02317792291149593,0.15522083864077083,0.07604429859718558,0.13618669972095976,0.2534315176041671
2403,0.10066772538052057,0.019147128037355278,0.15405940394418569,0.07804216041262266,0.13708963077498526,0.24704642064494914
2404,0.10066988730932087,0.02196383819494989,0.15424746037897463,0.07822068759343667,0.13589983090077737,0.24862186264270972
2405,0.10066468794572529,0.02086240582499832,0.15756978486303203,0.07621552587127461,0.13751437027990374,0.25897945843791775
2406,0.10066491184845182,0.018729018057476104,0.15759358246791372,0.07724654937407507,0.13722937149512682,0.25830482653453923
2407,0.1006620583978913,0.02165457951960468,0.15681073815173643,0.07796317587329414,0.1365092666218753,0.25595977196003994
2408,0.10066061041958782,0.022321724996225648,0.15645393985107187,0.07846911468591794,0.13773726009174825,0.2531554447755494
2409,0.10066275447626791,0.02175547633649098,0.15731212104243872,0.07850316269834808,0.1390884291709645,0.2543447712580035
2410,0.10066229968651173,0.019856017448463787,0.15825412181165618,0.07617260116135346,0.14263422766142034,0.2559555366121947
2411,0.10065683433112448,0.020902646228039508,0.1594748809595768,0.07870637152186638,0.14163203951080297,0.258086231846061
2412,0.10065632191091835,0.023738447398373965,0.1575816446495974,0.07946360066730372,0.1399318577124419,0.2533494755690466
2413,0.10065786197043539,0.021086201392852492,0.15558904960765652,0.07543040372217101,0.13917639784382266,0.25216034725697584
2414,0.10065481563523146,0.02341442182360575,0.15627974907822426,0.0764927435896619,0.14045917949133627,0.2518873241536745
2415,0.10065288391825836,0.024671960826242244,0.15734427418046087,0.07696767419535826,0.1418338083088013,0.25323134003722303
2416,0.10064567148408567,0.020911720241006237,0.15740305070503474,0.07776161771067117,0.13933754027466277,0.25510999412977026
2417,0.10064368130917846,0.023857722311335115,0.156690908886607,0.0772661209895877,0.14062783324963932,0.2521787724205939
2418,0.10064111249137814,0.024082835376173048,0.15954447345573794,0.0796406302661808,0.14601673937059859,0.25297605073043444
2419,0.10065533205005386,0.018405611314786952,0.1589053787833996,0.07872050315509532,0.14300532699619062,0.25499030619891283
2420,0.10064718885289296,0.021779835842491838,0.1585058050322336,0.0813407317366639,0.14242955825339992,0.2517471251066369
2421,0.10064771475977928,0.018976547342787663,0.15716741809463958,0.0788355017538998,0.14382236130480633,0.2488443912252126
2422,0.10064665012782409,0.01928987334033468,0.15712287656873145,0.07692234739197801,0.142934047101708,0.25151223521250826
2423,0.1006431401036334,0.023520243502052902,0.15713040463656705,0.07646657424913861,0.14353348432883975,0.2513911553317228
2424,0.10064472609100106,0.02448094166204026,0.15740404381646617,0.07591802058077768,0.14317006654947928,0.2531240443191415
2425,0.10064268308661298,0.022758765954541637,0.16025639181933865,0.07568252405930248,0.1448702265592877,0.2602164248394258
2426,0.10064484126689914,0.019628568109583196,0.1572557301098954,0.07590994260966655,0.1428457683901591,0.2530114793298605
2427,0.10064297110058158,0.021326583028662253,0.15854895991844517,0.07645552721679896,0.14145132819230313,0.2577400243462334
2428,0.10064342575706346,0.02122178425423058,0.1568472392921251,0.07606869667400631,0.141204507950095,0.2532685132522739
2429,0.10064355357188577,0.02146120007731356,0.1588862990639922,0.07578480182958008,0.14194569838511917,0.2589283969772773
2430,0.10064808173885642,0.019804334757693633,0.15829471775272175,0.074487896439358,0.14106563867961058,0.2593306181391966
2431,0.10065051060544485,0.019208404259302782,0.16139028164506355,0.07691830137771512,0.14345206396512988,0.26380047959234554
2432,0.10065244419756454,0.021972473014545375,0.16235276687074016,0.07561018817303894,0.14356699921362448,0.267881113225557
2433,0.10064982289501803,0.021826720187155833,0.15876990878906438,0.07615578205700615,0.13770611619380374,0.26244782811638323
2434,0.10065439360470291,0.02067116009405832,0.16039935994031068,0.0758046814713041,0.1404904206623008,0.26490297768732707
2435,0.10065445522805608,0.017889513327156496,0.15891927934254216,0.07540370307980664,0.14102956251351448,0.26032457243430535
2436,0.10066057138756346,0.024256302876857393,0.15999012623027567,0.07647247837602893,0.14181962447383242,0.2616782758409656
2437,0.10066039437115389,0.016687546042544386,0.16092227978578533,0.07940684451994814,0.13910864293707315,0.26425135190033466
2438,0.10067149206063263,0.01985248320892411,0.16144052972563577,0.08090286989615028,0.14098330066693754,0.26243541861381947
2439,0.10066533521878372,0.02017144204945494,0.16142010182911357,0.07996461510096373,0.14145945520525582,0.2628362351811211
2440,0.10066916097285435,0.020812696107476554,0.15860014736819958,0.0777841799385392,0.13775786463004483,0.2602583975360146
2441,0.10066992730970853,0.021485061811527227,0.1593224924903349,0.07787555729561588,0.142987393349225,0.25710452682616386
2442,0.10066550381193244,0.027676107482105878,0.15911395796314542,0.07847285960728478,0.13909401381937095,0.25977500046278046
2443,0.10066680303932721,0.022014652090959923,0.15881520500732874,0.0764986201415033,0.14153765340608787,0.25840934147439504
2444,0.10066551447236458,0.019614009545176937,0.16097734776418288,0.0794428395261131,0.14432644513380283,0.25916275863263266
2445,0.10067041833837197,0.017150465501091217,0.1610175130222179,0.08049309960544968,0.14780745959374242,0.2547519798674616
2446,0.10066964154545044,0.020189056665993944,0.16126462346334147,0.0778889312735435,0.1461359891322254,0.2597689499842554
2447,0.10067012227876275,0.024004069237391585,0.16092006934089184,0.081156674217593,0.14246295899376546,0.25914057481131714
2448,0.10066579751600514,0.020674368305118485,0.16033964367066864,0.07880876969722823,0.14068600712431684,0.26152415419046077
2449,0.10066572814040958,0.02354066146168147,0.15980381169704397,0.0789610048400528,0.14199612762095565,0.2584543026301235
2450,0.10066285588507257,0.026131747746247526,0.15961547122024725,0.07975124588917225,0.14179614888280598,0.2572990188887634
2451,0.10067137929532405,0.0227782198805904,0.1609720651835588,0.07847901040796611,0.14329080649538561,0.26114637864732476
2452,0.10066183056010063,0.020349732779725214,0.15960482342189877,0.07678056398534315,0.14143511905102474,0.2605987872293284
2453,0.10066262716240533,0.023743930731480435,0.15510282874786505,0.07393583435900382,0.13568743332414357,0.25568521856044785
2454,0.10066048006339211,0.019725975038477127,0.1567154431318925,0.07398196168588614,0.13837068468451147,0.2577936830252799
2455,0.10066113069851501,0.022824542479168274,0.15594504903101278,0.07387706816106321,0.13656593058854724,0.2573921483434279
2456,0.10065920346054269,0.02205310045501572,0.15586702422799376,0.07292468126655942,0.13707431308680107,0.25760207833062077
2457,0.10065823959302204,0.020637458310035307,0.15619186229331025,0.07440515700093416,0.13771116122833688,0.2564592686506597
2458,0.10065986914263898,0.0228998624021905,0.1561450329949218,0.07719971734992968,0.13542277620452,0.25581260543031564
2459,0.10065976076162997,0.019362779385910654,0.1586608304718336,0.07590605288206163,0.14219639338890977,0.25788004514452934
2460,0.10066066873606669,0.020971565548531766,0.1595893693614827,0.07807486926970915,0.1465213759769998,0.2541718628377392
2461,0.10065836718801517,0.022422232387488538,0.16038688265226214,0.07638400610440503,0.14626482625957038,0.258511815592811
2462,0.10065881317066787,0.019675387951670235,0.16128067519461337,0.07371139134178582,0.14699050123173626,0.26314013301031797
2463,0.10065530673325393,0.020675080424217774,0.1601668347205033,0.07404941036567611,0.14607170967086922,0.26037938412496464
2464,0.10065442737192726,0.021220955970864916,0.16004635274879972,0.07399234936738905,0.1471466332428448,0.2590000756361653
2465,0.10065399618573852,0.02016741528353801,0.1603535585332061,0.07338248709014349,0.14348484431567057,0.2641933441938042
2466,0.10065520870032135,0.0210831327940984,0.1605267548712582,0.0752237683525818,0.14554419695529505,0.2608122993058977
2467,0.10065271206260656,0.022562590537112757,0.16305493843747737,0.07649844911074208,0.14576836721608444,0.26689799898560546
2468,0.10065042763201136,0.021601959084601614,0.16304672641943638,0.07327166293933947,0.14826218521834914,0.26760633110062054
2469,0.10065161974120837,0.021890164299756164,0.16390826466252148,0.0738593715618002,0.14730327436942672,0.27056214805633755
2470,0.10064888785632199,0.022605630683128587,0.16309888915217213,0.07377451731579063,0.14653385271453373,0.26898829742619207
2471,0.10064981902815266,0.023137770532509205,0.16526820638321635,0.07484446954338257,0.150842500189125,0.27011764941714134
2472,0.10065042100343698,0.021759848607359775,0.16424245119265704,0.07478417128360688,0.14680738972747376,0.2711357925668904
2473,0.10065058810095942,0.021976964688692615,0.16359051361539914,0.07583655162535412,0.14580843419627376,0.2691265550245695
2474,0.10065858950984709,0.02358091566747125,0.16370587078575646,0.07654448645915655,0.14613835857447915,0.26843476732363364
2475,0.1006554980899675,0.017278708362959517,0.16444747919848204,0.0746449631030066,0.147303281148708,0.27139419334373155
2476,0.10065416783501747,0.02387734915877444,0.16580527023024563,0.07777029027110191,0.14854316052343502,0.2711023598961999
2477,0.10064970430180235,0.017178402815567057,0.16402604893160938,0.07773366499402394,0.14608989371771722,0.26825458808308694
2478,0.1006503059492006,0.018920502201862872,0.16143106542264904,0.07839121430451382,0.14526324565675902,0.26063873630667417
2479,0.1006533918327841,0.021221937696758474,0.1612681559350549,0.07967359380483814,0.14528688603707454,0.2588439879632519
2480,0.10065627154426827,0.0186604077158406,0.1590855081037543,0.07662741445908043,0.1453610494502767,0.2552680604019057
2481,0.10065319625438963,0.02018515444677969,0.16186841965283535,0.07762773715736125,0.14857739801663244,0.2594001237845123
2482,0.10065417486155924,0.02484360436641127,0.15854369346803981,0.07416522953387521,0.14356832989725352,0.25789752097299073
2483,0.10065617814285169,0.02322953787958772,0.1573343227951591,0.07386748251236591,0.1434217459173791,0.25471373995573227
2484,0.10066311736137463,0.02181403399789815,0.16058569403492648,0.07210063305833807,0.14823644804646108,0.26142000099998025
2485,0.10066380218228899,0.023428070885685826,0.16057126809358296,0.07440554716920511,0.14765932407649132,0.2596489330350525
2486,0.10066346926205767,0.023016218284381704,0.15817726185349054,0.0712800069026535,0.1478123936977924,0.2554393849600257
2487,0.10066139098009583,0.0221301307006604,0.16130444556261597,0.0742029330398287,0.150178771232614,0.25953163241540517
2488,0.10066081127504792,0.02610740463571783,0.15889309262974033,0.07070326439536707,0.15031629069442268,0.2556597227994313
2489,0.10066408630177781,0.019535294509015977,0.15738587304927876,0.07158587600767156,0.14587327888385548,0.2546984642563092
2490,0.10066326670299477,0.019525818985933235,0.15717573213899957,0.07346320678166417,0.14486254122560485,0.2532014484097297
2491,0.1006593116781467,0.02347451516995994,0.15749577620740277,0.07535053612782526,0.14366900221266593,0.2534677902817171
2492,0.10066570074501927,0.02398769825320007,0.16059969888228395,0.07672118983193693,0.1451727987507029,0.259905108064212
2493,0.10066907422697507,0.022220098210638393,0.16007368349593956,0.07539966488266245,0.14883087990175803,0.2559905057033981
2494,0.10066543339222096,0.022889982243809837,0.15828072965717654,0.07457841885161588,0.14575546683881682,0.2545083032810969
2495,0.1006637623479966,0.019486342616232177,0.15928996615578894,0.07310916375252803,0.14694715100842454,0.2578135837064143
2496,0.10066346396979815,0.02003247246762146,0.1587731265640269,0.07392044609624462,0.1452613031623237,0.2571376304335123
2497,0.10065741897095376,0.0233610161365463,0.15799233544234922,0.07363686067185916,0.14785813914869583,0.25248200650649266
2498,0.1006552494653572,0.021784534802553063,0.15883863413079302,0.07366129591126318,0.15115620706362778,0.251698399417488
2499,0.10066031779008275,0.02273416835246099,0.15998334223828142,0.0755850453015514,0.15114941443272925,0.2532155669805636
2500,0.10065594195807172,0.027434139449010315,0.15688000311753744,0.07366951917850757,0.14681960141119946,0.2501508887629053
2501,0.1006555910011568,0.022663090983008716,0.1560967213815159,0.07424032086221843,0.14665664558810068,0.24739319769422843
2502,0.10065971693761397,0.02183885411176025,0.15838530081583643,0.07379898124693617,0.15001838983520646,0.2513385313653667
2503,0.10065276042669136,0.02022812768460269,0.15671433121399134,0.07068157404764948,0.14551193038825602,0.25394948920606847
2504,0.10065010703091264,0.018790757556960944,0.15585013074402257,0.06989112091621183,0.14329012942917232,0.25436914188668347
2505,0.10065187952799412,0.019384859494957447,0.15411421829478805,0.07053183368730588,0.14343611556436242,0.2483747056326959
2506,0.10065286148124236,0.02096999169662413,0.15667107947494194,0.07140895503867468,0.14720998217983733,0.25139430120631373
2507,0.10065271759414539,0.02501920614980607,0.15985724664921686,0.0754993992442518,0.1467584254348666,0.25731391526853215
2508,0.10066018821509437,0.024202863751475644,0.1578234387908721,0.07480703124296975,0.1461616232576093,0.2525016618720372
2509,0.10066059432739191,0.02420562738514136,0.15771434696251838,0.07363277002772146,0.14427095853644936,0.25523931232338426
2510,0.10066310774802993,0.02012851157887943,0.1550274985461595,0.07292298377822767,0.14297136896713455,0.24918814289311625
2511,0.10066441835380736,0.017397111920044107,0.15617754483114513,0.07396415079894184,0.1445399013539106,0.250028582340583
2512,0.10066607548774621,0.019875903560173748,0.15600035318774932,0.074544276702297,0.13880287043149048,0.25465391242946045
2513,0.10066911914097189,0.01741225720761071,0.157820337255389,0.07554541495576221,0.13931894310061396,0.25859665370979085
2514,0.10067031106121108,0.020209767933574384,0.15715544429785194,0.07386842403731693,0.1362764630558923,0.2613214458003466
2515,0.10067241787255217,0.018769721665268805,0.1590211162235956,0.07186300618913781,0.1399892652280104,0.2652110772536386
2516,0.10067120064331035,0.018531870165716155,0.16020132822719751,0.07247961467918214,0.14330767908161243,0.26481669092079796
2517,0.1006731068108242,0.020118600739739225,0.1587852230616876,0.0699518152483755,0.14095194825132587,0.2654519056853614
2518,0.10067232105542105,0.01732933158999758,0.1591162247521112,0.07079163381384367,0.1430503748169381,0.26350666562555186
2519,0.10067461007500977,0.021192144995458535,0.15903128250711396,0.07228267798908722,0.14089072194419439,0.2639204475880602
2520,0.10067298566760578,0.020690758165985042,0.16309684712801972,0.07457013529917492,0.14345260054314085,0.2712678055417434
2521,0.10067537917219228,0.024322734035397853,0.16169158711973325,0.07257401033998599,0.14259550390282738,0.26990524711638636
2522,0.10068058578771427,0.023079578833087432,0.1615800475188379,0.07209226136667891,0.14252164409080142,0.27012623709903333
2523,0.10067905227093739,0.01414647448891261,0.16156370335511755,0.07297786517025776,0.1398231340125122,0.27189011088258275
2524,0.10067187507540458,0.025341758448907993,0.1622683172218957,0.07275825514355351,0.13970157037343756,0.27434512614869605
2525,0.10067829725150396,0.02280519163276669,0.1603282879502368,0.07264657362417341,0.1403509040229953,0.26798738620354173
2526,0.10068141744167494,0.021323092663673413,0.15905357449415478,0.07115501417807964,0.13902169948847076,0.2669840098159139
2527,0.10068339637858266,0.020510697854714086,0.15922759579450757,0.0686361019255998,0.14188186604256756,0.26716481941535536
2528,0.10068594512834439,0.019723376893296743,0.16069189808266604,0.0708366154893505,0.14113844378524112,0.27010063497340653
2529,0.10068828497688184,0.020774486393684354,0.16294046645308832,0.07016367439648058,0.14420277938937964,0.27445494557340466
2530,0.10069079339483093,0.020881576419397644,0.16110419801085232,0.06840827664474974,0.14279436807971554,0.27210994930809157
2531,0.10068929033675549,0.02162089461145453,0.16095471580887075,0.06965985480077741,0.14201042212801648,0.27119387049781835
2532,0.10068559578691283,0.020821227888966135,0.16243796700640065,0.07191037356029824,0.14247003183919438,0.2729334956197093
2533,0.10068361862718747,0.02008666767842677,0.16137313356328203,0.06935875040379517,0.1435969605871605,0.27116368969889043
2534,0.10068458711948265,0.019726508805417618,0.1618082545324162,0.06878704284249211,0.14580925805617972,0.2708284626985768
2535,0.10068233287877588,0.022446250203753355,0.1595303158289825,0.06510228201737728,0.14207520482998195,0.2714134606395882
2536,0.10067944326858119,0.024033714526250687,0.16156945741619033,0.0692212121734416,0.14291225106122302,0.27257490901390635
2537,0.10068156596411462,0.020744272080435302,0.16211352095550843,0.0676746920031707,0.14254233513182848,0.27612353573152615
2538,0.10068047983489904,0.028499003920617848,0.15901763147134676,0.06816495200698085,0.13985083039399276,0.2690371120130666
2539,0.10068518179834825,0.0198997241023594,0.15809842525054302,0.066882150891398,0.1397516685728851,0.26766145628734594
2540,0.10069126503695028,0.014957199101381413,0.1583533389693493,0.07063426931104586,0.13647338931530392,0.2679523582816981
2541,0.10068646832939376,0.021016785250401914,0.15951946002395154,0.06742930672564126,0.1399315096680772,0.27119756367813613
2542,0.10068913499944715,0.02373643453951482,0.16139087669474703,0.07063132599854587,0.1429395708406619,0.2706017332450334
2543,0.10068385652143176,0.021250920371645873,0.16120205130653054,0.07009881015354183,0.14366576201352116,0.26984158175252865
2544,0.1006829623417915,0.019060564713847237,0.16066232330073252,0.07157777204083283,0.14024052273171855,0.27016867512964615
2545,0.10068847573449594,0.02299377056591868,0.16061589596208783,0.07018324140246947,0.1430527091192155,0.26861173736457844
2546,0.10069118621529109,0.020644263290397435,0.16148352060119672,0.0737663309883054,0.14263258927959263,0.26805164153569205
2547,0.1006863902030541,0.02268899784265886,0.16299849468998512,0.07295425810349494,0.1447446698343321,0.27129655613212833
2548,0.1006893142672231,0.019220060126442274,0.16154811986220471,0.07198827733196397,0.1439715372645957,0.2686845449900544
2549,0.10068979541170558,0.024475395916378314,0.1617249804604555,0.07265696873647338,0.1424415344930617,0.27007643815183147
2550,0.10069693135733335,0.02032278310546508,0.1640409188351164,0.07392431979956698,0.1465963298718888,0.2716021068338934
2551,0.10069500772575925,0.019356673447980047,0.16285194945142709,0.07355483105884521,0.1417181744497814,0.2732828428456547
2552,0.10069534056324424,0.019595283363089133,0.16289412765915473,0.07421599250969663,0.14431458353073526,0.27015180693703233
2553,0.10069475785038602,0.021977760911335385,0.16297374077096585,0.0702756734858386,0.14486448136946745,0.2737810674575915
2554,0.10069313267137528,0.0201426720219743,0.16188121382126192,0.06902085551121848,0.14207673514525976,0.27454605080730765
2555,0.10069280257942649,0.024567550358260533,0.1618018852050991,0.06844173424275228,0.14323042038132572,0.2737335009912194
2556,0.10069078371427571,0.021540031175060884,0.1605205283441521,0.06807618875913753,0.14141635872118208,0.27206903755213663
2557,0.10068654938300652,0.02181822483122646,0.16006499766514343,0.06687201413909431,0.14214275821166497,0.2711802206446709
2558,0.10068619798193544,0.022704658620820148,0.1584723308125396,0.06291242456733145,0.1412153819690735,0.27128918590121387
2559,0.10069074629448134,0.023186681327491562,0.1601496008870545,0.06495892503177517,0.14365668744035442,0.27183319018903396
2560,0.1006905747503518,0.0195555632946676,0.15977923490187135,0.061510179472146355,0.1446664926946954,0.2731610325387723
2561,0.10069009003284381,0.020460884546596007,0.15968483712370213,0.06521478135311157,0.1433714519150877,0.2704682781029071
2562,0.1006862767275048,0.023012660224683016,0.16055708569498708,0.0647255669851302,0.14698086187402917,0.269964828225802
2563,0.10068471156125709,0.016952368098505942,0.16024067117905608,0.06375371847052207,0.14576090962910734,0.2712073854375388
2564,0.10068603036253178,0.024095229958305243,0.160116438399256,0.06351364266175853,0.14274624639171174,0.27408942614429777
2565,0.10069183297236746,0.02225357355034557,0.16132889702130473,0.06493089086946137,0.143023767206654,0.2760320329877989
2566,0.10068683718430488,0.02437418927750021,0.16124294237995782,0.06379357084295897,0.14498359605695313,0.27495166023996137
2567,0.10068895595613288,0.027769770342893928,0.16211409272064084,0.06610199304060978,0.14595388162712536,0.2742864034941873
2568,0.10069128752562956,0.020897369056247343,0.16130938447518875,0.06599642276352913,0.14493666109112446,0.2729950695709126
2569,0.10069068489925805,0.027478891976599033,0.15980454467116506,0.06300483013401165,0.14671767967091576,0.2696911242085678
2570,0.10068819463182185,0.024393289757737826,0.15771657036777348,0.06018790736120781,0.14110334931478757,0.27185845442732504
2571,0.10069484722084947,0.02524646790780363,0.1589831929159685,0.06060411355052653,0.14411718688560624,0.27222827831177265
2572,0.10069248574782336,0.02010208092430168,0.1579488982922368,0.06105332090687776,0.14380348633381015,0.2689898876360225
2573,0.1006923287118091,0.023467623952673645,0.15704121488085715,0.058761030229496886,0.1398498264800469,0.27251278793302774
2574,0.10068442979736124,0.021463442395762884,0.15737134998222074,0.058538533502727155,0.1431073993819395,0.2704681170619956
2575,0.10067866597760194,0.021762227487900628,0.15653459410959097,0.057296124000245044,0.1440382182947278,0.26826944003380004
2576,0.10067831603296687,0.02547505490623193,0.15746505962822244,0.059971871238595036,0.14123782744513888,0.2711854802009334
2577,0.10067670284905768,0.02390446578797952,0.15611838440537548,0.05915946526977597,0.14073498239649204,0.2684607055498585
2578,0.1006819328526134,0.020387877911619622,0.15726516040246036,0.06026296355288852,0.14110530204024915,0.2704272156142435
2579,0.10067521267755007,0.020696117328727903,0.156949387524009,0.059137633932395045,0.1388551081692336,0.2728554204703983
2580,0.10067198837277877,0.020839308573111115,0.1561521055258825,0.058101227171514974,0.14140345418340522,0.26895163522272725
2581,0.10067107105318976,0.02242220243640876,0.15528437602242287,0.05843276386039866,0.1401585884885062,0.26726177571836374
2582,0.1006726491841757,0.027411953590368476,0.15312297307032186,0.05830896530779076,0.13488649449546,0.2661734594077148
2583,0.10066589181142774,0.024007897729408586,0.1561314784913149,0.058034978195376806,0.1390855170847935,0.2712739401937744
2584,0.10066768742688245,0.021080677695837664,0.15349832306094455,0.05611010553589443,0.13978589803399735,0.2645989656129418
2585,0.10066675504749292,0.022547511742130814,0.15294203506388224,0.05716835702919138,0.13864644909437612,0.26301129906807913
2586,0.10066559211141074,0.022629613230313008,0.15298406688954236,0.05586365462428177,0.14105193609368274,0.26203660995066247
2587,0.10066179588436681,0.0194916010644091,0.15620478729861,0.058430236030688164,0.1423322486624637,0.2678518772026781
2588,0.10066289536625458,0.019709886867412117,0.1548759198537569,0.057176723978783574,0.14097778167557545,0.2664732539069117
2589,0.10066071163140897,0.020153701465077542,0.1527349726422288,0.056043296564944924,0.13911539351780774,0.26304622784393367
2590,0.10066182821895796,0.02109245927709994,0.15334016748305915,0.05611077515813697,0.14116568477479025,0.2627440425162502
2591,0.10065937391688526,0.022785950964155904,0.15313745876408358,0.057232529208621145,0.14167959718266898,0.26050024990096055
2592,0.10066158460300213,0.02515909579745552,0.15451446022196955,0.06073665215678645,0.14451351621836545,0.25829321229075675
2593,0.10066729548097784,0.02316716961706859,0.15522947972794002,0.05980709231648941,0.14540791212803444,0.2604734347392962
2594,0.10066064720091726,0.02197769547046165,0.15437585223340916,0.059488345424215154,0.1448356576789204,0.2588035535970919
2595,0.10066214720462759,0.022276724510418875,0.15585604259220123,0.05981078457701199,0.14434540211344074,0.26341194108615096
2596,0.10066950819672593,0.022443001257436056,0.15611583776043225,0.06134612677518225,0.1432427973947489,0.2637585891113655
2597,0.10066471890065827,0.019111271480594338,0.154485363393471,0.06050457023123476,0.140381668214526,0.2625698517346521
2598,0.10066429916414994,0.019767539370870398,0.15482249079962182,0.060115968588464616,0.14005178160008738,0.26429972221031345
2599,0.10065731447843336,0.020557622064834382,0.1536701014060667,0.06282251376570795,0.13774932770965043,0.2604384627428417
2600,0.10065181009176838,0.024853472663116678,0.1546702924900045,0.06389353083716016,0.1374953784615494,0.26262196817130384
2601,0.10065973265563191,0.024415942715354536,0.15648512551193627,0.06342389751676375,0.14155852898489213,0.26447295003415283
2602,0.10065596567495215,0.02056898694531738,0.1576383670974999,0.06481646102495006,0.14382350694150503,0.2642751333260446
2603,0.10065657605589098,0.020985579186190446,0.15709042010822163,0.06300766115096033,0.1425821512706557,0.26568144790304876
2604,0.10065839366832398,0.018559942253408828,0.15747617477828843,0.06204452653440028,0.14078475970754445,0.2695992380929206
2605,0.10065101666440811,0.02835356976089779,0.1559894002039294,0.06324781214027221,0.13871620744442512,0.26600418102709084
2606,0.10065895654023986,0.02184338050606342,0.1574387013296749,0.06257280765004465,0.14085811187389005,0.2688851844650901
2607,0.10066310914556865,0.02412081374435299,0.15770531599623053,0.061929694495175984,0.14311451061463235,0.2680717428788833
2608,0.10066556998405396,0.0246618237976577,0.15658906907796452,0.060787477644994106,0.13971567088944817,0.26926405869945125
2609,0.10066528116504422,0.025362149278338887,0.1593062331316682,0.06199073541522853,0.14214424471095374,0.2737837192688223
2610,0.10066693827076599,0.023439229732192677,0.1587389411385056,0.06333378097776915,0.14352761406358558,0.26935542837416204
2611,0.10067034568036516,0.019614822962044025,0.16014555571874728,0.0649349506844943,0.14325175196617312,0.27224996450557437
2612,0.10066924955817064,0.021076020722182752,0.158226678829832,0.06386006680387989,0.14333337531564513,0.2674865943699709
2613,0.10067060071670128,0.024493333598593715,0.15821241120846574,0.062127003992031624,0.14386327785967082,0.26864695177369474
2614,0.10066827744924513,0.02262705989020569,0.15872227884958828,0.06140914000664082,0.14517314101909481,0.2695845555230292
2615,0.10066356823628066,0.020763895583374176,0.15724792647428915,0.06318583031162968,0.14281766518201913,0.26574028392921856
2616,0.10066485534087449,0.023041539283992885,0.1580722390056323,0.06288144650239375,0.14413872997617574,0.26719654053832737
2617,0.10066647085385151,0.020511235953461514,0.15933433394615376,0.06355537273618946,0.14522667922392077,0.26922094987835105
2618,0.1006648883393013,0.02231082752373907,0.15896432430460547,0.06484552355501559,0.14456144162020734,0.26748600773859343
2619,0.10067221970705581,0.020639709916246238,0.1600108390870057,0.06682341330592696,0.14404580266725472,0.26916330128783533
2620,0.10067330364095499,0.023874063007554656,0.16155313519195236,0.06848055224166628,0.14495503496536963,0.2712238183688211
2621,0.10067057063307396,0.02195349153779395,0.16110056575014864,0.06806151094236208,0.1462928271556722,0.2689473591524116
2622,0.10067669872721059,0.018827726716867346,0.15811507985924417,0.06474378920531258,0.140834930684202,0.2687665196882179
2623,0.10067995777880744,0.02049962885644983,0.15675866570111013,0.06375760990918095,0.1408508847170322,0.2656675024771172
2624,0.10067675225211484,0.021475061072635075,0.15735830064237183,0.06303138685385806,0.14004863742470156,0.26899487764855584
2625,0.10067975274034212,0.02022527029000134,0.15628011231961494,0.0635307193803697,0.14298724909716345,0.2623223684813116
2626,0.10067675912813441,0.018207122014012842,0.1576517990592801,0.06265046722523888,0.14165035637909662,0.2686545735735048
2627,0.10068513200765743,0.01947205684122267,0.1582943965179247,0.06113050627874694,0.14151715435368714,0.27223552892133995
2628,0.10068664957282929,0.02090157061669101,0.15869426146123713,0.061877686020382586,0.1427794073850226,0.2714256909783062
2629,0.10067956849507699,0.02045299122299579,0.15937642843800337,0.06265722565306425,0.13986357210317957,0.2756084875577663
2630,0.10067413631930229,0.017463917144074557,0.1604927916261411,0.06281634327505688,0.14268189390368818,0.2759801376996782
2631,0.10067588357122943,0.02646293016477057,0.1599079626213446,0.06435091203353463,0.14479441934615625,0.2705785564843429
2632,0.10067270664730057,0.019560400556432538,0.1597771212673513,0.06527741324502762,0.14288680341460006,0.2711671471424262
2633,0.10067228416634703,0.02149082099827681,0.15941590812796758,0.06628131217273327,0.14108851919820478,0.27087789301296467
2634,0.10067252200324432,0.022805277262216355,0.1602026121450498,0.06697900506845723,0.14334229520949673,0.27028653615719545
2635,0.10067323227977608,0.02065682064899841,0.16012651764551453,0.06517539208690422,0.14272593794558736,0.2724782229040519
2636,0.10067021152500825,0.020565465075110128,0.16154752020043792,0.0678614165497289,0.1460910803599618,0.270690063691623
2637,0.10066896747310491,0.02177360054544551,0.162317729717806,0.06826703449762175,0.14382321955776597,0.27486293509803034
2638,0.10066409812229327,0.018437400976006487,0.15916446753231764,0.06780429360693008,0.14207608621650963,0.26761302277351323
2639,0.10066198184434465,0.02257380099407734,0.15968155897734534,0.06497791195891431,0.1410764295053693,0.2729903354677524
2640,0.10066240962763037,0.021842697245308264,0.16189067350926972,0.06864490178186371,0.14236157155396556,0.27466554719197983
2641,0.10066270928720486,0.01946543178176393,0.16448206787791728,0.06993953998663215,0.14414481130287243,0.27936185234424726
2642,0.1006680536112755,0.021323180147141355,0.1634391477111262,0.06969109817131959,0.14075677709374898,0.27986956786830997
2643,0.10066828760167845,0.022542687510710764,0.16307113792560315,0.07016583230121062,0.1408023386024007,0.2782452428731981
2644,0.10066709264678157,0.018487310480619076,0.16178606187651737,0.06760715072678923,0.14091118955526832,0.27683984534749456
2645,0.10066003772019944,0.018929576767369546,0.16113395465991767,0.06659269140500829,0.1392161925267739,0.27759298004797084
2646,0.10065511673603415,0.01842728995294607,0.16188580397542338,0.06865890588491351,0.139567212636167,0.2774312934051896
2647,0.10065459852990398,0.01878291990707843,0.15971282588929195,0.06711254678454326,0.13797913895006392,0.2740467919332687
2648,0.10065112459581273,0.024357577596022587,0.16135293907689208,0.0688988520241723,0.14201926438854903,0.2731407008179548
2649,0.1006487776674936,0.017445690912781038,0.16184122373398996,0.06977543199921153,0.1404041027729811,0.2753441364297772
2650,0.10064455617045341,0.022788338537593614,0.161683387975911,0.06990270817722136,0.14411534402596515,0.2710321117245465
2651,0.10064393816793545,0.02058225906916197,0.16183921855547706,0.06828679220149467,0.14556875432323826,0.2716621091416983
2652,0.10064439937654243,0.017276290445657396,0.1614428548591381,0.07213086764193924,0.1429211741073613,0.2692765228281137
2653,0.10064785638949282,0.021280173649327487,0.15965456455386695,0.06896102161271939,0.14074573555936723,0.2692569364895142
2654,0.10065274329952954,0.018176809120332052,0.1603159282017432,0.06881668495390886,0.14310680521324978,0.269024294438071
2655,0.10064646032799868,0.01828457181530559,0.16177018618420477,0.06915183643528675,0.14227491242012966,0.27388380969719794
2656,0.10064560434952649,0.022180550242229695,0.15906430820942755,0.06907055760494708,0.1407941465511834,0.26732822047215204
2657,0.10064397980633906,0.02305480632222746,0.15949747294727631,0.06850640277329907,0.14191394840452856,0.2680720676640013
2658,0.10064548256552623,0.021260998830453345,0.1583919056429579,0.0691800503968583,0.13896955026232444,0.267026116269691
2659,0.10064913985801523,0.018645923207736115,0.16137261164352157,0.07125636546983734,0.1437875066528776,0.26907396280784973
2660,0.10064227256682055,0.0198837685929419,0.1602028370004272,0.06896001005001622,0.14137174750747086,0.2702767534437945
2661,0.10064331515202353,0.018490382887199112,0.15929580638896226,0.06841385440791561,0.14101788968108595,0.26845567507788515
2662,0.10064300727740014,0.02288331542849851,0.1591528661201505,0.06724134439166564,0.13937852863938363,0.2708387253294022
2663,0.10063856634401386,0.018452091372442258,0.16066592932938212,0.07051139481387166,0.1390149234409643,0.2724714697333103
2664,0.10063673424332346,0.022588644818091298,0.1571867292007047,0.06534847474430736,0.13651051527429073,0.269701197583516
2665,0.10064026384254879,0.026065596577717183,0.15565308580053966,0.06461615080938357,0.13594267019567793,0.26640043639655736
2666,0.10064221365746907,0.022774547350311227,0.15520391325618235,0.0642019474360804,0.13515996268279548,0.26624982964967114
2667,0.10064735108007193,0.01992540923415218,0.1576613422849029,0.0649368097995681,0.14055725598496718,0.2674899610701733
2668,0.10064566553069902,0.02200083325024714,0.15592411363693787,0.06512277023220339,0.13511352139900298,0.2675360492796072
2669,0.1006492400731954,0.017931147798899153,0.15773338656264255,0.06506495553947914,0.13800797181121596,0.2701272323372325
2670,0.10064980176817635,0.01989030380582346,0.15807621684162154,0.06237636385889749,0.13962525248621624,0.2722270341797509
2671,0.1006533234939426,0.02212449170784626,0.15920468191847953,0.06525426633923292,0.14059906060895735,0.27176071880724834
2672,0.10064817004267453,0.021590660555842592,0.16092404158804827,0.06603260790295917,0.14435663120414777,0.2723828856570379
2673,0.10064499563617696,0.02450345657285822,0.15984360579369727,0.06465256853369508,0.14333624784408688,0.2715420010033097
2674,0.10064255296709927,0.023779361843485797,0.16042705546590694,0.06219522324492713,0.14411797086896874,0.2749679722838249
2675,0.10064143667432397,0.021061888286423434,0.16037253872333324,0.06282566968032417,0.14444178376758632,0.27385016272208923
2676,0.100640485818097,0.02193767096590534,0.15862464589691277,0.06320133370620158,0.14175385357753517,0.2709187504070016
2677,0.1006355388536187,0.024362747948497694,0.15900484477099086,0.06536282052648605,0.14362001562808546,0.2680316981584011
2678,0.1006311331010919,0.024431904208823612,0.1616889174244963,0.06568346095670743,0.14564191911469787,0.2737413722020836
2679,0.10062969679911588,0.02527610241995735,0.15836514741904859,0.06399805972584444,0.14083764119021044,0.27025974134109093
2680,0.10063150119060274,0.021867631119232695,0.1571470181479457,0.06242046431734178,0.14230114030673618,0.26671944981975926
2681,0.1006288538716576,0.021653205099378372,0.15737396473118143,0.06333433668369479,0.1397870743505072,0.26900048315934233
2682,0.10062115242918115,0.019138863899215035,0.1600776629561062,0.0636255794357253,0.1423707601500753,0.27423664928251795
2683,0.10062207705675369,0.020233276572594393,0.15718846776648993,0.06355002735175437,0.13693818672972388,0.27107718921799145
2684,0.1006274336748528,0.021857957138257687,0.15812393066651562,0.064595267477123,0.14039735707001277,0.26937916745241103
2685,0.1006209136751686,0.023218768265760192,0.15771538977667643,0.06272287495128775,0.14053384135447305,0.2698894530242685
2686,0.10062256875798835,0.025221071809460746,0.15829797324955547,0.06078022928164158,0.1437134870443345,0.27040020342269044
2687,0.10062210258891463,0.024182373543207354,0.15895245842548789,0.06150718567491642,0.14281982545032396,0.2725303641512234
2688,0.10062248434999047,0.018637210587227785,0.160224485074376,0.06190917084486555,0.14762239923108728,0.2711418851471752
2689,0.10061571347424177,0.019330955776870825,0.15831646615336023,0.06318393256090965,0.1460900810636639,0.26567538483550723
2690,0.1006123208474222,0.02485295388185336,0.1592169285775168,0.060341707947575714,0.1492667965536532,0.2680422812313214
2691,0.10061813132676445,0.023686485851868895,0.15928886590422892,0.06307415897303083,0.14575592149964034,0.2690365172400155
2692,0.10061541898728094,0.022623585268374807,0.16052760112431608,0.06422139724060615,0.1444717038695135,0.2728897022628285
2693,0.10061094167736004,0.020719627505610197,0.16148382533089845,0.061047478019504504,0.1490024089473078,0.2744015890258831
2694,0.10061253198340235,0.019732434604698677,0.162720183286343,0.05978405542080452,0.14879603796712285,0.2795804564711017
2695,0.10061360700067418,0.02061493348276591,0.1616695939612828,0.06300203926780716,0.14819657682628853,0.2738101657897527
2696,0.10060190724248547,0.02157115484197351,0.1611103744636542,0.06286272504256679,0.146905079633157,0.27356331871523876
2697,0.1005949656254909,0.0216650528670093,0.16194835539158176,0.06109005072830936,0.15044000479849054,0.27431501064794533
2698,0.10060034564575865,0.018078348501920763,0.1610946597490641,0.060168294234934055,0.1481291216504276,0.2749865633618306
2699,0.10060160561219328,0.018541326394914688,0.16182107837141282,0.06024402528717196,0.14716870023588324,0.27805050959118327
2700,0.10060314636729052,0.025276703782418548,0.1602501231581689,0.062348011239833794,0.13994996369258025,0.2784523945420926
2701,0.10059944849807083,0.017587782006239658,0.16119661827189666,0.06108446481308787,0.14201179811972817,0.2804935918828738
2702,0.10059829032592749,0.021741253726732124,0.16180847205965296,0.06094899390423147,0.14448737672947012,0.2799890455452573
2703,0.10060068922848202,0.023999864728580844,0.16207239105592447,0.06176478097919279,0.14550756276699114,0.2789448294215895
2704,0.10060351912465244,0.021159084659306944,0.16446519450235159,0.06444674304801451,0.14777100242468408,0.28117783803435614
2705,0.10059827730026834,0.02144957288169603,0.16447964815259258,0.06402808432796403,0.1482417739770138,0.2811690861527999
2706,0.10059734870830325,0.02005397230621058,0.163152406715863,0.06257454765488976,0.14576117063325095,0.2811215018594483
2707,0.10060517729865226,0.02209423117170299,0.1624068741759488,0.06303223610816683,0.14415788957249276,0.2800304968471868
2708,0.10060418123280818,0.020280143524320483,0.16180602635623606,0.06286194544954786,0.14239653152416398,0.2801596020949963
2709,0.10060914091455989,0.02086765532097066,0.15941277764076514,0.062296208506601156,0.13956171020394484,0.27638041421174936
2710,0.10060841509346431,0.017854636138717038,0.16079290886767258,0.06149835052933447,0.1399601019058127,0.2809202741678705
2711,0.10060962521753224,0.019410265475803646,0.16084631536667526,0.061187375108023405,0.14343518576396824,0.27791638522803414
2712,0.10060957974601005,0.02163474532158902,0.16049320686026228,0.06222504193289445,0.14408727888207729,0.27516729976581505
2713,0.10060362304735157,0.020995935136864197,0.16008200165533884,0.06214702849927421,0.1442414390047822,0.2738575374619601
2714,0.10059885675457858,0.020855741701649097,0.16153338550200322,0.06324523946316435,0.14675918423113557,0.27459573281170974
2715,0.10059363287105917,0.021834661668494428,0.16081114414161865,0.0635623122269245,0.14631702398974383,0.2725540962081876
2716,0.10058931921706761,0.022575029892400893,0.15888850131092452,0.062206712669479976,0.1456832009799672,0.26877559028332626
2717,0.1005850570354409,0.024971896644122984,0.15842847503843688,0.06409390613548613,0.14320076238548565,0.26799075659433874
2718,0.10058410755847016,0.01672531701414442,0.1573612956801556,0.06108456293334002,0.14195618767022564,0.26904313643690103
2719,0.10058915690107256,0.019708732083351454,0.16046711668765684,0.06241358030736974,0.14235924297039274,0.27662852678520794
2720,0.1005883424832857,0.02063117428017072,0.16000684451943104,0.06265969672257599,0.1471470630149956,0.2702137738207215
2721,0.1005842293927927,0.023210415803202974,0.16219186025145996,0.06289049292705891,0.14850079963321478,0.2751842881941062
2722,0.10058029777349714,0.02312116409351334,0.1629086939686717,0.06468242022221109,0.14578207884323388,0.2782615828405701
2723,0.10057760379470172,0.02290362309332781,0.1611791676850543,0.06379659998510294,0.14678589467512226,0.2729550083949377
2724,0.10057366846006222,0.024730353827702275,0.16136677555603793,0.0658905569372903,0.1457854225193268,0.2724243472114967
2725,0.10057023087651253,0.01922446480376225,0.1587153840906785,0.06282173819177098,0.14521898140584427,0.26810543267442033
2726,0.10056671507063514,0.020694220299836922,0.16097882179908213,0.06382598761408403,0.14685637564090265,0.2722541021422597
2727,0.10055959401762161,0.021076371783909167,0.16104372639214948,0.06716391399999005,0.14563718637721015,0.2703300787992483
2728,0.100556844157751,0.02041274994795959,0.15916526937323597,0.06516997568981173,0.14415779965864614,0.26816803277125
2729,0.10055728900801494,0.01997718569290863,0.16079871184713074,0.0654692682624937,0.1470235624169187,0.26990330486197983
2730,0.10055758025398487,0.023431069272291542,0.1600970212255891,0.0662093493817576,0.14462661629376242,0.26945509800124723
2731,0.10055187267318923,0.022380612915011096,0.15956275579293633,0.06840616448439832,0.145389152103219,0.2648929507911917
2732,0.1005479891124398,0.021279755670873653,0.16006965578336343,0.06638482268586403,0.14423253465318026,0.26959161001104603
2733,0.10054869005125001,0.021640631599098913,0.16016213588455544,0.0655479494696358,0.14288071945534542,0.27205773872868516
2734,0.10055277365293482,0.018978319546079703,0.1591313356682015,0.06438784923850475,0.14204253606522727,0.27096362170087246
2735,0.1005547258024641,0.024489738658955432,0.16111668049522462,0.06767214372207155,0.1418316239620081,0.2738462738015942
2736,0.10055215124353355,0.02181820964699853,0.16114203225139762,0.06579271486095004,0.14351767203040552,0.27411570986283734
2737,0.10055425634421462,0.022974880520097222,0.159638422348863,0.06527148359249114,0.14244748602947352,0.27119629742462426
2738,0.10055477782008056,0.029972209262617955,0.15980881687694423,0.06631463966375957,0.14263451665241206,0.270477294314661
2739,0.10055372518737087,0.021547828561773886,0.1608860334557394,0.06640657810894272,0.145030626122052,0.2712208961362235
2740,0.10055009930250616,0.02022233479135347,0.16074415144485632,0.0659869510529915,0.14465785174222112,0.27158765153935627
2741,0.10054801458722919,0.02162470197645736,0.15957470093673842,0.06303675079552767,0.14643837148281594,0.2692489805318716
2742,0.10054664091292745,0.019236186338248754,0.1593777949738832,0.060791722722419804,0.14378263498481395,0.27355902721441594
2743,0.10054651099375154,0.024027226903816437,0.15852998022842835,0.06095930636555671,0.14404550147454395,0.27058513284518443
2744,0.1005450942999715,0.01978091401006992,0.15781960190294572,0.06045958091804974,0.1454497431063482,0.2675494816844392
2745,0.10054207837040555,0.022469353823381444,0.16209193049423712,0.06347124979568161,0.14757359802544148,0.2752309436615883
2746,0.10054334628237656,0.024453713308476305,0.16151727018472653,0.06452986666215124,0.14567425186176672,0.2743476920302616
2747,0.10053405451089438,0.018454534543641692,0.16265539596995565,0.06484006271990758,0.1471205008233115,0.276005624366648
2748,0.10053363901940007,0.02263200507113222,0.16311899694346277,0.06392350219752609,0.1483878702443351,0.27704561838852715
2749,0.10052919276554363,0.02196791884091148,0.163244377530065,0.0672966019802183,0.14709489476987933,0.2753416358400973
2750,0.10052966360083855,0.020639064759577344,0.16369271961465504,0.06664015235933103,0.149163245223647,0.27527476126098704
2751,0.10052764088757955,0.021925243084588028,0.16135271083324393,0.06469696166738753,0.14656388548213461,0.27279728535020975
2752,0.10052692695491722,0.02278865074356478,0.16194423119151932,0.06607471650051291,0.14574940440687512,0.2740085726671699
2753,0.1005253130351459,0.023317720839230005,0.16402815826223316,0.06663920407090751,0.1497503346193727,0.27569493609641926
2754,0.10052466640220398,0.020416544430514858,0.1637950697162643,0.06787947824377469,0.15238588544694384,0.27111984545807444
2755,0.10052121953084946,0.0247846940876039,0.1633547230678131,0.06903317947204664,0.1521714886467078,0.26885950108468487
2756,0.10051798595480126,0.0247618625995933,0.163308162896962,0.06712426762198478,0.15167516619059365,0.2711250548783076
2757,0.10051682523163104,0.02469066361335174,0.1626072169134459,0.06643531856616626,0.15032670187778197,0.2710596302963895
2758,0.10051956515706004,0.02102640729052284,0.16384798900473196,0.06642796008074309,0.15398304266418408,0.2711329642692687
2759,0.10052060891395816,0.022071766231854344,0.16229420632720035,0.06540371776278961,0.15163390076331673,0.26984500045549475
2760,0.10051808044132354,0.02075065454000563,0.16205601307029002,0.06418095889245211,0.1498167019412694,0.27217037837714864
2761,0.10051342258719557,0.022825458890550217,0.161381612696597,0.06725233696866577,0.14613120184268225,0.2707612992784431
2762,0.10051102353771105,0.021968041235662428,0.16151456416281512,0.06520072174595648,0.14920582624765266,0.2701371444948362
2763,0.10050659567310509,0.01897339030084295,0.16187957928471086,0.06665575926048388,0.1485674999450653,0.2704154786485834
2764,0.10050759179319863,0.01954799178184911,0.16284445450876112,0.06691789707228382,0.14792772747338437,0.27368773898061516
2765,0.10050825722376192,0.019943357249086267,0.1607603298960924,0.06472959234878323,0.14847235382354593,0.26907904351594797
2766,0.10051130394686733,0.019571672315188672,0.16062882462016362,0.06391679801345725,0.14908391081579253,0.2688857650312411
2767,0.10050969393080358,0.02195847825797899,0.16071414994612343,0.06480728598023087,0.15046739039033913,0.2668677734678002
2768,0.1005074232571687,0.020731841356344084,0.16164413924676052,0.06219523020748698,0.14930547317749304,0.2734317143553015
2769,0.10050966210939587,0.021342376320898145,0.1613179273885481,0.0630854086681995,0.1500041113431209,0.27086426215432385
2770,0.10051264202125432,0.022411393100291173,0.16336214663772383,0.06530285537900897,0.1506755328630373,0.2741080516711252
2771,0.10051378689164502,0.022562803585112028,0.16288277064202134,0.06419784437967137,0.1502870260878164,0.27416344145857624
2772,0.10050657898148857,0.023842502087716554,0.16054708654834243,0.06533747826214288,0.14895186365224247,0.26735191773064193
2773,0.10050496584510757,0.02374821445214986,0.1622838790349375,0.06746189052437296,0.14774353475041832,0.2716462118300212
2774,0.10050342921404162,0.020274513524945244,0.16167630391648505,0.0656533940607513,0.14725005125418905,0.27212546643451474
2775,0.10050533562277919,0.020175355378489208,0.16222160872014052,0.06437868684101147,0.1447052118134861,0.2775809275059239
2776,0.10050734980912393,0.020174475657197162,0.1589037340665844,0.06197862392833752,0.14331025351101648,0.27142232476039924
2777,0.10050465969413955,0.01893148738579571,0.16079936902616745,0.06398252967693753,0.14417572710926888,0.274239850292296
2778,0.10050371360580285,0.01967430814529344,0.16001632178813516,0.06422103151244805,0.1468703006115841,0.26895763324037336
2779,0.10050529735109669,0.027526617070715756,0.15842849378439008,0.06281609379955559,0.14512063312014875,0.26734875443346595
2780,0.10050488236697426,0.021858333156954703,0.15995008090798724,0.06446807415575283,0.14517156173813583,0.27021060683007303
2781,0.10050570518973528,0.021753056989457308,0.1579395780552322,0.06619727827979996,0.14274440062026203,0.2648770552656346
2782,0.1005057525114346,0.019728883018795867,0.1604366792115295,0.0683985626310493,0.1453442194497588,0.26756725555378036
2783,0.10050213752894069,0.02198661773579998,0.15814710452963623,0.06908751334008091,0.14164688141363532,0.2637069188351925
2784,0.10050405835588584,0.021651125223731353,0.15872937794815065,0.0677093712328584,0.14406487038065155,0.26441389223094197
2785,0.10050348688998753,0.022168618533819906,0.15948611085291237,0.06933221839750478,0.14185051700066564,0.26727559716056665
2786,0.10049977929643014,0.022658788029785236,0.1586226690495852,0.07100762183645148,0.14353187488485677,0.2613285104274473
2787,0.10050072091430103,0.016853309587727305,0.1589261923330859,0.06964609722252448,0.14422022111394658,0.26291225866278656
2788,0.10050140252014159,0.02418980933398044,0.1554752611352268,0.06860202337062178,0.13985215182564242,0.2579716082094163
2789,0.10049632076350168,0.019926815100195026,0.15350539207733638,0.06774348175028314,0.13729558138973927,0.25547711309198673
2790,0.1004903684436066,0.020484273888182074,0.15535768629053706,0.06877270446485449,0.13922291427419806,0.2580774401325586
2791,0.10048761022634545,0.018744708258936982,0.15426182433054964,0.06832503893879222,0.1390351522525699,0.2554252818002868
2792,0.10048493971121805,0.022884855882759927,0.15326377428789817,0.06572699762505768,0.1400059353429975,0.25405838989563934
2793,0.10048599064163592,0.026740854684341227,0.15463051681337395,0.06479999521431079,0.1408791892872125,0.2582123659385985
2794,0.10048220518536241,0.024677235509773375,0.15498823467651449,0.06533590548799824,0.14192177622382812,0.2577070223177171
2795,0.10048793461223855,0.025374127812945544,0.15450212721030165,0.06567613444366854,0.14237241139691464,0.25545783579032166
2796,0.10049356819917415,0.02291067485946172,0.15569904504026308,0.06424402958204996,0.14174165385094506,0.26111145168779426
2797,0.1004948978540527,0.025175272602647573,0.15666463918250947,0.06520296681430225,0.14419089749875053,0.26060005323447566
2798,0.10049222471676628,0.02498230904680105,0.15403931974166699,0.06501453560908085,0.14064008718423865,0.2564633364316814
2799,0.10049151074525554,0.021271144860243268,0.15386105345420223,0.06554645042785136,0.14058593865954822,0.255450771275207
2800,0.10049082123852973,0.019999902460291173,0.156032379976308,0.06458055298745587,0.14362159632921193,0.25989499061225607
2801,0.10049338976713762,0.019343049799372892,0.15603093724501466,0.06271285851138961,0.14737274540475678,0.2580072078188975
2802,0.10049176969241762,0.019344111638686858,0.15363947031181452,0.06407296710228577,0.14197500817687914,0.2548704356562786
2803,0.10049431784515156,0.02657458941404601,0.15501378126487564,0.06421303350099777,0.14706699410980473,0.2537613161838244
2804,0.10049010711685838,0.018861972697047966,0.15608947213994737,0.06456058849106214,0.1452749452010456,0.25843288272773435
2805,0.10048951447041894,0.016184849757107753,0.15628602484831552,0.06285934793238009,0.14446818052366253,0.26153054608890397
2806,0.10048866791111342,0.023889974570916534,0.15431223227394428,0.06323252651458182,0.14278875001938235,0.25691542028786873
2807,0.10049184599089576,0.02499465182560356,0.1552589189924389,0.06381288831817394,0.14408717794273357,0.25787669071640923
2808,0.10049226745014057,0.02174587927188175,0.15606289712239274,0.06490184813184709,0.1403879165025432,0.2628989267327879
2809,0.10049250625118476,0.025736716540488078,0.15613657818855955,0.06581192113415606,0.1442541592346135,0.258343654196909
2810,0.10048470370062001,0.024659502835122544,0.1572348242131284,0.066137715746689,0.14597706479928454,0.25958969209341165
2811,0.10048808878829402,0.023940265820562922,0.15637389695108217,0.06720202224304767,0.1460763637565076,0.2558433048536912
2812,0.10048525962756565,0.023220396564071787,0.15745800120024475,0.07074824770749823,0.145804909995541,0.25582084589769505
2813,0.10048254978496787,0.02023602205275405,0.15853919333865624,0.0703877894921356,0.14873150221373171,0.2564982883101014
2814,0.10047978602811888,0.02139058594334782,0.15998706089016063,0.07218824288843577,0.1488576573829559,0.25891528239909023
2815,0.10048329517504205,0.021119114059028565,0.1601960963504543,0.07021064358335569,0.1484828545616809,0.2618947909063263
2816,0.10048573043191668,0.022049848002186134,0.1597185384126579,0.06696998359882017,0.14894617038097296,0.26323946125818054
2817,0.10048692873478035,0.023003753557912558,0.15905563480001303,0.06530002659271772,0.1485725524357763,0.26329432537154507
2818,0.10048586565561908,0.026362460246665827,0.15995032691187258,0.06675664997672497,0.14814375332595275,0.26495057743294
2819,0.1004857930545127,0.020102824360589324,0.15969651467065302,0.06614916560201632,0.1473855931496776,0.26555478526026505
2820,0.10048399248078792,0.01948074184768224,0.15844645409219774,0.06607778647554448,0.14628878864467385,0.2629727871563748
2821,0.10048267691720389,0.018729017415895263,0.16081431205740668,0.06865724631979707,0.14636634867552029,0.2674193411769025
2822,0.10047905160750716,0.02398610047846035,0.15794432694627042,0.06791477844233063,0.14504698203170502,0.26087122036477556
2823,0.10047482889423413,0.020254906034819484,0.1570235460122792,0.06808365895529164,0.14746818115741953,0.25551879792412646
2824,0.10046803673656396,0.021066875267932758,0.15875563467913867,0.0676538212686102,0.14698865157673902,0.2616244311920667
2825,0.10047261820733554,0.019986335865425208,0.15948840987650753,0.06793813932012817,0.1494731910310209,0.26105389927837347
2826,0.10047510905505523,0.026088460080199397,0.15806298383972076,0.06761432824584716,0.1456736313652827,0.2609009919080324
2827,0.10047144629436974,0.023304542852781218,0.15837254023418887,0.06657981011257905,0.14749242922472433,0.2610453813652632
2828,0.10047323078176433,0.02375877876087654,0.16140363678464395,0.0677535098187174,0.14911763424955787,0.26733976628565653
2829,0.10047160370664417,0.020696092726791,0.16011827897736605,0.0701424911546956,0.14510122051564794,0.2651111252617547
2830,0.10047045184959073,0.020731580462747975,0.15983412252665563,0.06782157271492519,0.14170946720866573,0.26997132765637594
2831,0.10046660897664546,0.02298078964697733,0.1577164193952268,0.06469037897681672,0.1432342500696415,0.26522462913922223
2832,0.10047033001708888,0.025116860061868286,0.15787613743011727,0.06379717092681364,0.1450164378093173,0.2648148035542209
2833,0.10047568660061189,0.02137145998503589,0.1571010025645415,0.06678952210782499,0.14506293538790918,0.2594505501978903
2834,0.10047788826178218,0.021719264331053378,0.1582280686827722,0.06692157110009932,0.14788658139237476,0.25987605355584253
2835,0.10047773938344734,0.02017736801650628,0.15713548441803352,0.06754251450039654,0.14613751248620224,0.25772642626750175
2836,0.10047581952315142,0.022187804732858588,0.15581190011476928,0.06918979829785041,0.14381048268696256,0.2544354193594949
2837,0.10047122445998127,0.021647209744527825,0.1553386920740006,0.06549757818529278,0.14113988887406717,0.2593786091626419
2838,0.10047451025703327,0.019997978399796706,0.1526789092202179,0.06504951348378005,0.13920485110433045,0.25378236307254315
2839,0.10047747064247442,0.021539181090834938,0.15231594988820293,0.0631002377567676,0.14028302782515017,0.253564584082691
2840,0.10047392195270925,0.0221649516292236,0.15169975474221964,0.06446741545362068,0.14205204978638114,0.24857979898665705
2841,0.10047473315250346,0.01731146748341963,0.15180522456060513,0.06470993085292946,0.13799354878382006,0.25271219404506573
2842,0.10047106787042032,0.01733147698292053,0.15098484483824667,0.0625934156311322,0.1394492385247288,0.250911880358879
2843,0.1004797616521551,0.020602559255057926,0.1506111736117018,0.0623319870622385,0.1401562033502799,0.24934533042258689
2844,0.10047840640628135,0.018767582815486357,0.15244349525828887,0.06480398180836043,0.14421173544329652,0.24831476852320966
2845,0.10048125196956667,0.026627876944605115,0.15463973762301064,0.06322804905476866,0.14451293667395265,0.2561782271403105
2846,0.10048545701615247,0.024088675569340405,0.15442641127358495,0.06488226046145211,0.14204011186746532,0.25635686149183745
2847,0.10048809947073102,0.018953197172911534,0.1547387627145674,0.06265085923031158,0.14431025046635318,0.2572551784470374
2848,0.10048855363398362,0.019849582240093217,0.1563270966268266,0.06428358797957823,0.1467795704266316,0.2579181314742699
2849,0.10049082876771007,0.02192609768265112,0.15659872070687975,0.06471349401498107,0.14767284396943772,0.25740982413622043
2850,0.10048918867280197,0.020607487447209746,0.15497593494678108,0.06305197760477285,0.14570567847504756,0.25617014876052285
2851,0.10048507632133408,0.020941268389754374,0.15226613765216682,0.06366348124304183,0.14586676877365728,0.24726816293980117
2852,0.10048273921033718,0.020391105022311663,0.15265490676765836,0.06443677754768727,0.14514636888148674,0.24838157387380105
2853,0.10048377882106731,0.02236072084159441,0.15469000819498507,0.061998669329636366,0.14776845662726668,0.25430289862805217
2854,0.10048498431754825,0.026600016552571378,0.15601478625467582,0.06185626833594035,0.14627563067813532,0.2599124597499517
2855,0.10048749413934129,0.018874509663686704,0.155270824299145,0.06379230137890934,0.14743900050994438,0.25458117100858124
2856,0.10048314441621674,0.021931449507856377,0.15398722546985905,0.06100542417820966,0.1482354407441104,0.25272081148725706
2857,0.10048597988356783,0.017757760131765717,0.15552153777796685,0.06443844987990308,0.1456612840468304,0.25646487940716706
2858,0.10048613984597608,0.021767455073367005,0.15660907922362804,0.06319884254900285,0.14882033423003535,0.2578080608918459
2859,0.10048771989403785,0.021532487498986255,0.1583759235455839,0.06668849582252251,0.14945347787047164,0.25898579694375756
2860,0.10048773158731389,0.019974033489852255,0.15833405180296933,0.06710683361613065,0.14711745661790354,0.2607778651748737
2861,0.10047997290080907,0.024308594310963952,0.1563573837756786,0.06471409083124792,0.14695401874525885,0.25740404175052894
2862,0.10048181986502097,0.02291349851522262,0.15512641902702967,0.0641181602557285,0.14727365851982982,0.2539874383055307
2863,0.10048718669978647,0.020571450650797397,0.15583277919546587,0.06335628948821455,0.14804456816614012,0.2560974799320429
2864,0.10048775446699303,0.01906627821065677,0.15121047048877426,0.06017133364660775,0.14606256118497266,0.2473975166347423
2865,0.10048245921838779,0.01798664690185557,0.15506698356357548,0.06583825188403676,0.14799258542716903,0.25137011337952064
2866,0.10048445712734638,0.023830302453834946,0.15502084560258805,0.06096134211854507,0.1504129354723223,0.2536882592168968
2867,0.1004835111335769,0.021774591752534336,0.15482657272526013,0.06125625197573464,0.1482215125222305,0.2550019536778152
2868,0.10048652509192325,0.022395261341672076,0.15646665903083698,0.06361783410318152,0.1478347287503977,0.2579474142389317
2869,0.10049164972100963,0.022298107150373492,0.15471200293321363,0.060684684598465176,0.1479041166764312,0.25554720752474447
2870,0.10049546172907681,0.02060136585864215,0.15487297346863796,0.06334983474185302,0.14484888461597398,0.2564202010480868
2871,0.10049113622999382,0.022826395344771162,0.15494041995803662,0.062230731751128365,0.14646678747715033,0.2561237406458311
2872,0.10049129305704257,0.020173292953736054,0.1556142008510649,0.06317729503077109,0.14694061845207898,0.2567246890703446
2873,0.10049120269097744,0.024633614940681687,0.1553864250815318,0.06501668262471179,0.14617135008683346,0.25497124253305015
2874,0.10049061394335641,0.018904783584586516,0.153057107573925,0.06276114482587962,0.14214379608542327,0.25426638181047206
2875,0.10048625128066138,0.0193300640943625,0.1545009647351913,0.06298846593385764,0.14474025860918005,0.25577416966253613
2876,0.10048884703744407,0.0217887649603529,0.15480531738957234,0.06538681769021226,0.14598725947454572,0.25304187500395897
2877,0.10048679250302005,0.022065184429731478,0.15446651661559185,0.06534544818838424,0.14256382060780945,0.2554902810505818
2878,0.10048651279409909,0.018612486585756264,0.1552408440926071,0.06321808744470586,0.14518473647685728,0.25731970835625817
2879,0.10048259356440027,0.020711969778738144,0.15608593884954639,0.06482393875164247,0.14511903952574468,0.258314838271252
2880,0.10048289931095471,0.0224273145615463,0.1581065172244256,0.06560160174235843,0.14907144726777025,0.25964650266314804
2881,0.10048299445079803,0.019536599233770345,0.15619607988638365,0.06254447179272765,0.14486754907842647,0.26117621878799674
2882,0.10048407072211249,0.02587430237069406,0.15729228308796556,0.06031495928181574,0.14776730845813446,0.26379458152394647
2883,0.10048661486252827,0.02041559724645114,0.1582524610184812,0.06190281531028388,0.14675820418030325,0.26609636356485644
2884,0.10049220885689461,0.019550680080270142,0.15750534109497966,0.06160329126412889,0.14726034002365312,0.2636523919971568
2885,0.10048831331415106,0.02309955207945691,0.15352127838124877,0.058936261811625666,0.13992022379168068,0.2617073495404399
2886,0.10048528958083922,0.01835616990680396,0.15716287157406725,0.06271204859248065,0.1421346961859916,0.2666418699437295
2887,0.10049061511811397,0.02224950729587407,0.15719880310899756,0.06313085941540701,0.14564543737261687,0.2628201125389687
2888,0.10048793506647649,0.017171346792491018,0.1574694234988829,0.06264053615324867,0.144998946616491,0.2647687877269091
2889,0.10048813359465161,0.022304706888685515,0.1579782503968645,0.06082738342868891,0.14116600806474347,0.2719413596971611
2890,0.1004795870703268,0.021525858099839076,0.15694546990282623,0.062418031243040045,0.1417681656165575,0.2666502128488812
2891,0.10048770879941106,0.016505728001214717,0.15675226440028756,0.06047729012110045,0.14410989503353408,0.2656696080462282
2892,0.10048749969405606,0.021906265975810472,0.15930686966020682,0.061466109180566386,0.14503989817733565,0.27141460162271847
2893,0.1004891607335896,0.021492444354775948,0.15737841685220222,0.059151677940923686,0.14472845060765185,0.2682551220080311
2894,0.1004912520930745,0.021330989990146196,0.15666575095708793,0.05758467126219882,0.14652477042706066,0.2658878111820042
2895,0.10049159729218558,0.020333006085346238,0.1557592467592932,0.05809643757646868,0.14106948936975244,0.2681118133316585
2896,0.10049035388149698,0.020090735451802455,0.15404142555064765,0.05725527773718778,0.1398244362500007,0.2650445626647544
2897,0.10048797739166528,0.019793695036361848,0.15304183817741668,0.05775629487187241,0.13547548894108857,0.26589373071928896
2898,0.10048671639995624,0.022383496403545068,0.15305052338383449,0.05679965769663133,0.1365730606644177,0.26577885179045435
2899,0.10049137914065387,0.021282846113964537,0.15395280904935052,0.05731563928955395,0.13858972969899727,0.2659530581595003
2900,0.1004883836570959,0.023984599089097208,0.1546242374199965,0.05729547233143652,0.1352429604579486,0.2713342794706044
2901,0.10048624148816936,0.022710496468567754,0.15271739152851405,0.05746531042505691,0.134511752969721,0.2661751111907642
2902,0.10048772070289609,0.025212407813242545,0.15111612696949936,0.056952953210382615,0.13572102815066706,0.2606743995474484
2903,0.10048873440600635,0.02178945465511298,0.1512782428047366,0.056609239557343684,0.13440685999635388,0.2628186288605122
2904,0.10048540453424884,0.023593259590205088,0.15004581146275492,0.053734871600345194,0.13553465891417746,0.2608679038737422
2905,0.1004816937520969,0.021256541091284508,0.14938529491849223,0.05466262532997211,0.1351501106284961,0.25834314879700837
2906,0.10048120590640086,0.019919746761191747,0.15020050525702147,0.05597212526623373,0.13197669194072406,0.2626526985641066
2907,0.10047926743902616,0.01876317210931908,0.15069852604152179,0.053430155867664315,0.13162050175202086,0.2670449205048802
2908,0.10048632452077917,0.020275921132291805,0.1513827875236248,0.05385009117476088,0.13618064601213925,0.2641176253839743
2909,0.10048920003227511,0.018637123730634624,0.1497836383466085,0.05649476034510421,0.13466526653732372,0.25819088815739755
2910,0.10048889603643302,0.024234376850446146,0.15014453012811474,0.054720422391465455,0.13470446242027265,0.26100870557260614
2911,0.10049728456835268,0.01739912709239301,0.15005262791610177,0.054299618320609255,0.13275994840236038,0.26309831702533565
2912,0.10050498251541179,0.023109236175235914,0.1519594115739982,0.054906962226829455,0.13991551914375144,0.2610557533514136
2913,0.10050721010306392,0.020988375543561102,0.1498294889892189,0.054953849940263935,0.13381516354190753,0.2607194534854852
2914,0.10050929026217509,0.018564131652363362,0.15164320961473352,0.05459677589948424,0.1369585315201426,0.2633743214245737
2915,0.10050738987544675,0.024688886332050953,0.15136082946556015,0.054327777404262735,0.13880012084154372,0.26095459015087397
2916,0.10050758363257865,0.02395958021099596,0.15126874116807693,0.05420332944313752,0.1407284420949256,0.25887445196616754
2917,0.10050776920896941,0.019844300144755567,0.15130761720293417,0.05343148431215241,0.13897835558804758,0.2615130117086025
2918,0.1005132047434832,0.015954391876501026,0.15244337634194688,0.056264969788055424,0.13936589850541217,0.261699260732373
2919,0.10050714870394552,0.02131724772267005,0.1531587444411494,0.05590078349877781,0.14069597718045038,0.26287947264422
2920,0.10050254158799407,0.021248019302721834,0.15398412475518192,0.05773621212312382,0.13966209505572827,0.2645540670866936
2921,0.10050890718638142,0.0187940401049574,0.15628600321386293,0.05513849709135645,0.14247765889282193,0.2712418536574104
2922,0.10051280165880801,0.020033239335667776,0.15483257394839692,0.05641063425949775,0.14120300679720735,0.2668840807884855
2923,0.10051251193654598,0.02021412238512157,0.1533575014924423,0.05261226286658672,0.13875429596663624,0.2687059456441038
2924,0.10051713159545664,0.024751116113212575,0.15606526182648525,0.05817275608891345,0.1434913207410715,0.26653170864947084
2925,0.10051621679234217,0.023705492592601407,0.1575122113867641,0.056844702497761405,0.1424421928804325,0.2732497387820984
2926,0.10052356064995437,0.021355708741946876,0.15548566365485647,0.05781980619159236,0.14040670384316564,0.2682304809298114
2927,0.10052522145980766,0.02075507543963118,0.15308287953349758,0.05775481722400242,0.13962059884628836,0.261873222530202
2928,0.10052624894913513,0.01727484805207335,0.1537169659087678,0.057956502456775146,0.14221720400281884,0.2609771912667094
2929,0.10052015763771326,0.023192025662337898,0.15278967227569035,0.05595789072955852,0.14135526952862593,0.2610558565688866
2930,0.10051899213628951,0.022069393452706552,0.15438466881447857,0.054746339666656915,0.1437272930303474,0.26468037374643144
2931,0.10051604130915512,0.0240747024757022,0.15236688740002183,0.054431501104918775,0.1428306118226238,0.2598385492725229
2932,0.10051465245925471,0.019661256981051915,0.15205981502387517,0.056539496838055835,0.14015784874564502,0.25948209948792467
2933,0.10051538633459943,0.023817324015589728,0.1523917028609961,0.05878777538652858,0.14210639287234672,0.25628094032411297
2934,0.10051360229757257,0.020775683369552107,0.15247578516365326,0.059662203735231685,0.14176434181706102,0.25600080993866714
2935,0.10051328192375455,0.02002766145376096,0.15428602605662542,0.05761046350602471,0.14107030054074332,0.2641773141231083
2936,0.10052243401493295,0.02033568919532779,0.1533313229135592,0.05783118450385742,0.14381436282184568,0.2583484214149745
2937,0.10052835313911244,0.023216354242366337,0.15143771085758323,0.0576917223585436,0.14112794696469722,0.25549346324950895
2938,0.1005279012139804,0.021966554131795872,0.15198314367323545,0.061316156977167295,0.14050340373260514,0.25412987030993395
2939,0.1005297847770883,0.02018244660812851,0.15149401535794735,0.061944687105700315,0.13908955398121836,0.2534478049869234
2940,0.10052857087556914,0.02088272258259057,0.14890363602191167,0.06264022629798664,0.1351190328488781,0.24895164891887023
2941,0.10052864354124075,0.02192134895100105,0.14592265583726155,0.06292771598247242,0.1322253344535505,0.24261491707576183
2942,0.1005289377602633,0.016953441939698263,0.1480717803014967,0.062367372587342,0.13804518115349113,0.24380278716365708
2943,0.10053303952186717,0.021383077701443477,0.1489146295599221,0.062180012823176735,0.13499834441514383,0.2495655314414459
2944,0.10053121206129043,0.021316829184953496,0.15005961549642574,0.06475319497864236,0.13705390331447007,0.24837174819616487
2945,0.10053027804016872,0.018496633898752238,0.14979865468899373,0.06313851984061618,0.13458501124987707,0.25167243297648795
2946,0.10052784692236288,0.02222465804209459,0.14941329902443767,0.060886068925946744,0.13635274718473703,0.25100108096262924
2947,0.10052454097968486,0.01898716405263533,0.14740667493622084,0.06103114694289372,0.13457976970297422,0.2466091081627946
2948,0.10052802663919072,0.019362518495674594,0.1486337585364365,0.06086952028821283,0.13308527775503123,0.2519464775660655
2949,0.1005247673233485,0.025221731047968862,0.14743386219658028,0.06013365873996684,0.1333807271489211,0.2487872007008529
2950,0.10052252875620436,0.02034138602887207,0.14688917340001956,0.05937826366436214,0.13061899033442018,0.2506702662012764
2951,0.1005177996508715,0.019191186279823257,0.14620824850509492,0.06029698431874083,0.13212083879025413,0.24620692240628983
2952,0.10051707007992929,0.0210848435461422,0.14894218027422343,0.06267123207888976,0.1321513453710009,0.2520039633727797
2953,0.10052103795747963,0.02247757868435494,0.14898618677212083,0.062385245918768685,0.13141167436289852,0.2531616400346953
2954,0.10051804587007065,0.021181760864619963,0.14902770276185548,0.06151496175660742,0.13322297442668496,0.2523451721022741
2955,0.10052033580422094,0.02345955543221857,0.14795697117690398,0.05836769175044896,0.1318856288912913,0.2536175928889717
2956,0.10052423147453604,0.021015678369005603,0.14737130622458144,0.059126187405053196,0.1298096679366184,0.25317806333207277
2957,0.10052918058218417,0.021316920968889964,0.14895151265612513,0.06143868371057485,0.13361699174947608,0.25179886250832456
2958,0.10053174198081134,0.020858137877938516,0.15093261499136418,0.061023481154842844,0.13409874881586276,0.257675615003387
2959,0.10052628514507228,0.021454739240581198,0.15008321980917078,0.06320246062373946,0.1333895204178471,0.2536576783859258
2960,0.10052735064495069,0.024795690678659426,0.15107510177624767,0.061112569864901024,0.13311850363000544,0.25899423183383646
2961,0.10052575163469354,0.021792436222874866,0.15069679343375572,0.06135751167994027,0.13432176851465408,0.25641110010667284
2962,0.10052094362859763,0.022932176043054156,0.15152182669335496,0.059887206196768586,0.1345137083113706,0.26016456557192574
2963,0.10052183005081944,0.01958151814177531,0.15027098005586256,0.05774712247938499,0.13195372961720897,0.2611120880709936
2964,0.100514608466152,0.02067395292671188,0.15169249324016354,0.05988092271571262,0.13250048207595294,0.262696074928825
2965,0.10051940413387049,0.02264707559813973,0.15056175978638853,0.06020537645224645,0.1328675219074096,0.2586123809995095
2966,0.1005160487268774,0.019961507501071188,0.1530188718330628,0.06109899772163341,0.13958427967295073,0.25837333810460417
2967,0.10051925547147945,0.022088254563977512,0.15434569204426613,0.06216690858398665,0.14248814533025997,0.25838202221855183
2968,0.10052072466312928,0.022054452182953228,0.15268884837453314,0.060402033820103784,0.13924487918646083,0.25841963211703484
2969,0.10051861786110523,0.018841677226245728,0.15273356845174188,0.06115871981966663,0.139346741971581,0.2576952435639781
2970,0.1005193481417801,0.023480042410938727,0.1527033877918633,0.06031514136105606,0.1397894652429002,0.25800555677163367
2971,0.10051913863554364,0.022979070976387902,0.152110450956164,0.05976753142729309,0.13862292742208243,0.2579408940191165
2972,0.100514454202791,0.02682076008155031,0.1502828218737315,0.060419752242733035,0.13666106896611277,0.2537676444123486
2973,0.1005126148355744,0.021755993549684507,0.15196223980301624,0.06120414492051614,0.13547898410618897,0.25920359038234364
2974,0.10051623504471395,0.020144450321646214,0.15087849794861563,0.06260074509556741,0.13337099308423514,0.2566637556660443
2975,0.10051883758094643,0.017863952070186984,0.14964756186662603,0.06074745417838222,0.1347740164121633,0.2534212150093327
2976,0.10051874868086304,0.020061141165826777,0.14987243434195116,0.06174070524718063,0.13383664206846987,0.254039955710203
2977,0.10052054661953222,0.021099843010588315,0.14618824761056942,0.059712426579812274,0.12572698254714756,0.25312533370474843
2978,0.1005238102024551,0.016618125449303345,0.14631334676404908,0.06226176857353061,0.12994174286793264,0.24673652885068398
2979,0.10052485526613143,0.020750753276891944,0.148498735523248,0.062148708621125495,0.1299321342125231,0.2534153637360954
2980,0.10052936584450352,0.020518010690321876,0.1448009070624114,0.059256508445834265,0.12445600405036658,0.25069020869103337
2981,0.10052938244687423,0.021953227684757146,0.14509181838766025,0.059695007839550396,0.12436134440721601,0.2512191029162144
2982,0.1005345851717537,0.018288504462512244,0.1442655373443706,0.06187355283211361,0.12300745598445863,0.24791560321653947
2983,0.10053227319078692,0.020440993190243124,0.14606800178926932,0.060944321637154665,0.12608419724347003,0.25117548648718324
2984,0.10053746820330477,0.020003774438679674,0.14590072948142938,0.06146103475215097,0.12973611232433938,0.24650504136779772
2985,0.10054020515078656,0.028721932984330633,0.14697681531806242,0.06052960504177287,0.12760554264718899,0.2527952982652254
2986,0.1005370458185093,0.0240977571678878,0.146776967829636,0.058084317747209076,0.1294701493139933,0.2527764364277056
2987,0.10053478930297267,0.023782764224968004,0.14752532611115168,0.0601844371729312,0.1333412354815484,0.24905030567897546
2988,0.10053386423178266,0.0200393034880103,0.14796810539990318,0.06188895800127001,0.13314466310376713,0.24887069509467247
2989,0.1005355327682567,0.02090843839941211,0.1466854916405361,0.0597224850916751,0.1320624925502243,0.24827149727970899
2990,0.10053022261786486,0.023244420255427438,0.14694963009859976,0.06012469876723815,0.13195643019214867,0.24876776133641254
2991,0.10052728483110056,0.02448578807532779,0.1462129073621426,0.05622761318634473,0.12952433631411234,0.2528867725859708
2992,0.10052394559281999,0.0193661029580505,0.14585091446543524,0.05585654741507286,0.12661961320922388,0.25507658277200906
2993,0.10052390002860512,0.021370686015672036,0.14628552851449536,0.058110050386924766,0.12555886680045367,0.2551876683561077
2994,0.10052263449514322,0.020211010324282134,0.14654666010472345,0.056560045636295915,0.12463667366190105,0.25844326101597337
2995,0.1005161351281184,0.02376011806475389,0.14614226550900286,0.05814853984040751,0.12152477959135007,0.258753477095251
2996,0.1005153882443834,0.01917842269826303,0.14650340186736593,0.05977355501634132,0.12403953094744599,0.2556971196383104
2997,0.10051817962468632,0.019489338782636097,0.1472062409550609,0.0582131154642334,0.12618565338224055,0.2572199540187087
2998,0.1005132845202555,0.01821370766015814,0.14686604785289423,0.05666884520543204,0.12615621404801586,0.2577730843052348
2999,0.10051022232154273,0.019321655437129468,0.14856262437562365,0.05737564650680829,0.12758172149408772,0.2607305051259749
3000,0.1005096740276378,0.021391508431917117,0.14803647741835843,0.05835250569699446,0.1281229440250142,0.2576339825330666
